id,rating,reput,worth,wage,ht_cm,preferred_foot,work_rate,pace,shooting,finishing,dribbling
257842,55,1,1022,11.903,173,Right,High,78,47,51,58
237554,70,1,1150,14.077,73 in,Right,Medium,62,33,24,59
199464,67,1,1067,11.903,184,Right,Medium,65,41,38,57
238225,68,1,1129,12.446,70 in,Left,High,60,59,61,69
241687,58,1,1021,10,175,Left,Medium,61,41,41,50
214603,69,1,1021,10,67 in,Left,High,73,50,37,64
230623,67,1,1086,11.359,73 in,Right,Medium,37,67,69,60
261549,48,1,1007,10,162,Right,High,61,26,25,48
258348,60,1,1040,10.082,181,Right,Medium,65,52,53,60
264313,63,1,1048,10.815,70 in,Left,Medium,70,47,46,54
199014,62,1,1022,10.217,180,Right,Medium,59,61,62,55
225555,72,1,1150,16.795,176,Right,High,78,59,52,71
248687,72,1,1353,17.339,188,Right,Medium,65,28,24,38
236177,67,1,1071,12.99,180,Left,Medium,64,67,66,75
189575,83,2,3633,33.648,170,Right,High,81,76,79,87
224458,82,2,4319,74.964,178,Right,High,84,81,84,85
235665,63,1,1071,10.054,185,Right,Medium,71,33,29,40
208622,74,1,1302,24.95,185,Right,High,78,76,76,71
242619,75,1,1612,20.601,180,Right,Medium,70,56,56,73
261704,62,1,1058,10,68 in,Right,Medium,70,44,44,56
237429,70,1,1129,13.534,72 in,Right,Medium,51,31,31,37
261469,58,1,1031,10,65 in,Right,Medium,65,47,51,56
237745,69,1,1066,11.359,72 in,Right,Medium,53,56,56,64
260265,67,1,1086,10,69 in,Right,Medium,65,56,55,65
216463,71,1,1194,12.446,176,Right,High,72,66,69,72
264114,52,1,1008,10,183,Right,Medium,54,54,55,50
222187,53,1,1005,10.815,73 in,Right,Medium,65,45,40,46
228236,75,1,1360,18.97,192,Left,Medium,69,46,37,65
188071,66,1,1060,10.815,170,Left,High,73,56,51,65
241967,66,1,1078,10.272,72 in,Right,High,85,53,56,70
264234,58,1,1035,10,175,Right,Medium,69,44,38,61
243733,67,1,1093,11.359,70 in,Right,Medium,76,54,50,60
217585,67,1,1078,11.359,180,Left,Medium,69,43,34,61
246284,72,1,1360,15.708,173,Right,High,79,46,40,66
257636,63,1,1078,10.815,185,Left,Medium,63,31,18,51
216530,71,1,1064,10.082,75 in,Left,High,64,72,74,68
162891,64,1,1012,10,183,Left,Medium,46,60,58,62
262703,63,1,1021,10.272,188,Right,Medium,51,35,36,47
252435,55,1,1024,10.245,70 in,Right,High,66,38,34,53
202115,67,2,1053,11.903,70 in,Left,Medium,69,46,36,68
230483,72,1,1187,18.97,181,Right,Medium,73,61,61,77
242516,79,1,3020,20.057,189,Right,Medium,85,78,79,79
257753,61,1,1003,10.272,176,Right,High,43,53,48,54
225316,69,1,1122,15.708,194,Right,Medium,70,59,55,59
222969,71,1,1040,14.077,185,Right,Low,48,44,40,69
242578,76,2,2118,25.494,194,Left,Medium,62,39,21,57
234476,70,1,1093,14.077,76 in,Right,Medium,65,68,74,59
257036,60,1,1039,10.054,188,Right,Medium,66,36,31,51
258433,70,1,1230,16.252,174,Right,High,74,58,56,72
259569,67,1,1165,12.446,184,Left,Medium,62,53,54,73
230479,71,1,1158,14.077,174,Right,High,69,63,64,71
262048,54,1,1015,10,71 in,Right,Medium,62,34,28,42
188038,75,1,1259,10.272,186,Right,Medium,61,53,48,63
246608,72,1,1266,24.406,172,Right,High,79,65,67,74
240997,66,1,1129,11.903,190,Right,Low,63,29,21,35
262534,60,1,1024,10.054,194,Right,Medium,59,31,33,45
225402,70,1,1100,13.534,178,Right,Medium,76,58,50,72
149064,69,2,1021,13.534,182,Left,High,60,49,33,67
222300,62,1,1026,11.359,73 in,Right,High,68,43,38,51
209523,74,1,1324,10.272,175,Right,High,83,69,70,74
257208,70,1,1273,15.165,178,Right,High,82,68,69,72
229816,63,1,1040,11.359,194,Right,High,71,63,68,49
243485,53,1,1014,10,175,Right,High,60,54,58,57
260622,65,1,1071,10,73 in,Right,Medium,82,63,65,63
250960,57,1,1026,10.815,182,Left,High,70,46,45,55
252421,61,1,1049,10.815,168,Right,Medium,74,33,28,56
256950,62,1,1019,10.272,188,Right,Low,41,33,35,57
198143,75,1,1396,16.795,174,Right,High,77,67,66,83
222399,67,1,1086,11.903,72 in,Left,High,69,42,37,66
199283,69,1,1071,12.99,175,Left,High,76,64,63,67
252198,55,1,1019,10.272,186,Left,Low,64,27,20,29
238885,67,1,1114,11.359,69 in,Right,Medium,75,66,69,68
238987,66,1,1086,10.815,75 in,Right,Medium,68,41,31,38
244915,76,1,2118,30.386,75 in,Left,Medium,67,36,30,47
240886,62,1,1040,11.359,75 in,Right,Medium,73,29,25,45
189695,63,1,1033,10.815,176,Right,Medium,69,60,59,63
246910,65,1,1129,11.359,69 in,Left,Medium,74,58,55,72
254726,62,1,1028,10,168,Right,Medium,61,53,59,62
234515,72,1,1165,16.252,184,Left,Medium,65,26,22,61
233794,66,1,1093,15.165,174,Left,High,62,66,64,74
257878,65,1,1114,10.272,183,Right,Medium,65,40,30,60
244087,60,1,1039,11.359,182,Right,Medium,59,57,58,64
210475,74,1,1259,21.144,187,Right,Medium,58,51,49,62
234279,66,1,1053,11.903,67 in,Right,Medium,75,48,44,67
216227,65,1,1058,11.903,71 in,Right,High,91,63,65,63
261307,70,1,1252,12.446,179,Right,High,83,65,66,76
251019,67,1,1067,11.359,199,Right,High,64,45,42,37
254814,69,1,1187,12.446,187,Right,Medium,63,47,45,56
231910,69,1,1129,11.903,186,Right,High,78,67,68,68
264425,67,1,1114,10.815,73 in,Right,Medium,76,67,67,72
251636,67,1,1143,12.446,183,Right,Medium,74,41,35,53
262042,63,1,1078,10.815,76 in,Left,Medium,63,30,26,47
224300,66,1,1069,10.815,71 in,Right,Medium,80,45,45,53
230290,62,1,1033,10.815,187,Right,Medium,47,64,63,59
256379,52,1,1011,10,70 in,Left,Medium,63,41,38,49
192906,79,1,1432,19.514,66 in,Right,High,68,82,82,84
230427,75,1,1432,27.124,172,Right,Medium,73,68,65,80
218887,68,1,1114,12.446,179,Right,Medium,66,49,42,64
256711,63,1,1069,10.815,185,Right,High,72,61,64,63
260984,57,1,1031,10,70 in,Right,Medium,60,46,44,64
258523,62,1,1058,10.272,191,Left,Medium,71,26,24,58
252796,61,1,1057,11.903,72 in,Left,Medium,71,61,65,64
177003,87,4,3308,113.019,172,Right,Medium,73,76,72,85
193027,69,1,1078,10.054,66 in,Right,High,71,58,61,80
239378,68,1,1194,15.165,180,Right,Medium,62,69,70,66
243788,68,1,1179,11.903,175,Left,High,75,59,59,71
246452,58,1,1030,10.217,72 in,Right,Medium,61,34,28,50
245132,73,1,1468,10.082,187,Right,High,63,38,38,46
237424,69,1,1158,12.446,180,Right,Medium,63,60,63,71
199236,71,1,1114,13.534,177,Left,Medium,87,49,38,68
256136,72,1,1396,10.136,67 in,Left,High,83,67,65,77
208989,67,1,1071,12.446,185,Right,Medium,81,66,68,66
200918,70,1,1114,18.97,71 in,Right,Medium,80,65,64,68
236368,71,1,1194,15.165,184,Right,Medium,66,59,58,70
256556,53,1,1019,10,181,Left,High,69,42,39,58
237916,66,1,1136,15.165,173,Right,High,67,62,59,72
244505,57,1,1026,10.272,183,Right,Medium,68,59,62,49
247719,55,1,1012,11.359,183,Right,Medium,67,49,52,58
237368,65,1,1071,10.815,74 in,Right,Medium,33,39,36,55
215332,73,1,1215,17.339,71 in,Right,High,84,71,71,74
244118,63,1,1033,10.815,176,Left,Medium,76,60,59,72
204709,70,1,1114,12.99,180,Right,High,65,72,72,70
207956,70,1,1129,14.621,69 in,Right,Medium,79,62,59,73
262919,57,1,1024,10,74 in,Right,Medium,61,23,19,24
252715,62,1,1040,10.815,185,Right,Medium,73,61,61,63
236633,63,1,1049,10.815,70 in,Right,Medium,75,59,59,64
234741,73,1,1432,18.97,169,Right,High,69,67,63,68
261000,64,1,1057,10,175,Right,Medium,69,57,59,64
259442,59,1,1048,10,190,Right,Medium,54,32,28,55
201389,76,2,1504,33.648,185,Left,Medium,75,65,58,73
199266,69,2,1100,11.903,74 in,Right,High,64,67,65,71
259268,60,1,1046,10.815,180,Right,Medium,84,57,60,63
211872,69,1,1086,13.534,72 in,Left,High,71,61,54,67
224718,73,1,1259,29.843,180,Right,Medium,64,63,60,69
234376,72,1,1223,16.252,178,Right,High,80,71,67,76
261327,64,1,1057,10,170,Right,High,77,61,60,66
259030,53,1,1016,10.082,67 in,Right,Medium,66,42,40,50
228508,65,1,1051,11.359,181,Right,Medium,58,42,40,57
194759,65,1,1042,11.903,191,Left,Medium,54,27,17,50
259619,56,1,1026,10,69 in,Right,Medium,62,57,60,67
244961,58,1,1033,10.272,71 in,Right,High,78,24,22,50
242322,63,1,1040,11.359,178,Left,Medium,73,62,63,63
210831,72,1,1194,17.339,175,Right,High,68,60,48,70
247266,67,1,1093,11.359,73 in,Right,Medium,52,27,26,46
251224,57,1,1026,10.815,72 in,Right,Medium,65,55,58,50
262369,53,1,1014,10.272,180,Right,Medium,64,46,41,52
215162,72,1,1053,15.165,76 in,Right,Medium,40,59,53,48
257438,57,1,1030,11.903,175,Right,Medium,77,58,61,58
260612,55,1,1021,10,180,Right,Medium,62,49,50,55
252929,65,1,1122,12.446,70 in,Right,Medium,74,51,53,67
232822,63,1,1051,10.272,174,Right,Medium,82,56,59,64
255927,57,1,1028,10.163,182,Right,High,62,45,39,57
200949,81,3,2875,66.81,69 in,Right,High,90,79,79,88
170229,62,1,1013,10.815,191,Left,Low,43,28,27,34
223676,69,1,1107,16.795,182,Left,Medium,82,61,62,68
263951,57,1,1028,10.815,188,Right,Medium,71,33,29,46
210688,69,1,1129,16.252,183,Left,Medium,76,68,64,68
259671,62,1,1069,14.077,68 in,Right,Medium,72,60,61,65
237428,63,1,1039,10.272,70 in,Right,Medium,69,54,55,67
235212,85,2,6015,64.092,181,Right,High,95,71,73,84
173434,70,1,1053,13.534,178,Right,Medium,74,65,64,70
200424,69,1,1078,13.534,182,Right,Medium,62,62,60,67
237524,67,1,1086,15.165,191,Right,Medium,65,66,65,62
187069,65,1,1044,11.359,170,Left,Medium,72,49,41,63
224403,68,1,1093,12.446,186,Left,High,72,60,57,66
259537,62,1,1064,10.815,172,Right,Medium,71,59,61,64
261756,66,1,1136,10.815,180,Right,Medium,83,63,61,71
183512,82,2,2587,28.755,71 in,Left,High,83,68,61,72
246467,60,1,1039,10.163,182,Right,Medium,68,51,55,63
207459,61,1,1019,10.217,71 in,Right,High,75,59,61,59
224103,73,1,1432,24.95,171,Right,High,90,54,41,68
257136,63,1,1048,10.272,187,Right,High,86,40,36,64
250989,49,1,1004,10.272,73 in,Right,Low,52,25,20,35
229184,61,1,1049,10.815,72 in,Right,Low,59,38,33,47
193301,82,3,3164,69.528,69 in,Right,High,75,82,83,83
237860,64,1,1093,10.815,175,Left,Medium,84,63,58,66
187013,69,1,1064,20.057,185,Left,Medium,38,50,33,59
264030,50,1,1010,10,180,Right,High,68,35,28,49
243428,60,1,1039,10,183,Right,Medium,61,25,19,41
213956,78,1,2334,52.675,178,Right,High,96,66,66,92
262572,53,1,1015,10.272,70 in,Right,Medium,69,49,51,56
261760,59,1,1019,10,69 in,Right,Medium,57,48,43,58
245148,69,1,1107,14.077,170,Right,Medium,71,68,74,68
229080,57,1,1009,10,170,Right,Medium,69,26,25,45
216283,75,1,1353,21.688,67 in,Left,High,73,59,54,74
244502,57,1,1022,10,73 in,Right,Medium,65,28,24,35
248007,65,1,1026,11.359,174,Right,Medium,67,43,47,60
241303,54,1,1006,10.815,183,Right,Medium,53,51,44,45
222991,67,1,1060,11.359,169,Right,High,77,65,64,68
219777,71,1,1122,18.426,74 in,Left,Medium,59,59,55,54
227900,68,1,1107,12.99,69 in,Right,Medium,78,50,47,69
255803,60,1,1037,10,72 in,Right,Medium,65,24,17,39
220893,59,1,1022,10.815,74 in,Right,Medium,66,57,61,49
259628,51,1,1010,10,183,Right,High,68,48,52,50
239211,69,1,1129,11.903,72 in,Right,High,55,69,72,66
237563,66,1,1122,10.815,189,Right,Medium,83,66,68,67
259568,51,1,1009,10.245,70 in,Right,Medium,54,42,40,50
242306,68,1,1093,10.815,177,Right,Low,72,24,17,64
258421,56,1,1024,10,67 in,Left,Medium,76,32,29,53
262606,56,1,1022,10.815,185,Right,Medium,61,47,49,59
257984,54,1,1019,10.027,175,Right,Medium,67,40,36,53
261551,59,1,1035,10,175,Right,Medium,67,52,55,60
248507,65,1,1122,10.815,72 in,Right,Medium,77,64,68,67
227689,71,1,1158,15.708,175,Right,Medium,80,72,73,67
251042,62,1,1033,10.815,72 in,Left,High,73,55,52,49
256292,67,1,1165,13.534,75 in,Right,Medium,63,57,57,59
261296,51,1,1012,10,73 in,Right,Medium,56,36,32,53
254910,70,1,1165,12.446,170,Right,High,73,66,66,72
261374,63,1,1093,12.446,172,Left,High,71,49,47,62
202341,63,1,1033,11.359,171,Right,Medium,68,59,59,68
261384,55,1,1021,10,180,Left,High,92,43,47,56
241073,69,1,1150,10.027,180,Left,Medium,81,35,32,63
212165,67,1,1066,12.99,181,Right,High,67,61,59,64
203863,59,1,1015,10,177,Right,Medium,64,57,57,62
225100,82,2,4138,64.092,188,Right,Medium,81,30,26,67
259978,68,1,1187,11.359,178,Right,Medium,61,50,48,59
216433,76,1,1648,40.172,74 in,Right,Medium,73,78,77,78
230624,68,1,1086,13.534,191,Right,High,57,67,70,62
152454,61,1,1013,11.903,183,Right,High,63,59,56,61
204259,79,2,2118,38.541,178,Right,High,77,53,51,74
264459,62,1,1062,10.272,173,Right,Medium,69,60,63,67
260478,67,1,1165,11.903,185,Right,Medium,86,59,60,68
214158,71,1,1114,14.621,70 in,Right,Low,62,45,32,57
198740,65,1,1026,11.359,67 in,Left,High,43,58,51,67
254068,68,1,1136,10,166,Right,High,77,64,65,66
236586,67,1,1158,10.815,177,Right,High,86,54,55,67
245981,62,1,1057,10.272,182,Right,Medium,66,47,44,58
183720,62,1,1019,10.815,67 in,Right,Medium,56,58,58,61
251192,61,1,1057,11.903,186,Right,Medium,69,62,64,64
253340,71,1,1042,10.027,167,Right,Medium,68,70,69,72
261994,56,1,1021,10.272,71 in,Right,High,69,58,60,49
205481,68,1,1114,12.99,178,Right,High,80,62,62,67
247985,61,1,1022,10.272,178,Right,Medium,76,58,52,61
212198,88,3,8757,145.637,179,Right,High,75,86,83,83
238961,64,1,1037,10.109,180,Right,Medium,73,29,27,60
247579,53,1,1011,10.272,69 in,Right,Medium,51,27,24,29
236997,69,1,1129,12.99,184,Right,Medium,64,51,45,66
240400,55,1,1019,10.815,183,Right,Medium,67,52,56,53
236459,62,1,1026,10.815,68 in,Right,High,76,34,33,53
246301,63,1,1071,10.272,180,Right,Medium,64,43,38,57
240963,72,1,1172,16.252,181,Right,High,76,72,74,65
251629,63,1,1078,10.815,189,Right,High,71,58,57,63
243273,55,1,1019,11.359,67 in,Left,Medium,69,51,54,56
205157,73,1,1223,20.057,175,Right,High,69,59,56,70
236217,68,1,1122,14.077,192,Right,Medium,78,33,28,62
205929,65,1,1051,10.815,180,Right,Medium,62,58,58,67
260990,61,1,1058,10.109,180,Left,High,66,47,44,65
233848,76,1,2081,23.863,184,Right,High,88,68,69,78
158984,68,1,1016,11.903,172,Right,Medium,60,55,55,59
257916,63,1,1078,11.359,71 in,Right,Medium,67,65,65,64
190059,75,2,1396,10.272,182,Right,High,75,73,72,73
238902,64,1,1028,12.446,185,Right,Low,55,27,22,33
189511,86,4,4247,118.455,189,Right,Medium,42,62,67,81
194017,70,1,1114,21.144,70 in,Right,High,81,69,69,70
200898,63,1,1033,11.359,179,Right,High,68,62,60,63
264228,63,1,1078,10.272,180,Right,High,63,62,67,69
222475,73,2,1316,17.883,189,Right,High,68,62,62,70
264194,57,1,1031,10.027,177,Right,Medium,66,38,37,60
239915,61,1,1057,10.815,190,Right,Medium,45,64,64,52
204353,68,1,1058,12.99,74 in,Left,Medium,54,59,55,65
244537,65,1,1078,11.359,188,Left,Medium,64,27,24,34
234350,67,1,1114,11.359,170,Right,High,85,60,61,65
239800,66,1,1143,15.165,174,Right,Medium,72,33,32,60
194059,66,1,1060,11.359,177,Right,High,58,60,60,67
178287,73,2,1172,30.93,179,Right,High,55,68,69,72
246005,65,1,1114,10.815,180,Left,Medium,72,30,27,61
189472,77,1,1504,23.863,73 in,Right,Medium,56,36,26,40
264206,53,1,1013,11.903,67 in,Right,Medium,67,48,48,54
248809,54,1,1019,10,171,Right,Medium,70,48,46,54
212484,66,1,1071,11.903,173,Right,High,91,58,61,64
193957,63,1,1030,10.815,71 in,Left,High,77,58,58,63
184392,78,2,1721,51.588,182,Right,Medium,70,58,55,72
247970,63,1,1024,10.815,175,Right,Medium,78,57,55,61
225756,59,1,1024,10.19,188,Right,Medium,62,58,60,56
260184,65,1,1114,10.272,66 in,Right,High,69,63,65,67
242212,64,1,1044,11.903,180,Right,High,75,57,57,62
257758,61,1,1026,10.272,69 in,Right,Medium,67,58,57,62
235662,68,1,1179,11.903,74 in,Right,Medium,79,36,32,58
211978,64,1,1048,10.245,189,Right,Medium,51,35,24,57
239995,63,1,1078,11.359,170,Left,High,68,53,51,67
237382,62,1,1064,13.534,73 in,Right,Medium,56,53,49,60
213323,67,1,1060,14.077,74 in,Right,Medium,58,33,32,47
252386,60,1,1046,10.815,70 in,Right,Medium,52,61,64,58
248498,63,1,1093,12.99,68 in,Right,High,73,54,55,76
201991,70,1,1093,12.446,187,Right,Medium,42,47,40,66
212244,73,1,1252,20.601,180,Left,Medium,71,42,35,67
152922,66,1,1019,11.359,182,Right,Medium,39,63,56,66
233029,75,1,1396,17.339,70 in,Right,Medium,77,68,66,77
257529,54,1,1019,11.903,165,Right,Medium,68,39,38,57
256746,61,1,1055,10.272,74 in,Left,High,69,60,60,64
29118,58,2,,10.163,69 in,Right,Low,30,55,56,60
240138,70,1,1114,10.109,73 in,Right,Low,63,34,30,40
118646,64,1,1013,11.903,70 in,Right,Medium,59,66,68,64
233532,70,1,1093,10,175,Right,Medium,64,50,45,60
251392,69,1,1208,19.514,72 in,Right,High,71,64,59,67
193768,66,1,1053,11.359,178,Right,High,69,52,43,63
236611,62,1,1044,11.359,190,Right,Medium,61,61,61,56
262831,61,1,1033,10.815,188,Right,High,73,59,61,59
253553,62,1,1064,10,69 in,Right,High,64,56,51,70
177404,64,1,1021,12.446,178,Right,Medium,47,46,39,56
260802,56,1,1014,10.027,187,Left,Medium,55,30,28,51
256503,64,1,1100,10.815,167,Left,Medium,74,61,64,66
194728,74,2,1302,31.474,192,Right,High,65,74,75,77
263168,60,1,1055,11.903,196,Right,High,62,46,37,58
242533,67,1,1086,11.359,188,Right,Medium,50,37,45,45
255947,62,1,1042,10.272,175,Right,Medium,67,32,26,46
262713,52,1,1012,10.109,68 in,Left,Medium,71,28,22,50
230658,83,2,4391,58.655,67 in,Right,Medium,69,67,59,87
212018,66,1,1051,11.359,72 in,Right,Low,71,29,24,36
263888,58,1,1037,10.245,168,Left,High,92,51,52,58
232094,70,1,1150,12.99,185,Right,Medium,79,70,73,67
250941,66,1,1129,10.815,71 in,Left,High,82,46,40,69
260174,51,1,1009,10,69 in,Right,Medium,78,48,50,50
228997,67,1,1093,16.795,77 in,Right,Medium,53,32,30,54
241184,78,2,2334,41.803,72 in,Left,Medium,81,64,66,73
264260,62,1,1071,12.446,185,Right,High,83,61,62,60
209521,70,1,1100,16.252,71 in,Right,Low,62,49,43,62
254838,61,1,1053,10.272,188,Right,Medium,65,61,63,57
237995,74,1,1685,17.883,168,Left,High,78,64,64,81
220421,77,1,1793,26.037,168,Left,High,88,61,61,74
255140,65,1,1122,12.99,170,Right,High,63,66,70,67
230938,84,3,4571,37.454,183,Right,High,78,74,67,78
225948,73,1,1259,10.109,189,Right,Medium,61,41,42,49
216476,70,1,1107,10.272,68 in,Right,High,87,66,67,70
230921,62,1,1042,10.272,69 in,Right,Medium,70,54,47,66
231356,67,1,1093,10.815,73 in,Right,High,83,52,61,65
237779,62,1,1013,10.815,182,Right,Low,54,29,21,40
179665,68,1,1053,12.446,181,Right,High,62,70,68,67
187077,62,1,1022,11.359,67 in,Right,High,69,61,62,62
192638,79,2,2081,61.373,74 in,Left,High,58,74,70,78
229496,71,1,1093,13.534,186,Right,High,53,34,23,50
244793,68,1,1107,10,79 in,Right,Medium,47,68,70,62
217086,68,1,1071,15.165,68 in,Right,High,74,67,64,69
230237,74,1,1259,16.252,71 in,Right,High,64,59,54,61
192250,65,1,1035,10.217,75 in,Left,Medium,42,40,41,48
223734,69,1,1067,13.534,72 in,Right,Low,52,41,41,43
241670,69,1,1100,19.514,185,Right,Low,56,52,45,61
260233,64,1,1086,10.815,73 in,Left,Low,62,31,23,35
220669,65,1,1078,11.903,178,Right,Medium,82,64,67,65
147846,69,1,1017,12.446,185,Right,Medium,50,52,41,49
227537,72,1,1165,14.077,201,Right,Medium,73,71,77,58
258393,61,1,1055,10.109,69 in,Right,Medium,68,52,52,65
262303,65,1,1058,10.815,179,Right,Medium,71,66,65,65
263421,60,1,1044,10.136,175,Right,Medium,82,50,55,61
264268,68,1,1179,11.359,74 in,Left,Medium,58,32,29,39
211320,77,2,1829,42.346,190,Right,Low,59,40,33,61
259790,66,1,1136,11.359,173,Right,Medium,80,54,52,70
207715,76,1,1576,33.104,70 in,Left,High,77,78,79,81
254279,59,1,1031,10.272,183,Right,Medium,56,31,27,50
235049,65,1,1069,11.903,172,Left,Medium,83,35,29,62
230855,73,1,1201,19.514,189,Right,High,62,32,30,58
258617,58,1,1033,10,197,Right,Medium,55,27,22,34
230358,73,1,1223,15.708,175,Right,Medium,66,50,45,61
184457,67,2,1058,11.903,185,Right,Medium,59,67,67,65
252733,54,1,1015,10,75 in,Right,Medium,55,29,23,45
230259,73,1,1215,20.601,183,Right,Medium,63,53,52,62
225654,60,1,1022,10,74 in,Left,Medium,66,57,58,61
195033,71,1,1129,15.165,71 in,Right,Medium,81,65,65,73
220187,65,1,1071,11.903,169,Right,High,82,63,64,65
191083,72,1,1143,16.795,75 in,Right,High,52,72,76,64
251586,52,1,1011,10.272,178,Right,Low,63,25,22,50
254204,65,1,1107,10,180,Left,Medium,71,38,43,38
227881,63,1,1048,11.359,180,Right,Medium,69,52,51,60
190549,73,1,1194,13.534,187,Right,Medium,65,70,69,69
223918,60,1,1019,10.815,71 in,Right,Medium,66,48,43,58
262591,60,1,1033,10,74 in,Right,Medium,67,41,44,57
258749,55,1,1024,10.027,74 in,Left,High,79,54,55,57
212493,67,1,1086,11.903,182,Right,High,80,64,61,71
213377,65,1,1051,14.077,176,Right,High,77,63,68,59
214659,71,1,1136,14.621,186,Left,Medium,43,29,26,45
190583,67,1,1071,12.446,76 in,Right,High,58,65,68,59
252675,64,1,1049,10.815,76 in,Right,Low,56,32,23,41
203895,80,2,2478,16.795,67 in,Right,High,65,75,75,83
262562,66,1,1129,10,184,Left,Medium,62,26,22,21
251169,60,1,1039,10.272,184,Left,High,64,49,40,57
238391,68,1,1122,10.815,176,Right,Medium,82,40,35,63
198240,72,1,1114,14.077,180,Left,Medium,66,63,58,59
166841,64,1,1014,11.359,178,Right,High,65,56,56,62
222432,57,1,1010,10.815,177,Right,Medium,78,46,34,55
220997,65,1,1060,10.815,177,Right,Medium,80,62,62,66
198133,68,1,1086,17.339,180,Right,Medium,77,65,59,70
209335,68,1,1093,11.359,74 in,Left,High,76,59,56,62
264049,58,1,1037,10,165,Right,Medium,60,54,53,55
246387,69,1,1129,15.165,72 in,Right,Medium,74,43,32,61
235554,66,1,1100,14.077,183,Right,Medium,81,64,61,69
232623,69,1,1143,12.99,171,Right,High,71,61,57,64
209565,63,1,1022,12.99,171,Right,Medium,60,41,36,59
240156,64,1,1066,11.903,69 in,Right,Medium,81,56,61,64
124344,67,1,,11.359,73 in,Right,Low,32,43,30,46
238065,64,1,1067,10.815,72 in,Right,High,80,55,53,67
250765,64,1,1049,11.903,71 in,Right,Medium,67,49,52,63
191857,59,1,1010,10.272,73 in,Right,Medium,63,52,49,53
250932,64,1,1049,10.272,178,Right,Medium,77,52,48,61
246335,69,1,1230,11.359,67 in,Right,High,72,50,42,69
221819,65,1,1042,11.903,180,Left,Medium,70,52,50,65
211096,66,1,1058,10.815,72 in,Right,Medium,71,39,35,56
192634,70,1,1093,13.534,180,Left,High,67,67,63,70
233084,73,1,1468,15.708,175,Right,High,78,64,68,74
247347,57,1,1026,10.272,180,Left,High,63,58,60,51
260149,62,1,1067,10.109,182,Right,Medium,65,52,51,65
257000,68,1,1194,14.077,73 in,Left,Medium,56,28,21,59
201401,66,1,1055,11.359,176,Right,Medium,70,51,40,64
199490,67,1,1071,11.903,67 in,Right,High,80,67,65,63
209075,63,1,1026,10,184,Right,Medium,65,55,52,63
230255,74,1,1259,16.252,72 in,Left,High,70,56,55,71
235618,63,1,1051,11.359,70 in,Right,High,81,39,35,62
255862,71,1,1302,11.903,172,Right,High,77,62,68,74
239881,70,1,1259,14.621,69 in,Right,Medium,76,70,75,72
202078,74,1,1252,14.077,175,Right,High,78,66,61,80
261636,67,1,1150,10.815,186,Right,High,57,71,77,62
221346,61,1,1037,10.19,189,Right,Medium,71,59,58,70
243667,56,1,1024,12.99,171,Right,Medium,71,59,63,55
241187,76,1,2118,14.077,185,Right,Medium,80,52,59,71
252547,61,1,1048,10.272,69 in,Left,Medium,75,34,31,57
241593,54,1,1009,10.815,178,Right,Medium,70,50,48,53
193352,76,2,1504,30.386,72 in,Left,Medium,71,67,58,74
251482,62,1,1064,10.272,70 in,Right,Medium,82,42,43,66
221430,75,1,1468,16.252,182,Right,High,79,79,79,69
260214,63,1,1048,10.217,168,Right,Medium,74,63,62,63
227604,67,1,1107,12.99,75 in,Right,Medium,72,65,66,62
251486,65,1,1066,10.815,74 in,Left,Medium,63,59,55,66
253099,59,1,1039,10.272,170,Left,Medium,73,54,61,54
260044,66,1,1150,12.99,185,Right,Medium,65,67,72,67
263761,57,1,1026,10.815,178,Left,High,72,56,56,60
260167,62,1,1064,10.815,192,Right,Medium,55,33,28,29
223926,73,1,1331,16.252,175,Right,High,75,70,68,77
237592,65,1,1055,11.359,180,Right,High,70,47,42,60
264448,63,1,1044,10.109,173,Right,High,83,60,62,65
262287,61,1,1024,11.359,175,Left,High,78,42,41,57
257112,61,1,1051,10.815,178,Left,Medium,79,58,60,72
240600,62,1,1042,12.99,185,Left,Medium,67,57,54,62
234579,68,1,1122,17.883,177,Right,Medium,84,64,68,70
202422,66,1,1060,11.359,175,Right,Medium,66,54,52,62
240992,67,1,1093,12.446,181,Right,Medium,69,64,67,67
212451,66,1,1055,11.359,70 in,Left,Medium,71,59,56,66
225653,75,1,1504,33.104,184,Right,High,93,70,72,74
254117,64,1,1100,11.359,183,Right,Medium,64,66,71,60
230606,64,1,1060,11.359,184,Right,High,73,59,56,66
190761,73,1,1179,16.795,71 in,Right,High,65,68,60,78
245214,71,1,1143,10.815,175,Right,Medium,83,65,69,72
221293,61,1,1030,10.815,75 in,Left,High,53,58,59,58
258895,62,1,1069,10.815,190,Right,Medium,67,62,63,53
254565,65,1,1107,10.815,172,Right,Medium,73,46,36,62
199982,71,1,1114,15.165,77 in,Left,Medium,43,64,57,63
209519,80,2,2767,41.803,181,Left,High,77,78,80,79
251613,70,1,1244,13.534,173,Right,High,84,45,38,63
223016,68,1,1071,12.99,184,Right,Medium,63,42,33,42
244253,78,1,3020,26.581,193,Right,Medium,66,75,72,74
190311,69,1,1086,22.775,188,Right,High,76,68,72,68
225309,77,2,2081,32.017,71 in,Right,High,68,73,69,85
259220,49,1,1007,10,63 in,Right,Medium,64,40,40,50
221695,70,1,1165,13.534,176,Right,Medium,70,63,52,72
216751,71,1,1114,10.163,174,Right,High,66,38,48,57
208250,77,1,1757,25.494,71 in,Left,Medium,71,77,75,78
213439,72,1,1165,13.534,175,Right,High,60,68,69,73
258953,64,1,1066,10.815,70 in,Left,Medium,76,60,57,65
258167,56,1,1024,10.054,71 in,Left,Medium,64,30,28,48
221050,66,1,1051,10.815,175,Left,Medium,69,49,40,61
241095,80,2,3417,45.608,70 in,Right,High,83,77,76,85
246763,65,1,1114,14.077,183,Right,Medium,70,36,31,64
211384,70,1,1129,20.601,183,Right,High,90,69,71,72
259025,60,1,1042,10.815,170,Right,Medium,71,47,46,65
217714,73,1,1259,14.077,168,Right,High,81,67,67,74
164766,67,1,1037,12.99,185,Left,High,64,51,50,64
212440,65,1,1049,10.815,174,Right,High,72,62,58,69
244600,61,1,1051,10.272,70 in,Left,Medium,67,52,50,65
258812,63,1,1078,13.534,187,Left,Medium,62,33,23,51
247124,71,1,1259,16.795,178,Left,Medium,75,56,53,71
208739,65,1,1049,10.815,175,Right,Medium,77,63,62,67
229889,69,1,1114,11.903,68 in,Left,Medium,81,60,64,77
262353,63,1,1049,10.272,71 in,Right,Medium,59,37,36,46
251585,69,1,1100,13.534,186,Right,High,71,68,71,65
234200,66,1,1078,10.815,72 in,Right,High,65,52,41,62
223981,67,1,1086,11.903,71 in,Left,High,72,54,54,64
225151,73,1,1288,16.795,70 in,Left,High,77,63,57,76
237256,71,1,1273,12.99,183,Left,High,86,66,68,67
238913,62,1,1022,11.903,65 in,Right,Medium,74,47,47,67
208564,71,1,1114,16.252,70 in,Right,High,78,61,56,67
209493,63,1,1035,10.815,186,Right,Medium,67,28,22,52
203362,75,1,1432,34.735,178,Right,Medium,75,74,76,76
242916,72,1,1360,12.99,179,Right,High,78,47,40,68
198429,71,1,1129,10.136,181,Right,High,81,66,68,68
254881,67,1,1071,11.903,170,Right,High,85,62,58,63
196887,64,1,1008,10,69 in,Right,Low,70,35,24,32
188621,67,1,1037,11.903,176,Left,Medium,64,55,47,68
260805,56,1,1022,10.815,70 in,Right,Medium,74,54,57,56
234836,65,1,1078,11.359,180,Right,Medium,65,61,63,66
227530,70,1,1078,14.077,178,Right,Low,63,38,35,59
214365,65,1,1033,10,183,Right,Low,61,28,29,34
257071,59,1,1037,11.903,180,Left,Medium,64,31,28,66
257068,62,1,1067,10.272,68 in,Right,High,83,50,54,63
238004,71,1,1215,13.534,177,Right,High,79,66,68,80
264575,54,1,1017,10,70 in,Right,Medium,69,29,28,45
233383,62,1,1066,10.272,183,Right,Medium,69,22,16,38
264515,60,1,1039,10.815,181,Left,Medium,75,59,62,61
257415,63,1,1044,11.359,180,Right,High,77,59,58,62
224150,66,1,1064,11.359,183,Right,Medium,65,55,51,64
259835,68,1,1078,10,180,Right,Medium,63,35,31,33
236721,72,1,1244,12.446,74 in,Right,Medium,66,52,47,71
236582,64,1,1035,10.815,71 in,Right,High,69,48,38,53
240589,68,1,1194,14.077,74 in,Right,High,73,67,68,63
215995,70,1,1078,12.99,73 in,Right,Low,52,50,43,63
214988,76,1,1576,20.057,68 in,Right,High,79,67,63,75
205892,66,1,1066,11.359,192,Right,Medium,68,63,64,65
192363,67,1,1058,10.815,185,Right,Medium,58,39,32,46
224793,64,1,1058,10.245,71 in,Right,Medium,82,44,45,64
202331,73,1,1194,13.534,174,Left,Medium,66,56,49,75
240104,55,1,1021,10.272,70 in,Right,High,66,46,48,57
244474,68,1,1086,13.534,175,Right,Medium,70,54,48,66
231786,75,1,1468,17.339,73 in,Right,Medium,76,75,76,70
214601,75,1,1353,31.474,71 in,Right,High,75,49,49,65
254247,74,1,1612,32.561,185,Right,Medium,70,75,76,69
229985,58,1,1026,10.815,184,Right,Low,52,29,21,30
240458,76,1,1865,23.863,71 in,Right,Medium,53,64,70,69
244757,65,1,1122,11.359,69 in,Right,Medium,78,31,29,62
200260,81,2,2839,23.863,182,Left,Medium,80,81,80,81
244661,68,1,1187,11.903,175,Right,High,83,40,23,73
247874,55,1,1028,10,68 in,Right,Medium,62,55,58,56
171082,67,1,1033,12.446,179,Right,Medium,64,65,61,71
262726,63,1,1069,10.815,71 in,Right,Medium,78,63,64,63
251439,59,1,1040,12.446,183,Right,Medium,55,51,48,58
264177,50,1,1008,10,176,Right,Medium,66,40,32,48
260339,63,1,1049,10.217,178,Right,Medium,68,52,46,63
228310,66,1,1078,11.359,72 in,Right,Medium,79,43,26,48
202401,68,1,1055,12.99,74 in,Right,Medium,62,67,65,63
237612,59,1,1037,14.077,74 in,Left,Medium,40,27,10,40
242809,61,1,1037,10.272,70 in,Right,Medium,80,53,54,63
252837,74,1,1721,16.252,173,Right,High,83,68,70,82
203569,65,1,1042,10,176,Right,High,77,60,62,63
204820,67,1,1069,11.359,69 in,Left,High,83,61,60,69
255293,60,1,1042,10.815,177,Left,Medium,64,46,36,58
259179,63,1,1078,12.446,178,Right,Medium,79,58,58,68
263313,57,1,1022,10.815,178,Right,Medium,75,51,55,60
260449,60,1,1037,10,70 in,Right,Medium,62,24,22,45
222145,62,1,1028,10.163,73 in,Right,High,59,54,45,58
243669,64,1,1093,13.534,72 in,Right,High,75,62,65,67
242815,68,1,1194,13.534,69 in,Right,High,70,65,65,68
257293,70,1,1244,11.903,188,Right,Medium,65,60,59,69
261287,52,1,1012,10,184,Right,High,64,24,22,55
258977,60,1,1042,10.272,177,Right,Medium,73,44,37,68
241930,68,1,1179,12.446,72 in,Right,Low,67,34,28,45
205072,65,1,1044,10.815,73 in,Right,Medium,66,52,47,60
202305,71,1,1086,14.077,177,Right,High,75,67,67,72
226507,68,1,1129,12.99,175,Right,Medium,79,68,70,65
215817,68,1,1100,11.903,190,Left,Low,55,70,68,61
260138,67,1,1165,10,177,Right,High,78,62,66,70
259651,51,1,1008,10.815,192,Right,Low,57,23,17,25
231352,78,2,3272,36.366,196,Right,Medium,70,78,82,72
260442,61,1,1031,10,177,Right,Medium,61,44,45,52
215410,73,1,1252,17.883,71 in,Right,Medium,55,40,35,48
230457,76,1,1468,18.97,72 in,Right,Medium,67,62,57,59
242749,68,1,1194,16.252,173,Right,High,76,59,59,70
244375,67,1,1078,10,180,Left,High,66,51,39,42
235516,66,1,1078,10.815,70 in,Left,High,80,46,41,63
183993,62,1,1022,10.217,71 in,Right,High,52,59,56,58
219988,69,1,1100,14.621,197,Left,High,49,67,68,69
243842,64,1,1058,11.903,70 in,Left,High,86,57,57,62
262034,48,1,1007,10,66 in,Left,Medium,66,49,52,48
263024,56,1,1022,10.272,69 in,Left,Medium,71,28,23,51
260399,57,1,1026,10.272,73 in,Left,High,64,60,60,55
221974,60,1,1014,10.815,185,Right,Medium,71,46,36,45
243910,59,1,1035,10.815,179,Right,High,70,53,54,60
254989,61,1,1048,10.272,72 in,Right,High,61,23,21,27
237371,65,1,1100,10.815,70 in,Right,Medium,84,58,58,65
237797,67,1,1030,10.815,171,Right,High,75,59,58,68
198946,79,2,1829,55.937,180,Right,Medium,70,56,48,71
238106,63,1,1022,11.359,183,Right,Medium,73,52,53,66
259137,53,1,1014,10,167,Right,High,69,52,55,51
264383,67,1,1150,10,75 in,Right,Medium,79,44,42,46
215569,72,1,1158,19.514,73 in,Left,Medium,60,41,39,45
226537,75,1,1468,34.192,72 in,Left,High,75,73,72,67
226060,70,1,1122,11.903,167,Right,High,89,70,70,71
235157,67,1,1114,12.99,189,Right,Medium,64,67,70,63
261826,60,1,1039,10.054,66 in,Right,Medium,64,50,50,63
239267,68,1,1215,12.99,175,Left,High,88,62,65,73
229182,62,1,1058,12.446,188,Right,High,52,26,22,41
259763,53,1,1015,10.163,183,Left,Medium,64,28,25,44
213893,62,1,1030,10.815,75 in,Right,Medium,65,25,19,41
193740,62,1,1024,11.903,178,Left,Medium,69,50,45,55
216019,72,1,1057,10.19,72 in,Right,Low,44,49,34,60
233978,70,1,1114,18.426,70 in,Left,Medium,66,45,51,49
258750,60,1,1042,10.272,180,Right,Medium,55,51,48,62
264059,59,1,1037,10.272,73 in,Right,Medium,62,50,47,65
205232,65,1,1051,11.359,178,Right,Medium,61,53,47,64
224648,69,1,1086,15.165,182,Left,Medium,75,43,36,60
200793,67,1,1078,12.446,74 in,Left,Medium,66,29,26,56
258439,60,1,1039,10,197,Right,Medium,47,47,43,56
241582,60,1,1028,10,74 in,Left,High,81,49,52,60
238936,64,1,1049,10.272,170,Right,High,83,56,56,65
204447,70,1,1053,11.359,185,Right,Low,50,33,33,42
189958,68,1,1067,10.272,184,Left,High,49,57,60,68
237350,64,1,1037,10.272,176,Right,Medium,69,34,34,57
260454,60,1,1039,10,170,Right,Medium,68,57,59,68
248351,65,1,1114,10.815,173,Right,Medium,88,60,64,65
211514,67,1,1069,12.446,169,Left,Medium,76,51,43,64
239928,65,1,1058,10.272,74 in,Right,Medium,66,29,23,50
229428,70,1,1136,13.534,178,Left,High,78,69,70,77
185018,67,1,1057,11.359,177,Right,Medium,62,65,60,64
202855,67,1,1044,11.903,185,Right,Medium,73,68,66,69
251506,60,1,1019,11.359,182,Right,Medium,61,46,46,56
263425,54,1,1017,10,178,Right,Medium,63,48,48,54
255776,59,1,1040,10.027,172,Right,Medium,63,50,48,58
189303,73,1,1215,10.272,185,Right,Medium,70,73,71,72
208153,68,1,1086,11.359,197,Right,Medium,51,67,67,63
201858,76,2,1540,27.124,68 in,Right,Medium,78,72,72,79
238846,60,1,1024,10.815,180,Left,Medium,75,57,56,63
243793,69,1,1150,12.446,172,Left,High,84,64,63,72
242751,65,1,1107,13.534,188,Right,Medium,64,26,22,41
251139,72,1,1129,15.708,175,Right,High,75,61,55,73
230463,76,1,1338,27.668,70 in,Right,High,77,68,66,76
229207,68,1,1114,11.903,178,Left,High,68,63,66,68
256330,53,1,1013,11.359,183,Right,Medium,77,48,54,56
232256,62,1,1026,10.815,75 in,Right,Medium,49,51,52,56
260846,55,1,1021,10,68 in,Right,Medium,68,40,35,54
262119,60,1,1037,10.163,193,Right,Medium,59,31,26,28
260092,62,1,1062,10,180,Right,Medium,68,62,65,65
257102,53,1,1016,10,65 in,Right,Medium,69,41,39,60
222144,57,1,1010,10.272,69 in,Right,Medium,69,58,59,62
259730,53,1,1013,10,71 in,Right,Medium,67,25,21,21
241027,62,1,1067,10.272,166,Left,Medium,78,55,60,63
236108,74,1,1295,24.406,186,Right,High,75,56,41,59
222148,75,2,1540,23.863,71 in,Right,Medium,65,73,74,80
231570,62,1,1024,10,72 in,Right,Medium,63,34,30,55
248707,57,1,1022,10.082,188,Right,Medium,62,24,18,30
245001,60,1,1039,10,190,Right,Medium,76,55,59,57
235263,66,1,1071,11.359,197,Right,Medium,48,31,26,36
256353,55,1,1022,10.815,183,Right,Medium,72,52,56,58
261763,51,1,1008,10.19,72 in,Right,Medium,57,22,15,23
242573,70,1,1259,11.903,66 in,Right,High,83,63,63,78
264518,51,1,1010,10,70 in,Right,Medium,68,40,34,46
256877,58,1,1035,10.815,70 in,Right,Medium,74,43,45,64
209744,76,2,1360,18.97,173,Left,High,83,51,44,75
240446,65,1,1042,11.359,74 in,Left,High,64,26,24,43
245145,63,1,1066,10.272,183,Right,High,69,37,39,64
247343,61,1,1051,10.815,72 in,Right,Medium,73,58,59,62
245494,62,1,1057,11.359,179,Right,High,67,59,62,62
257787,55,1,1021,10.272,186,Left,High,62,42,32,54
212601,67,1,1086,14.077,185,Right,High,83,66,69,62
263602,60,1,1039,10.109,179,Left,Medium,68,45,33,51
253586,68,1,1129,10,71 in,Right,Medium,59,27,24,48
245761,63,1,1078,10.815,181,Right,Medium,72,55,52,63
250853,55,1,1021,10.272,71 in,Right,Medium,58,46,45,56
223855,65,1,1016,10,71 in,Right,Medium,66,60,55,67
210324,79,2,2262,28.755,69 in,Right,High,75,72,75,78
251902,62,1,1067,10,68 in,Right,Medium,60,57,61,65
193564,66,1,1060,11.903,70 in,Right,Medium,62,68,67,64
197681,68,1,1086,11.903,73 in,Left,Medium,69,59,51,77
230557,67,1,1114,15.165,184,Right,High,77,67,67,71
251110,48,1,1006,10.815,73 in,Right,Medium,64,36,34,42
243249,70,1,1259,18.426,188,Right,Medium,63,67,69,69
260010,52,1,1013,10.815,168,Left,Medium,65,28,22,46
199479,63,1,1028,10.272,191,Right,Medium,53,37,30,55
204344,70,1,1114,14.077,67 in,Right,High,85,64,64,74
260823,68,1,1208,19.514,178,Right,Medium,67,59,50,73
242603,71,1,1280,19.514,78 in,Right,Medium,62,35,30,49
259194,61,1,1051,10.272,187,Right,Medium,65,32,31,55
239119,65,1,1046,11.359,178,Left,Medium,71,56,52,59
201869,66,1,1060,11.359,68 in,Left,Medium,52,52,50,66
244523,70,1,1244,12.99,182,Left,Medium,67,47,31,65
20801,91,5,4247,156.509,187,Right,High,87,94,95,88
252253,55,1,1019,10.272,72 in,Left,High,66,48,52,62
214134,62,1,1031,10.815,183,Left,Medium,68,27,22,50
228946,73,1,1432,21.688,185,Right,Medium,77,66,64,76
243572,65,1,1100,11.359,72 in,Right,Medium,62,29,29,55
211820,64,1,1037,10.272,71 in,Right,Medium,78,47,44,65
211987,67,1,1086,12.99,72 in,Right,Medium,59,46,39,67
230676,65,1,1093,15.165,190,Right,Medium,62,42,38,54
253285,57,1,1030,10,180,Right,Medium,63,49,51,49
203264,64,1,1035,10.815,188,Right,Medium,50,25,16,52
242990,61,1,1024,10.815,76 in,Right,Medium,57,56,53,63
191980,62,1,1019,10.815,182,Left,Medium,68,52,47,59
180903,67,1,1057,10.815,183,Right,Medium,65,63,62,68
205712,63,1,1035,10.815,69 in,Right,Medium,82,59,57,63
230178,69,1,1086,13.534,178,Left,Medium,70,46,44,45
263626,56,1,1022,10.272,71 in,Right,Medium,63,58,60,53
235172,75,1,1865,36.366,69 in,Left,High,86,55,52,78
207984,72,1,1194,26.581,175,Left,Medium,74,69,67,69
259088,65,1,1107,12.446,78 in,Right,Medium,51,30,23,44
261081,65,1,1069,11.359,175,Right,Medium,65,36,36,60
260513,65,1,1024,10,70 in,Right,Medium,64,50,55,60
260372,63,1,1040,10,177,Right,Medium,69,52,47,44
236998,71,1,1194,23.319,72 in,Left,High,70,62,53,73
263577,54,1,1017,10.272,185,Right,Medium,59,21,17,26
215333,83,2,3561,51.588,74 in,Right,High,80,81,88,79
223206,72,1,1172,19.514,169,Right,Medium,76,69,73,68
257972,54,1,1019,10.815,187,Left,Medium,67,43,41,58
236535,68,1,1122,11.359,72 in,Left,Medium,82,53,48,64
216813,73,1,1150,24.406,179,Right,High,62,67,59,67
231007,72,1,1194,10.109,72 in,Right,Medium,65,68,64,74
190425,64,1,1033,10.272,181,Right,High,61,65,66,64
256782,59,1,1040,10.163,70 in,Right,High,70,56,58,65
221867,58,1,1019,10.815,180,Right,High,74,52,55,61
243739,64,1,1037,10.815,73 in,Left,High,65,52,47,67
235636,68,1,1136,10,186,Left,High,54,56,53,68
263807,60,1,1037,12.446,68 in,Right,High,73,37,31,57
234635,66,1,1086,11.903,188,Left,Medium,65,52,40,68
233887,66,1,1086,11.359,186,Right,Low,55,50,44,58
225147,75,1,1504,24.95,69 in,Right,High,80,48,48,67
245281,58,1,1022,10,70 in,Left,High,73,57,58,60
211826,72,1,1114,19.514,187,Left,Medium,59,48,42,59
214366,70,1,1114,10.082,173,Right,Medium,66,63,59,59
231933,62,1,1024,10.082,72 in,Right,Medium,61,41,38,49
207707,75,2,1280,41.259,70 in,Left,Medium,71,56,52,70
243519,66,1,1136,10.815,175,Left,High,78,55,48,71
208919,75,1,1612,14.621,67 in,Left,High,80,65,67,80
225740,57,1,1015,10.815,72 in,Right,Medium,76,27,23,59
201025,68,1,1071,11.903,72 in,Left,Low,63,55,48,61
251770,65,1,1122,11.359,70 in,Left,Medium,82,58,58,66
186715,65,1,1021,10.815,180,Right,High,71,57,57,68
238862,69,1,1114,11.903,188,Right,Medium,54,25,22,44
263293,58,1,1035,10,70 in,Right,High,68,46,49,61
248550,71,1,1280,15.708,72 in,Right,High,68,38,38,50
243284,62,1,1058,11.359,186,Left,Medium,58,31,26,54
202375,66,1,1058,11.903,174,Left,Medium,70,64,58,66
188377,85,3,3814,102.146,183,Right,High,92,63,51,79
235397,64,1,1055,10.815,180,Right,Medium,76,57,55,65
233098,67,1,1143,12.446,181,Right,High,82,46,45,67
263657,53,1,1013,10.027,74 in,Right,High,64,55,55,49
232106,64,1,1093,11.359,71 in,Right,High,77,32,27,63
233170,66,1,1028,10.815,69 in,Right,High,74,50,52,66
238126,73,1,1288,22.775,179,Left,Medium,66,63,70,75
259726,59,1,1035,10.163,170,Right,Medium,54,57,61,60
230423,75,1,1345,22.775,70 in,Right,Medium,58,68,59,70
236551,65,1,1107,10.815,71 in,Right,High,70,38,34,56
232316,66,1,1114,11.903,181,Right,Low,71,33,29,54
257170,69,1,1208,10,189,Left,Medium,69,22,16,26
244889,67,1,1158,11.903,182,Right,Medium,64,54,53,62
224669,64,1,1033,11.903,180,Left,High,68,59,60,66
235800,63,1,1064,10.815,187,Left,Medium,67,29,20,56
248464,57,1,1028,10.272,170,Right,Medium,68,44,43,58
258208,72,1,1345,10.082,175,Right,Medium,80,69,69,73
237435,68,1,1194,28.755,171,Right,High,72,67,71,70
258102,61,1,1048,10.272,178,Right,High,75,58,58,63
226950,63,1,1048,11.359,185,Right,Medium,72,61,63,59
243477,69,1,1230,12.446,186,Left,High,60,69,68,60
214658,69,1,1114,12.446,182,Right,Medium,67,54,51,66
262127,50,1,1006,10,70 in,Right,Medium,61,46,44,52
240176,66,1,1051,11.359,73 in,Right,Medium,40,30,28,32
228757,65,1,1064,10.272,72 in,Right,Low,57,43,41,59
263849,54,1,1019,10.027,69 in,Right,High,70,43,41,58
207722,72,1,1078,14.621,183,Right,High,77,71,70,69
229476,75,1,1504,20.601,189,Right,Medium,66,46,42,63
264325,67,1,1165,21.144,187,Right,Medium,67,66,70,66
165787,62,1,1008,10.815,180,Right,Medium,65,56,52,56
244667,69,1,1100,12.99,176,Right,Medium,74,69,70,66
230445,73,1,1259,16.252,179,Left,Medium,51,75,75,61
237718,65,1,1078,10.815,70 in,Left,Medium,89,62,65,67
198836,70,1,1107,15.708,180,Right,Medium,53,58,52,69
228942,70,1,1136,16.795,184,Right,High,75,57,51,67
193461,72,1,1136,16.795,170,Right,High,87,65,63,72
215871,73,2,1230,15.165,71 in,Right,Medium,77,72,67,77
216643,78,3,2081,39.628,70 in,Right,High,72,59,53,73
256999,52,1,1013,10.163,73 in,Left,Medium,55,26,22,40
239432,70,1,1165,15.165,188,Right,Medium,71,72,70,65
195313,69,1,1078,12.446,184,Right,Medium,46,31,19,44
221621,71,1,1107,12.446,73 in,Right,Low,34,31,30,46
245703,73,1,1468,21.144,76 in,Right,Medium,63,34,27,56
234457,72,1,1230,20.601,69 in,Right,High,77,65,59,74
230213,75,1,1396,25.494,184,Right,Medium,82,51,49,73
221421,63,1,1028,11.359,70 in,Right,High,71,61,61,62
229724,64,1,1051,10.815,72 in,Right,Medium,54,36,23,47
228741,67,1,1071,10,66 in,Right,High,73,61,70,76
239078,66,1,1071,14.077,73 in,Right,Medium,65,67,70,59
246918,69,1,1208,15.165,184,Left,Medium,61,55,49,63
225026,66,1,1078,11.903,184,Right,Medium,69,35,31,54
239922,68,1,1129,11.359,177,Right,High,77,69,73,72
263330,60,1,1044,10.272,173,Right,Medium,67,52,47,63
264203,53,1,1016,10.815,69 in,Right,Medium,62,27,26,45
233514,65,1,1093,10.815,72 in,Left,Medium,69,33,29,47
184200,81,3,2514,35.823,192,Right,Medium,79,81,80,77
210538,70,1,1078,16.795,182,Left,Medium,52,68,66,67
235995,65,1,1107,11.903,72 in,Left,Medium,62,34,31,44
209618,73,1,1187,17.883,72 in,Right,Medium,56,62,61,67
230532,63,1,1033,12.446,182,Left,High,76,58,57,67
165429,72,1,1078,17.339,179,Left,High,71,74,74,68
202201,76,2,1468,22.232,188,Right,High,71,58,46,60
264349,61,1,1058,12.99,187,Right,High,63,59,60,69
230412,64,1,1040,11.903,70 in,Right,Medium,63,35,24,45
204098,63,1,1037,11.359,173,Left,Medium,65,60,58,64
194171,70,1,1093,16.252,177,Right,Medium,74,70,68,72
248039,51,1,1010,10.272,69 in,Left,Medium,60,41,34,48
183228,67,1,1033,11.903,75 in,Right,Medium,42,42,35,44
237086,74,1,1576,26.037,75 in,Right,Medium,77,32,23,54
248673,55,1,1019,10.19,173,Right,Medium,78,32,33,49
263460,56,1,1021,10.815,72 in,Left,Medium,61,29,22,26
242893,61,1,1053,10.245,75 in,Left,Medium,71,58,60,56
233050,67,1,1158,11.359,175,Right,Low,72,56,55,67
254980,62,1,1060,10.815,180,Right,Medium,73,44,36,62
251431,67,1,1158,12.99,187,Left,High,80,66,68,69
232648,63,1,1048,10.815,73 in,Left,High,68,35,30,57
177279,69,1,1060,11.359,173,Left,Medium,68,64,59,64
222492,84,3,5040,66.81,183,Left,Medium,90,81,81,87
203736,75,2,1396,23.319,73 in,Right,Medium,77,74,78,73
231678,65,1,1066,10.136,185,Right,High,63,26,23,64
252508,68,1,1215,10,178,Right,High,74,55,58,74
202620,67,1,1071,11.359,71 in,Right,Medium,70,65,64,65
257147,62,1,1024,10.815,74 in,Right,Medium,65,29,28,30
188879,73,1,1150,22.775,74 in,Right,Medium,59,63,58,69
230202,75,1,1353,16.795,177,Right,High,70,53,51,73
241488,63,1,1071,11.903,70 in,Right,Medium,69,43,39,49
221534,63,1,1042,10.245,71 in,Right,Medium,57,56,52,58
190489,65,1,1049,10.815,177,Right,High,91,60,61,66
261176,66,1,1150,11.903,74 in,Left,Medium,54,67,73,59
238036,63,1,1078,10,69 in,Right,High,71,59,59,63
247376,61,1,1026,10.217,73 in,Right,Medium,61,28,26,28
202102,66,1,1019,12.99,72 in,Left,High,70,57,56,71
237936,69,1,1223,14.077,179,Left,High,82,62,67,73
248297,70,1,1078,10.815,188,Right,Medium,42,55,45,58
247673,61,1,1016,10,72 in,Right,Medium,69,41,48,57
235807,65,1,1107,10.815,72 in,Right,Medium,72,57,53,61
200315,79,2,2226,26.037,178,Right,Medium,89,75,77,83
212523,82,2,3561,42.89,190,Left,High,80,83,81,83
242366,62,1,1060,12.446,73 in,Right,Medium,65,45,41,56
231652,72,1,1230,20.057,189,Right,High,69,71,74,71
259063,53,1,1016,10.027,173,Right,Medium,75,44,44,62
242055,63,1,1040,10.272,187,Right,Medium,71,58,60,67
178603,86,4,4174,61.373,75 in,Right,High,56,59,57,69
251494,62,1,1067,10.272,175,Right,High,83,62,67,57
205089,69,1,1107,11.359,181,Right,Medium,64,63,60,74
263180,65,1,1078,12.446,71 in,Right,Medium,69,67,70,63
234916,69,1,1129,15.165,66 in,Left,High,91,64,60,76
191673,64,1,1016,10.272,176,Right,Medium,44,64,60,63
230812,62,1,1044,10.815,173,Right,Medium,69,53,51,63
244140,62,1,1067,10.272,179,Right,Medium,73,53,55,69
247641,76,1,2226,10.163,69 in,Left,High,83,70,74,82
242405,64,1,1093,10.272,70 in,Right,High,80,56,58,67
201212,63,1,1033,11.359,183,Right,Medium,55,31,24,47
262241,60,1,1024,10.815,180,Left,High,73,32,28,61
243080,65,1,1107,12.446,184,Right,High,61,28,26,55
188335,78,2,2009,28.212,190,Left,Medium,65,78,84,78
250815,57,1,1024,10.272,176,Right,High,83,47,43,61
259406,67,1,1187,11.359,179,Right,Medium,75,63,65,71
253441,60,1,1042,10.082,182,Right,Medium,67,59,61,63
236630,70,1,1136,14.077,180,Right,High,72,70,70,75
243244,68,1,1107,14.077,183,Right,Medium,72,37,25,53
229179,72,1,1179,13.534,69 in,Right,High,86,66,71,75
221692,65,1,1078,10.815,183,Right,High,73,64,67,59
242614,70,1,1158,13.534,190,Right,Medium,61,46,46,53
261495,61,1,1060,10,75 in,Left,Medium,62,36,30,57
260003,54,1,1019,10.136,190,Left,Medium,67,25,23,25
230196,69,1,1100,12.99,177,Right,Low,66,44,39,53
257722,61,1,1030,10.272,71 in,Left,Medium,65,36,31,33
264291,63,1,1078,10.815,178,Left,High,68,48,42,62
255491,62,1,1058,10,170,Right,Medium,66,49,50,56
242364,62,1,1071,11.903,188,Right,High,74,58,57,65
251107,60,1,1039,10.054,69 in,Left,Medium,66,53,53,62
205586,63,1,1037,14.077,180,Right,Medium,81,62,65,60
222188,61,1,1019,11.359,67 in,Right,Medium,79,52,49,60
243007,76,1,1540,10.272,70 in,Right,High,88,67,70,77
214408,73,1,1230,22.775,187,Right,Medium,62,40,35,55
248290,54,1,1014,10,179,Right,Medium,67,45,48,51
224271,72,1,1172,21.688,71 in,Right,Medium,87,68,70,73
229225,64,1,1055,10.815,193,Left,Medium,85,61,63,60
241864,57,1,1024,10.272,185,Right,Medium,58,30,29,42
215338,62,1,1028,10,72 in,Right,High,74,60,58,65
225060,67,1,1060,16.252,71 in,Right,Medium,59,46,43,46
264534,58,1,1031,10,176,Right,Medium,60,52,51,55
247450,73,1,1331,16.252,70 in,Right,High,74,65,61,73
242101,63,1,1051,11.359,73 in,Right,High,68,59,60,58
263068,59,1,1037,11.359,171,Right,Low,72,56,61,65
254130,57,1,1028,10.272,67 in,Right,High,67,51,52,62
196873,65,1,1035,10,181,Right,Medium,68,46,39,55
254646,61,1,1044,10,172,Right,Medium,59,28,26,38
202848,75,2,1432,21.144,176,Right,Medium,84,70,70,81
200845,65,1,1051,10.272,71 in,Right,High,60,64,65,57
167925,64,1,1010,10.109,188,Right,Medium,33,43,41,53
209620,74,1,1324,45.608,71 in,Left,High,77,53,52,73
235970,74,1,1468,17.339,184,Right,Medium,72,73,78,75
231979,64,1,1044,10.815,170,Right,Medium,63,57,55,68
253105,65,1,1071,10.815,69 in,Right,High,76,59,65,68
212692,76,1,1685,10.815,174,Left,Medium,77,72,71,77
215425,62,1,1057,10.19,180,Right,Medium,66,60,60,65
256799,59,1,1039,10.815,72 in,Right,High,67,56,59,58
169575,68,1,1031,15.708,70 in,Right,Low,57,38,40,60
221864,64,1,1042,11.359,73 in,Right,Medium,62,54,61,51
261273,64,1,1093,10.815,174,Right,Medium,80,64,67,68
198489,69,1,1078,11.359,180,Left,High,71,64,63,68
212013,67,1,1062,10,71 in,Right,Medium,69,48,45,59
242381,68,1,1179,11.359,181,Left,Medium,60,54,44,66
260621,58,1,1019,10.19,176,Right,Medium,63,27,21,42
260952,65,1,1129,10,172,Right,High,72,58,60,65
252168,72,1,1215,14.621,181,Left,Low,61,37,32,52
193844,72,1,1136,14.621,169,Right,Medium,64,69,70,73
220481,60,1,1022,10.815,185,Left,Medium,55,21,19,34
217061,69,1,1086,10.054,71 in,Right,High,65,70,74,71
257652,53,1,1014,10,189,Right,Medium,58,24,20,28
217168,72,1,1179,15.165,69 in,Right,Medium,73,49,42,57
244279,56,1,1016,10.109,181,Right,Medium,67,57,54,61
263387,50,1,1006,10.082,69 in,Right,Medium,71,48,49,48
245758,65,1,1114,12.99,71 in,Right,High,73,65,69,72
260810,59,1,1035,10,180,Right,Medium,61,29,28,33
238958,66,1,1136,11.359,74 in,Right,Medium,68,53,42,67
238944,67,1,1071,10.815,71 in,Right,Medium,61,58,57,71
251565,65,1,1129,10.815,179,Right,Medium,72,49,42,73
213105,68,1,1093,12.446,73 in,Right,Medium,53,61,54,64
229949,69,1,1107,13.534,185,Left,Medium,89,69,70,67
202589,65,1,1039,10,72 in,Left,High,67,65,64,67
211536,64,1,1055,10.815,72 in,Right,High,70,59,61,65
237181,62,1,1037,11.359,188,Left,Medium,65,27,24,44
223551,67,1,1058,11.359,74 in,Right,High,62,65,65,64
245159,66,1,1078,10.815,187,Left,Medium,59,34,25,39
230337,77,1,1396,22.232,175,Left,High,82,63,60,76
258442,62,1,1062,10.272,70 in,Right,Medium,68,46,43,55
231292,73,1,1432,22.775,178,Left,High,77,53,53,75
243044,65,1,1122,14.077,175,Right,Medium,72,54,51,62
241935,64,1,1058,10.272,186,Right,Medium,70,33,25,45
244370,60,1,1039,10.272,71 in,Right,Medium,68,58,60,57
179731,69,1,1069,12.446,180,Left,Medium,63,61,50,65
233053,71,1,1252,14.621,70 in,Right,Medium,69,58,50,72
256632,74,1,1648,20.601,71 in,Right,High,84,69,69,78
260007,52,1,1011,10.19,187,Right,Medium,59,52,54,45
252883,60,1,1035,10.815,74 in,Right,Medium,65,44,44,53
239717,69,1,1100,10.027,176,Right,Medium,72,44,46,65
237024,68,1,1165,14.077,72 in,Left,High,70,44,40,70
236025,63,1,1042,11.903,77 in,Right,Medium,53,62,63,59
220746,76,1,1685,10.272,169,Left,High,78,73,74,82
242641,73,1,1468,28.755,70 in,Left,High,75,42,40,75
244703,65,1,1042,11.903,70 in,Right,Medium,56,44,43,51
212806,65,1,1049,10.054,74 in,Right,High,83,64,65,62
259356,63,1,1107,10.272,183,Right,High,62,53,58,68
264440,55,1,1019,10,70 in,Left,High,73,29,29,56
224489,69,1,1187,11.903,187,Right,Low,57,29,22,53
232624,64,1,1040,10.272,181,Right,Medium,78,55,44,66
213868,73,1,1237,20.057,73 in,Right,Medium,73,30,18,57
198019,72,1,1165,14.077,186,Right,Medium,63,74,77,64
50542,68,2,1028,18.426,171,Right,Medium,55,74,74,68
229155,72,1,1223,13.534,72 in,Left,High,71,53,46,71
240455,53,1,1015,10.272,185,Right,Medium,58,25,24,35
207559,67,1,1086,12.446,69 in,Right,Medium,67,56,56,71
262588,51,1,1009,10,75 in,Right,Medium,50,27,24,32
239127,72,1,1237,23.319,178,Left,High,81,55,47,72
263623,60,1,1039,10,174,Right,Medium,69,33,33,59
162240,79,3,1793,21.144,185,Left,High,70,68,64,87
202693,69,1,1114,17.339,192,Right,Medium,67,66,66,65
264154,55,1,1019,10.815,187,Right,Low,55,25,22,22
235247,61,1,1051,10.815,185,Left,Medium,67,61,62,56
244028,65,1,1107,10.245,193,Right,Medium,70,37,31,49
223253,63,1,1044,10.245,71 in,Right,Medium,59,27,22,51
210437,65,1,1064,10.815,185,Right,Medium,55,45,33,67
230736,62,1,1057,10.217,176,Right,Medium,75,62,63,61
239970,73,1,1468,23.863,177,Right,Medium,77,67,68,82
242609,61,1,1026,10.272,163,Right,Medium,69,57,62,61
261378,63,1,1066,10,175,Left,Medium,71,43,33,67
229667,73,1,1179,18.426,175,Right,High,85,69,75,77
211256,82,3,2984,22.775,68 in,Left,High,80,55,55,73
219558,68,1,1093,11.359,71 in,Right,High,89,62,64,68
261454,56,1,1022,10.163,185,Left,Medium,54,58,62,54
226102,67,1,1060,11.359,74 in,Right,Medium,52,37,39,46
189725,74,2,1252,33.104,69 in,Right,High,60,69,64,72
218353,69,1,1086,14.077,184,Right,Medium,60,45,44,51
215818,67,1,1100,11.359,67 in,Right,High,62,59,62,70
199572,71,1,1055,14.077,177,Left,High,70,68,69,70
230964,71,1,1136,16.252,176,Right,High,76,70,70,71
243926,63,1,1030,10.272,184,Right,Medium,79,36,31,57
221434,69,1,1100,12.446,68 in,Right,Medium,67,65,62,71
208120,73,1,1223,14.621,193,Right,Medium,68,71,76,68
211382,75,2,1396,22.232,183,Right,Low,64,55,45,72
207916,69,1,1114,14.077,180,Right,High,73,60,64,65
237438,67,1,1093,11.903,75 in,Left,High,67,66,69,63
196942,74,1,1150,21.144,70 in,Left,Medium,56,65,61,59
262816,58,1,1037,10.815,177,Right,Medium,70,53,53,62
260892,59,1,1035,10.272,70 in,Right,Medium,58,38,33,52
228091,64,1,1078,10.245,187,Right,Medium,54,36,27,41
198031,80,1,2478,20.057,181,Right,Medium,58,79,72,76
239808,73,1,1288,10.136,178,Right,Medium,75,63,59,74
240799,54,1,1016,12.446,71 in,Right,High,60,26,25,53
230360,78,1,2081,16.795,69 in,Right,Medium,78,71,69,76
241788,79,1,2298,20.057,187,Right,High,76,79,81,81
247229,68,1,1187,13.534,188,Right,High,73,32,32,64
244621,77,1,2009,18.426,75 in,Left,High,71,78,81,76
247897,60,1,1028,10.217,69 in,Right,Medium,71,50,44,61
250839,67,1,1158,10,171,Right,Medium,69,50,37,61
240243,79,2,3561,35.823,72 in,Right,Medium,85,78,78,86
236689,61,1,1035,12.99,168,Right,High,59,46,40,64
255769,52,1,1012,10.19,69 in,Right,Medium,77,27,23,47
247668,68,1,1187,11.903,69 in,Left,High,88,61,53,74
221671,75,2,1396,22.775,71 in,Left,High,69,57,52,77
242710,63,1,1086,15.708,183,Right,Medium,77,61,65,61
242915,65,1,1042,10.815,72 in,Left,High,87,62,62,64
216201,81,2,3164,30.93,73 in,Right,High,94,78,77,81
237665,68,1,1107,12.99,177,Right,Medium,79,64,67,70
258711,55,1,1006,11.359,178,Right,High,67,55,54,54
215810,67,1,1078,18.426,71 in,Right,High,77,63,62,73
252974,70,1,1230,11.359,69 in,Right,High,78,65,64,78
234002,69,1,1086,15.708,72 in,Right,Medium,64,54,42,49
239118,67,1,1071,11.903,185,Right,High,58,34,28,39
252332,48,1,1007,10.272,73 in,Right,Medium,56,38,37,44
187042,66,1,1058,10.815,183,Right,High,64,65,59,60
239676,60,1,1039,10.815,178,Right,High,65,54,52,62
239701,70,1,1259,12.99,69 in,Right,High,75,62,58,78
229406,73,1,1230,16.795,72 in,Right,Medium,66,76,72,75
251358,62,1,1033,10.272,70 in,Right,Low,58,43,36,53
254912,65,1,1114,10.272,173,Left,Medium,66,56,58,71
237475,63,1,1071,10.815,178,Right,Medium,65,51,50,60
238062,67,1,1158,10.815,178,Right,Medium,54,46,36,66
253821,62,1,1058,10,172,Right,Low,71,31,29,35
245436,63,1,1042,10.815,167,Right,High,85,57,61,64
192598,79,2,2081,27.124,180,Right,High,84,80,80,78
224620,56,1,1010,11.903,71 in,Right,Medium,71,53,48,56
241793,64,1,1048,11.903,73 in,Right,High,59,61,61,68
246832,68,1,1129,14.621,72 in,Right,Medium,78,65,67,63
253617,66,1,1136,10,177,Left,High,64,54,50,65
254327,65,1,1107,10.815,191,Left,Medium,76,46,43,63
220090,67,1,1058,10.815,190,Right,Medium,59,36,37,46
229123,64,1,1060,11.359,177,Right,Medium,82,59,61,64
261915,54,1,1009,10.272,73 in,Right,Medium,59,27,25,26
240017,72,1,1396,18.426,74 in,Left,Medium,81,70,68,77
237582,69,1,1114,12.446,68 in,Left,High,74,52,46,63
260663,63,1,1086,10.815,170,Right,High,66,62,64,66
227913,63,1,1064,10.815,177,Right,Medium,61,31,23,35
237754,69,1,1100,12.446,182,Right,Low,57,23,16,29
229269,63,1,1046,11.359,180,Right,Medium,64,61,60,63
199439,72,2,1179,20.057,193,Left,Medium,60,73,71,71
260382,60,1,1022,13.534,72 in,Right,Medium,64,44,34,61
238005,64,1,1035,10.815,181,Right,Low,53,48,31,61
257023,52,1,1017,10,66 in,Right,Medium,65,40,39,57
237026,63,1,1066,10.272,184,Right,Medium,63,39,38,65
264223,59,1,1039,10.272,188,Right,Medium,55,31,28,39
263914,56,1,1022,10.272,71 in,Left,Low,59,26,24,28
197954,67,1,1069,11.359,182,Left,High,60,63,60,65
260845,56,1,1024,10.027,73 in,Right,Medium,58,29,24,32
260851,54,1,1016,10.217,71 in,Right,Low,56,24,20,30
260611,63,1,1030,10.815,184,Right,Medium,70,39,41,52
233068,66,1,1040,10.109,71 in,Right,High,67,46,36,48
240981,58,1,1028,10.815,69 in,Right,Medium,60,52,52,62
253953,67,1,1158,11.903,186,Left,High,81,66,68,72
214250,68,1,1086,11.903,183,Right,Medium,92,61,61,70
227978,70,1,1179,14.077,69 in,Right,Medium,75,59,61,75
259669,52,1,1017,10,178,Right,Medium,67,43,42,51
239558,67,1,1158,11.359,178,Right,Medium,70,44,39,62
218054,65,1,1060,11.359,177,Right,High,75,64,62,63
263652,55,1,1019,10.815,73 in,Left,Medium,52,31,30,28
150995,61,1,1006,12.446,74 in,Right,Low,65,38,30,47
228151,72,1,1201,17.339,175,Right,Medium,69,55,50,68
252321,62,1,1067,10.815,179,Left,Medium,83,43,42,49
258590,69,1,1129,13.534,70 in,Right,High,84,65,66,66
255554,51,1,1009,10.136,72 in,Right,High,67,52,56,53
223223,69,1,1078,14.077,183,Right,High,53,68,64,60
172904,68,1,1067,17.339,180,Right,Medium,51,70,67,71
241497,76,1,1721,36.366,67 in,Right,High,82,53,43,76
257699,57,1,1028,10.272,183,Right,Medium,80,52,54,61
213991,75,1,1432,26.037,179,Right,Medium,71,64,56,71
177790,70,1,1053,12.99,189,Right,Medium,57,48,43,60
263317,54,1,1016,10,181,Right,Medium,60,41,29,45
252910,65,1,1122,10.815,175,Right,High,78,67,69,60
261029,56,1,1013,10.054,184,Right,High,59,22,20,45
232658,72,1,1316,15.165,75 in,Right,Medium,54,42,39,60
213203,67,1,1058,10.815,186,Right,Medium,43,33,28,40
177521,62,1,1009,10.163,180,Right,Medium,51,49,40,52
204555,72,2,1100,15.708,74 in,Left,High,64,67,59,79
260328,67,1,1165,10.245,181,Right,Medium,67,55,51,56
242506,62,1,1067,11.903,173,Right,High,80,45,36,60
221394,65,1,1060,12.99,178,Right,Low,62,43,40,57
204850,74,1,1353,10.272,69 in,Right,High,88,69,73,82
239352,63,1,1037,10.082,72 in,Right,Medium,83,61,62,64
262363,59,1,1035,10.272,167,Right,Medium,76,50,49,58
245238,72,1,1353,13.534,74 in,Right,Medium,62,33,28,34
205401,72,1,1172,14.621,174,Right,Medium,72,71,69,78
216193,67,1,1058,11.903,188,Right,Low,41,32,29,41
240777,64,1,1100,14.077,74 in,Left,Medium,58,34,31,68
208626,65,1,1051,11.359,181,Left,Medium,67,65,67,58
211014,71,1,1114,14.621,176,Right,High,84,49,45,67
263435,61,1,1071,10.272,187,Right,High,73,59,67,74
172952,64,1,1013,10.815,188,Right,High,53,57,55,61
233965,74,1,1432,18.97,69 in,Right,High,74,71,73,76
244871,64,1,1093,11.359,177,Right,High,78,58,61,62
253136,68,1,1179,10,185,Left,Low,66,50,35,56
214977,77,1,1721,34.192,178,Right,Low,70,49,42,70
252470,62,1,1066,10.217,69 in,Right,High,85,51,50,62
236530,70,1,1259,12.99,173,Left,High,69,59,56,73
244052,66,1,1136,10.815,178,Right,Medium,67,52,43,66
262916,55,1,1022,10.163,72 in,Left,Medium,81,53,51,58
245278,73,1,1468,13.534,187,Right,High,79,47,42,75
264552,57,1,1026,10,67 in,Right,Medium,67,51,50,55
233222,70,1,1230,14.077,176,Right,Medium,90,56,60,74
251630,64,1,1057,10.815,68 in,Right,Medium,82,56,54,67
254640,57,1,1026,10.815,71 in,Right,Medium,54,30,29,40
245481,60,1,1033,11.359,170,Right,Medium,76,27,24,60
225682,71,1,1122,10.163,67 in,Right,High,73,44,41,54
223764,58,1,1014,10,176,Left,Medium,72,26,23,49
261531,64,1,1093,10,180,Left,Medium,71,33,34,56
197890,71,2,1086,13.534,72 in,Right,Medium,69,41,51,54
190636,68,1,1057,14.077,175,Right,Medium,52,54,39,55
240067,65,1,1051,10.815,173,Right,Medium,69,60,65,68
241953,61,1,1051,11.903,68 in,Right,Medium,66,53,49,59
198715,73,2,1179,15.708,70 in,Right,High,74,74,73,75
241534,63,1,1064,10.815,191,Left,Medium,53,31,29,55
250813,66,1,1136,11.903,73 in,Right,Low,57,30,23,31
263506,58,1,1031,10.272,74 in,Right,Medium,67,47,48,58
219087,75,1,1757,27.668,180,Left,Medium,73,55,48,67
226226,81,1,3561,61.373,177,Left,High,75,76,75,83
237677,59,1,1022,10,70 in,Left,High,57,50,51,60
208817,70,1,1078,12.446,185,Left,Medium,57,66,64,67
255369,52,1,1014,12.446,69 in,Left,Medium,64,52,55,45
261459,55,1,1024,10.163,182,Left,Medium,65,46,49,62
241312,61,1,1035,11.903,183,Right,Medium,73,58,55,59
258291,63,1,1071,10.815,184,Right,Medium,70,42,32,62
254660,71,1,1288,15.165,178,Right,High,76,69,69,69
263334,56,1,1021,10.082,70 in,Right,Medium,64,60,66,52
210147,64,1,1021,11.903,175,Left,Medium,70,45,46,58
223061,75,2,1432,21.688,65 in,Left,High,88,65,65,77
245155,77,1,2659,16.795,70 in,Left,High,88,72,72,82
233057,71,1,1208,14.621,178,Left,High,75,70,70,71
208808,80,3,2478,46.695,174,Right,High,88,78,79,81
257889,73,1,1302,10.054,71 in,Right,Medium,75,57,44,64
258608,70,1,1230,15.708,170,Right,High,87,63,63,78
214991,67,1,1078,10.815,180,Right,Medium,63,64,64,64
224099,68,1,1107,12.446,68 in,Right,High,73,45,39,62
252797,59,1,1035,10.815,177,Right,Medium,66,50,46,66
263786,62,1,1057,10.217,72 in,Right,Medium,58,51,50,59
244680,62,1,1040,10.272,69 in,Right,Medium,66,52,50,66
215568,68,1,1093,11.903,186,Right,Medium,81,70,68,65
231108,74,1,1432,16.252,183,Right,High,75,49,38,61
246434,65,1,1107,10.272,72 in,Left,High,66,53,52,62
245397,59,1,1039,10.272,181,Left,Medium,71,53,46,57
211917,62,1,1017,10.245,178,Right,Medium,45,42,37,48
211048,71,1,1136,10.136,69 in,Right,High,88,68,70,70
223370,68,1,1093,12.446,184,Right,Medium,81,66,67,68
201877,71,1,1165,14.621,172,Right,High,75,54,55,79
230218,72,1,1143,18.426,181,Right,Medium,46,41,33,46
259697,63,1,1030,10,69 in,Right,Medium,62,22,19,21
208159,72,1,1187,18.97,190,Right,High,62,74,74,64
154472,77,1,1259,20.057,74 in,Right,Medium,36,81,81,71
216701,73,1,1071,10.815,185,Right,Medium,58,40,28,30
262341,57,1,1026,10,180,Right,Medium,66,26,24,47
211617,66,1,1058,10.815,73 in,Right,Medium,67,61,63,66
245341,69,1,1215,10.815,180,Right,High,66,60,64,68
241236,68,1,1194,15.165,180,Right,High,84,62,63,71
200302,71,1,1114,15.165,175,Left,Medium,68,45,24,64
248213,65,1,1107,15.165,73 in,Right,Medium,64,28,21,31
208482,54,1,1005,10,180,Right,Medium,65,25,19,42
255255,61,1,1049,10.272,67 in,Right,Medium,55,51,40,57
261503,60,1,1016,10,174,Left,Medium,73,45,41,65
252045,64,1,1093,10.815,172,Right,Medium,74,43,38,61
246646,78,2,3272,33.648,69 in,Right,High,73,58,55,80
241463,73,1,1288,22.232,184,Left,Medium,66,71,74,75
195020,65,1,1048,11.359,70 in,Right,Medium,74,63,62,64
255644,58,1,1031,10.136,74 in,Right,Medium,60,40,39,58
222195,53,1,1006,10.815,72 in,Right,Medium,61,51,59,54
215487,69,1,1143,14.077,184,Right,Medium,74,67,70,71
182228,64,1,1028,10.815,71 in,Left,Medium,66,41,32,55
260523,58,1,1035,10,170,Right,High,76,51,51,61
184901,67,1,1026,11.359,178,Right,High,71,48,47,60
251769,64,1,1086,11.359,180,Right,Medium,64,40,35,63
237566,72,1,1194,10.19,180,Right,High,77,67,69,70
261388,64,1,1055,10.272,190,Right,Medium,55,25,23,31
184156,66,1,1044,12.446,174,Right,High,70,57,54,66
244126,63,1,1071,10.815,72 in,Right,Medium,72,22,16,54
256786,55,1,1021,10.815,191,Right,High,65,54,57,50
262888,58,1,1033,10,69 in,Right,Medium,81,50,55,60
260507,56,1,1012,10,176,Right,Medium,65,56,53,59
259245,66,1,1051,12.446,175,Right,Medium,67,36,28,54
253951,69,1,1136,12.99,74 in,Right,Low,60,32,23,45
240786,61,1,1033,10.815,187,Left,High,75,54,54,58
193283,81,2,2587,28.212,182,Left,Low,75,71,68,73
234679,69,1,1208,28.212,190,Right,High,63,39,23,70
245586,69,1,1215,13.534,174,Left,Medium,72,52,49,58
212932,65,1,1051,11.903,170,Right,Medium,73,59,55,66
122040,64,1,1013,10.054,70 in,Left,Medium,54,62,67,66
259563,61,1,1055,10.272,179,Left,Medium,81,57,57,62
219486,63,1,1040,10.815,75 in,Left,Medium,67,46,46,54
247420,64,1,1086,10.272,166,Right,Medium,71,39,35,63
215052,64,1,1037,11.903,175,Left,Medium,75,32,28,52
259902,63,1,1016,10,175,Right,Medium,64,36,33,39
258512,62,1,1042,10,70 in,Left,Medium,82,39,34,61
186130,71,1,1086,18.97,71 in,Right,Medium,55,34,33,55
230531,70,1,1122,12.99,72 in,Right,Medium,65,51,42,52
264248,62,1,1058,10.815,178,Left,High,80,36,34,59
217157,54,1,1001,10.272,178,Right,Medium,63,42,40,53
264537,57,1,1026,10,176,Right,Medium,70,52,48,65
137242,75,1,1129,11.903,183,Right,High,74,73,70,74
195905,65,1,1008,10,180,Left,Medium,50,40,39,47
234382,65,1,1066,10.272,180,Left,High,74,41,29,59
260980,54,1,1009,10.19,173,Left,Medium,69,54,58,58
191566,68,1,1031,10.815,175,Left,Medium,64,46,31,65
214700,66,1,1057,10.272,177,Right,Medium,61,41,34,51
220579,64,1,1055,10.815,179,Right,Medium,66,52,50,64
215383,68,1,1093,11.359,186,Left,Medium,70,32,27,60
216451,74,2,1259,33.104,170,Right,Medium,64,67,64,74
264519,52,1,1013,10,70 in,Left,Medium,67,25,22,39
2702,58,1,,10.815,73 in,Left,Medium,42,63,60,62
244004,62,1,1069,16.795,180,Right,High,72,59,60,62
253225,66,1,1143,11.359,70 in,Right,Medium,83,66,67,70
215820,66,1,1078,10.815,182,Right,Medium,64,65,65,60
255720,59,1,1033,10,178,Right,Medium,67,35,33,45
220964,64,1,1060,10.272,176,Right,Medium,70,59,58,66
200469,73,1,1208,24.95,70 in,Right,Medium,63,66,63,72
247753,59,1,1035,10.272,183,Right,Medium,54,59,60,56
255272,60,1,1044,10,66 in,Left,High,74,48,48,61
258360,62,1,1040,10.272,193,Right,Medium,55,41,33,57
241418,56,1,1015,11.359,185,Right,High,63,45,43,52
261771,68,1,1208,12.99,69 in,Right,High,74,70,72,72
248434,65,1,1066,10.272,186,Left,Medium,72,64,66,63
255850,59,1,1037,10,69 in,Right,High,76,43,39,53
264501,54,1,1017,10,172,Right,Medium,68,56,59,61
238038,66,1,1129,11.903,71 in,Right,Medium,65,55,52,65
243084,49,1,1004,10.815,69 in,Right,Medium,65,41,38,51
235197,66,1,1122,11.359,165,Right,Medium,81,59,56,69
204908,71,1,1129,10.245,67 in,Right,Medium,86,60,61,75
235355,68,1,1136,11.903,70 in,Right,Medium,75,65,63,68
243391,57,1,1026,15.165,178,Right,Medium,66,44,39,52
220826,71,1,1114,10.815,73 in,Right,Medium,28,55,52,59
183921,71,1,1049,15.708,173,Right,Medium,57,59,59,69
260812,63,1,1037,10,187,Right,Medium,59,25,20,40
242365,64,1,1093,10.815,69 in,Right,High,72,60,59,61
257221,54,1,1017,10.272,71 in,Left,Medium,72,42,42,61
202371,77,2,1685,35.823,191,Right,High,73,74,70,75
261063,50,1,1007,10,174,Left,Medium,53,23,20,53
227612,63,1,1033,10.815,179,Left,Medium,58,60,57,63
158543,66,1,1021,15.708,178,Right,Medium,54,68,68,64
222396,68,1,1107,13.534,73 in,Right,Low,60,44,41,53
239361,71,1,1208,13.534,184,Right,High,62,70,72,66
242528,65,1,1114,11.903,69 in,Right,Medium,66,66,71,63
181989,65,1,1042,10.815,70 in,Right,Medium,59,65,65,64
264468,52,1,1013,10,178,Right,Medium,68,45,43,52
235897,55,1,1011,11.359,65 in,Right,Medium,70,43,44,60
260100,63,1,1086,10.245,69 in,Left,High,76,51,59,61
259970,61,1,1051,10,182,Right,High,63,54,59,64
263038,57,1,1026,10.272,175,Right,Medium,55,51,50,62
261129,53,1,1013,10.136,69 in,Right,Medium,66,52,55,57
230381,74,1,1295,19.514,74 in,Left,Medium,74,63,50,68
190156,74,1,1237,10.19,70 in,Right,Medium,49,65,58,62
241360,56,1,1022,11.359,69 in,Right,Medium,83,44,44,57
193469,78,2,1648,22.775,185,Left,Medium,50,42,37,53
239249,67,1,1158,12.446,185,Right,Medium,44,43,36,63
225712,67,1,1078,12.99,185,Right,High,82,63,62,71
241977,60,1,1019,10.163,73 in,Right,Medium,86,59,61,59
259627,58,1,1033,10.082,74 in,Right,Medium,83,56,59,59
257400,55,1,1022,10,68 in,Right,Medium,68,46,44,55
248752,54,1,1016,10.815,67 in,Right,Medium,78,49,51,50
247000,56,1,1015,10.054,69 in,Left,Medium,66,51,49,55
253177,71,1,1288,13.534,178,Right,High,88,66,62,74
222429,75,1,1504,13.534,65 in,Right,High,69,52,45,67
258964,49,1,1004,10.815,184,Right,Low,56,23,17,25
226035,74,2,1331,14.077,183,Right,High,89,70,69,73
253161,61,1,1042,10.272,72 in,Right,Low,55,30,23,34
254290,62,1,1071,11.359,175,Left,Medium,69,38,37,59
263208,59,1,1035,10.272,176,Right,Medium,71,65,66,60
242655,63,1,1078,11.359,170,Right,Medium,73,53,56,66
234784,65,1,1053,10.815,174,Right,High,66,54,50,61
230432,73,1,1244,26.037,178,Left,Medium,64,76,76,68
246399,61,1,1053,10.272,184,Right,High,70,59,62,58
244509,65,1,1114,14.077,70 in,Left,High,79,58,59,67
207943,68,1,1086,11.903,71 in,Right,Medium,55,60,53,67
246352,73,1,1468,18.97,70 in,Right,Low,61,36,29,53
262579,69,1,1230,10,174,Left,Medium,83,38,38,60
237758,67,1,1100,11.903,182,Left,High,74,58,61,65
252740,63,1,1078,10.815,69 in,Right,High,79,58,61,66
258878,60,1,1022,10.272,182,Right,Medium,63,29,24,44
221714,76,1,1793,37.454,177,Right,High,78,75,77,73
234667,68,1,1086,12.446,181,Right,High,75,43,30,71
221342,75,1,1757,20.601,68 in,Right,High,85,52,53,72
248588,65,1,1129,11.359,182,Right,Medium,66,57,56,62
245992,72,1,1396,33.104,67 in,Right,Medium,67,54,53,72
243589,63,1,1071,10.272,69 in,Left,High,71,41,35,55
237494,68,1,1071,11.903,75 in,Right,Medium,44,40,32,58
259928,67,1,1100,10,177,Right,High,71,27,28,51
200754,70,2,1114,20.601,185,Right,High,66,65,60,69
190535,72,2,1129,14.077,182,Right,Medium,44,66,64,72
237997,74,1,1468,28.212,174,Right,Medium,92,59,65,80
246807,62,1,1053,10.815,200,Left,Low,50,33,29,36
255489,63,1,1051,10,68 in,Right,Medium,61,56,63,64
253013,60,1,1022,10.163,77 in,Right,Medium,60,57,57,57
190972,80,2,2478,22.232,173,Right,High,86,76,76,85
264132,61,1,1053,10.245,69 in,Left,High,81,35,33,55
201978,67,1,1078,11.903,75 in,Right,Medium,61,66,70,60
243133,62,1,1069,10.272,184,Right,High,79,31,26,65
256221,54,1,1017,10.163,171,Left,Medium,60,49,55,45
232843,65,1,1078,10.815,172,Right,Medium,82,56,58,75
208885,64,1,1040,10.815,179,Right,Medium,88,60,62,65
192445,73,2,1215,34.192,75 in,Right,High,64,74,74,67
256037,59,1,1035,11.359,181,Right,Medium,57,54,55,68
261991,57,1,1026,10.245,69 in,Right,Medium,61,49,45,57
260158,67,1,1150,11.903,175,Right,Medium,67,47,41,64
256882,64,1,1107,10.815,184,Right,High,68,64,65,63
204677,69,1,1086,11.903,72 in,Right,Low,36,56,49,66
259716,58,1,1033,10.272,70 in,Left,High,75,42,38,57
242500,65,1,1033,11.359,188,Right,Medium,64,35,31,33
234587,68,1,1100,12.446,71 in,Left,High,74,61,63,69
180593,64,1,1019,10.815,73 in,Right,Medium,78,62,63,64
226006,61,1,1024,10,172,Right,Medium,65,31,28,56
233820,66,1,1114,10.815,188,Right,Medium,74,43,40,55
188674,67,1,1058,12.99,182,Right,High,65,66,66,67
227594,68,1,1100,11.903,72 in,Right,Medium,88,63,63,68
244801,65,1,1051,10.815,187,Left,Medium,46,66,66,58
198420,71,2,1136,18.97,172,Right,Medium,87,69,67,72
236295,74,1,1396,18.97,178,Left,High,64,47,36,73
238504,71,1,1215,15.708,173,Right,High,69,67,65,73
262951,57,1,1016,11.359,72 in,Left,Medium,72,54,57,59
257319,65,1,1122,10.217,69 in,Right,High,87,56,59,68
211434,63,1,1030,10.815,187,Right,Medium,54,33,31,37
213597,73,1,1252,19.514,179,Right,High,79,69,67,74
224088,61,1,1019,10.815,74 in,Right,Medium,55,50,45,55
235944,76,1,1865,20.601,74 in,Left,Medium,71,74,75,76
245428,70,1,1172,11.903,70 in,Left,High,79,32,31,67
224967,72,1,1194,19.514,72 in,Right,Medium,76,72,74,73
233113,74,1,1468,20.601,180,Left,Medium,70,67,66,73
169792,74,2,1259,27.668,185,Right,High,67,76,75,73
242634,62,1,1062,10.19,175,Right,Medium,71,51,46,62
252291,68,1,1165,11.359,181,Left,Medium,63,43,35,61
224421,63,1,1039,10.109,76 in,Right,Medium,65,45,38,54
210724,69,1,1122,11.903,187,Right,High,70,66,67,58
237252,66,1,1060,10.815,183,Right,Medium,78,31,24,60
214998,70,1,1022,12.446,67 in,Right,Medium,55,66,57,63
198611,70,1,1048,10.815,184,Right,Medium,67,69,69,66
206269,69,1,1093,12.446,175,Right,Medium,68,49,39,69
211607,63,1,1042,10.815,174,Left,High,62,57,54,67
256725,67,1,1187,12.99,178,Right,Medium,75,60,68,69
232183,70,1,1100,14.621,65 in,Right,High,85,32,22,64
193561,69,1,1071,11.903,178,Right,Medium,70,57,56,66
186351,75,2,1280,17.339,188,Right,Medium,64,66,60,70
228794,59,1,1016,12.446,68 in,Left,Medium,63,54,51,60
231852,62,1,1030,10.815,71 in,Left,High,62,60,57,64
243871,62,1,1067,10.815,177,Right,Medium,67,53,54,63
234291,65,1,1107,10.272,186,Right,Medium,71,30,29,54
222256,64,1,1057,11.359,178,Right,Medium,70,60,63,68
264043,52,1,1012,10.19,72 in,Right,High,80,26,25,46
226668,69,1,1086,12.99,188,Right,Medium,50,70,73,63
237789,67,1,1071,10.815,72 in,Right,Medium,54,42,38,46
239926,66,1,1093,11.903,182,Right,High,69,59,60,65
241569,74,1,1576,16.252,72 in,Left,Medium,77,50,38,63
260503,55,1,1019,10.272,69 in,Left,High,68,48,48,53
222693,70,1,1122,15.708,69 in,Right,Medium,86,63,65,72
223794,66,1,1064,14.621,176,Right,High,83,61,63,64
257887,63,1,1049,10.217,69 in,Right,Medium,66,56,58,64
215616,73,1,1237,23.319,178,Right,High,72,71,70,74
212196,72,1,1201,21.144,67 in,Right,High,70,70,70,80
259649,48,1,1008,10,67 in,Right,Medium,54,43,41,53
248119,63,1,1078,10.815,179,Right,Medium,76,59,62,62
251349,61,1,1055,10.272,185,Left,Medium,74,61,63,56
226837,58,1,1006,10.815,178,Right,Medium,62,32,28,35
193267,70,1,1030,10.815,70 in,Right,Medium,60,26,20,61
261732,58,1,1033,10,77 in,Right,Medium,72,55,57,56
245719,65,1,1071,10.272,189,Right,Medium,55,46,29,49
227951,67,1,1150,10.815,186,Left,Medium,66,30,22,50
234178,75,1,1540,20.057,72 in,Left,Medium,65,42,39,54
237469,68,1,1122,11.359,178,Left,High,83,37,28,65
113555,62,1,1009,10,178,Right,High,61,60,58,61
260177,61,1,1030,10,180,Right,Medium,67,33,30,50
243945,71,1,1086,16.252,185,Right,High,57,53,49,51
199735,66,1,1011,10.815,73 in,Right,Low,51,44,37,56
199277,67,1,1058,12.446,180,Right,High,45,61,59,65
251897,58,1,1035,10.272,175,Right,Medium,75,43,42,55
248273,51,1,1003,10,183,Right,Medium,70,51,53,51
224546,61,1,1028,11.359,175,Right,Low,75,48,49,58
243238,78,1,1504,10.272,176,Right,High,79,79,82,78
230260,72,1,1150,22.775,67 in,Left,Medium,73,40,22,64
242240,64,1,1093,10.082,176,Right,Medium,71,46,45,56
205961,67,1,1067,11.903,72 in,Right,Medium,58,45,39,64
197975,69,1,1086,13.534,173,Right,Medium,66,57,54,66
219496,74,1,1302,17.339,198,Right,Medium,59,77,81,60
264245,60,1,1039,11.359,72 in,Right,Medium,69,57,61,69
243551,74,1,1396,16.795,176,Left,Medium,77,67,68,78
171087,67,1,1019,10.815,182,Left,Medium,61,56,52,57
210389,67,1,1078,11.359,177,Left,High,78,49,50,63
238619,68,1,1086,11.359,72 in,Left,Medium,64,39,32,54
239496,68,1,1136,14.621,67 in,Right,High,72,65,68,73
232905,77,1,1757,21.144,176,Right,High,89,71,73,77
256148,60,1,1035,10,169,Right,Medium,59,34,32,49
257508,56,1,1024,10.027,183,Left,Medium,64,29,26,27
264293,56,1,1030,10,70 in,Right,Medium,60,39,33,61
191627,76,1,1540,21.688,178,Right,Medium,67,65,65,71
229285,66,1,1086,10.815,179,Right,Medium,80,53,47,62
261233,63,1,1078,10,178,Right,Medium,65,26,24,46
220023,60,1,1017,11.359,186,Left,Low,54,38,33,49
224395,68,1,1086,12.446,71 in,Right,High,79,64,60,68
253396,65,1,1129,12.446,184,Right,Medium,74,66,68,64
243353,65,1,1114,11.903,163,Right,High,75,45,41,71
241993,63,1,1044,10.815,191,Left,Medium,64,34,26,39
243851,72,1,1165,10.19,169,Left,High,82,76,78,77
224540,76,1,1757,18.97,175,Right,Medium,91,74,77,76
260318,63,1,1016,10.272,72 in,Right,High,64,63,64,56
262617,64,1,1049,11.359,170,Right,High,63,44,40,65
239666,61,1,1053,11.903,73 in,Right,Medium,67,61,65,66
216814,75,1,1468,30.386,182,Right,Medium,63,71,68,75
230520,69,1,1122,12.99,180,Right,Medium,64,66,66,72
256482,54,1,1016,10.272,186,Right,Medium,57,27,19,36
258870,62,1,1064,10.272,186,Right,Medium,65,43,40,51
236859,67,1,1062,12.99,174,Right,Medium,58,34,29,47
241039,58,1,1030,10.815,173,Left,Medium,72,40,39,57
239779,62,1,1064,11.359,182,Right,Medium,72,60,65,55
236458,68,1,1107,10,187,Right,Low,63,41,29,44
222878,68,1,1136,14.621,72 in,Right,Medium,79,68,72,65
264564,56,1,1026,10,178,Left,Medium,61,26,22,33
213619,68,1,1028,10.272,178,Right,High,64,67,70,68
199895,67,1,1067,10.272,78 in,Right,Medium,31,44,35,52
238460,69,1,1230,15.708,180,Right,Medium,79,71,73,72
220737,67,1,1046,10.217,73 in,Right,Medium,64,67,69,60
210259,73,1,1223,10.272,191,Right,Medium,54,74,75,69
224538,73,1,1288,14.077,174,Right,High,67,74,73,77
252098,61,1,1008,10,174,Right,Medium,61,39,37,50
259802,67,1,1086,10,178,Right,Medium,76,43,59,52
251776,67,1,1086,10,70 in,Left,Medium,67,32,33,62
263725,64,1,1039,10.815,193,Right,Low,58,35,25,38
240740,77,2,2659,48.87,178,Right,High,82,67,70,83
212219,76,2,1612,21.144,182,Right,Low,71,42,34,67
255932,60,1,1042,10.163,73 in,Right,Medium,55,31,26,28
235329,62,1,1053,10.815,69 in,Right,High,71,35,29,59
244041,64,1,1093,10.272,182,Right,Medium,71,63,66,64
264013,58,1,1012,11.359,70 in,Left,Medium,69,39,36,52
254889,67,1,1071,10.815,66 in,Right,High,73,68,65,65
261112,59,1,1033,10.815,185,Right,Medium,66,48,45,49
260352,62,1,1037,10.272,173,Right,Low,60,31,32,56
168990,65,1,1009,11.359,183,Right,High,37,57,51,56
247279,70,1,1158,15.708,188,Right,High,68,68,69,64
255209,56,1,1021,10.272,69 in,Left,Medium,64,41,30,62
236662,61,1,1055,10.245,188,Right,Medium,70,54,49,67
228321,73,1,1302,21.144,172,Right,Medium,76,56,51,71
194841,70,1,1039,10,180,Right,Low,59,48,45,53
262237,62,1,1062,10.19,72 in,Right,Medium,58,31,25,42
200953,63,1,1033,10.082,181,Right,Medium,78,61,59,62
251243,69,1,1223,15.165,179,Right,Medium,74,58,60,78
189508,72,1,1078,13.534,175,Right,Medium,38,68,66,73
256991,49,1,1007,10,165,Right,Medium,81,43,41,49
232646,73,1,1432,12.99,170,Left,Medium,73,50,48,76
230384,77,1,1865,29.843,180,Right,Medium,82,73,72,84
259913,62,1,1066,10,70 in,Right,Medium,71,59,58,67
204355,74,1,1252,27.124,183,Left,Medium,64,40,41,65
256304,52,1,1010,10,180,Left,High,64,28,27,52
204215,71,1,1122,23.319,185,Left,High,75,69,64,71
226378,73,1,1187,14.077,176,Right,High,62,72,76,68
229851,67,1,1049,15.708,181,Left,Medium,57,37,40,34
232901,64,1,1078,13.534,183,Right,Medium,63,52,48,60
261328,63,1,1039,10,175,Right,Medium,65,59,61,60
264463,63,1,1044,10.815,185,Right,Medium,61,67,68,54
230293,74,1,1252,22.775,182,Right,Medium,71,45,43,71
253799,61,1,1031,10,178,Right,Medium,55,31,35,40
219605,68,1,1100,11.359,175,Left,High,84,56,55,69
234282,67,1,1078,10.815,190,Right,Medium,59,40,39,64
260105,67,1,1165,15.165,191,Right,Medium,69,30,20,50
207616,75,1,1540,33.648,191,Right,Medium,69,31,30,66
262640,54,1,1019,10.027,73 in,Left,High,73,27,25,50
259005,49,1,1006,10.272,69 in,Right,Low,62,58,55,44
216428,70,1,1114,10.136,181,Right,High,76,62,63,77
263968,54,1,1022,10.054,198,Right,Medium,61,28,26,27
247268,65,1,1107,10.815,180,Left,Medium,67,61,62,66
261689,62,1,1062,10.027,73 in,Left,Medium,66,36,28,66
204977,75,1,1280,10.272,173,Right,Medium,83,48,40,66
242058,67,1,1086,11.903,180,Right,Medium,55,50,49,63
214318,67,1,1086,10.815,180,Left,Medium,78,65,65,68
216682,72,1,1165,10.19,67 in,Left,Medium,81,73,74,71
243365,63,1,1040,10.272,186,Left,Low,51,28,19,36
228768,66,1,1100,16.252,177,Right,High,73,62,62,73
259486,64,1,1100,10.815,171,Right,Medium,86,60,61,68
198538,69,1,1086,11.359,191,Right,High,56,58,56,53
171364,65,1,1017,10.815,170,Left,High,72,57,52,63
190915,72,1,1107,18.97,73 in,Left,Medium,60,73,74,67
262311,67,1,1150,11.359,69 in,Right,Medium,74,41,45,63
239405,68,1,1136,11.359,72 in,Right,Medium,66,67,69,68
262412,67,1,1158,10.815,75 in,Right,Medium,58,45,42,55
253351,58,1,1019,10,70 in,Left,Medium,65,37,35,48
252006,60,1,1035,10.815,181,Right,Low,62,39,37,50
262247,53,1,1014,10.109,190,Right,Medium,61,23,17,29
208944,62,1,1008,10.815,72 in,Left,Medium,45,30,26,41
231070,72,1,1150,15.708,69 in,Left,High,74,66,68,59
191556,66,1,1037,11.359,66 in,Left,Medium,47,61,64,66
244933,63,1,1086,14.077,172,Right,High,59,65,64,58
252037,70,1,1266,18.426,185,Right,Medium,73,70,72,73
259459,59,1,1033,10.109,183,Left,Medium,65,34,30,50
242560,64,1,1048,10.272,69 in,Right,Low,66,28,28,28
233993,72,1,1150,18.97,67 in,Right,Medium,78,45,40,61
238920,62,1,1033,10.272,165,Right,High,76,39,29,58
227602,70,1,1114,14.621,184,Right,High,70,63,64,74
248106,68,1,1122,11.903,73 in,Left,Medium,81,45,42,62
246423,73,1,1504,15.708,70 in,Left,Medium,90,70,67,78
263153,63,1,1078,10,183,Right,High,80,62,65,70
244851,67,1,1150,12.446,182,Left,Low,69,36,31,48
191915,65,1,1035,11.359,76 in,Right,Medium,57,38,38,58
254518,55,1,1021,10,69 in,Right,Medium,64,52,53,57
238922,71,1,1172,12.99,186,Left,Medium,71,55,55,72
253207,57,1,1026,10.815,68 in,Right,Medium,70,45,49,55
254143,64,1,,,76 in,Left,Medium,61,39,35,51
241658,62,1,1042,10.815,72 in,Right,High,69,61,62,62
242525,66,1,1114,10.815,72 in,Right,Medium,66,47,43,54
222329,66,1,1078,10.815,174,Right,High,88,57,57,65
223933,64,1,1066,10.815,197,Right,Medium,77,62,63,61
230510,72,1,1187,16.795,172,Left,Medium,79,71,77,77
175941,65,1,1016,10.272,188,Right,Medium,60,29,17,22
205433,62,1,1028,10.19,74 in,Left,Medium,58,40,35,46
224537,73,1,1179,20.601,74 in,Right,Low,49,31,23,47
236279,65,1,1067,10.815,75 in,Right,Medium,52,43,39,51
221753,72,1,1172,18.426,185,Right,Medium,71,57,56,65
254704,59,1,,10.109,177,Right,Low,30,63,66,64
221632,66,1,1055,10.815,73 in,Left,High,73,60,60,59
258262,71,1,1201,10.027,189,Right,High,63,72,67,81
257337,58,1,1019,10.272,183,Right,High,62,59,62,58
244091,60,1,1037,10,182,Right,Medium,64,34,31,48
245531,55,1,1021,10.815,70 in,Right,Medium,71,41,35,57
232729,72,1,1165,16.252,71 in,Right,High,83,71,73,68
210533,72,1,1150,14.621,72 in,Left,Medium,48,60,48,70
254309,62,1,1030,10.136,71 in,Right,Medium,66,49,52,58
200223,75,1,1432,18.426,175,Right,Medium,68,69,65,75
235317,70,1,1093,10.082,73 in,Left,High,77,67,68,70
233290,74,1,1432,27.668,72 in,Right,Medium,81,68,69,78
252015,66,1,1086,10.815,183,Right,Medium,56,39,33,51
221125,75,1,1576,14.621,70 in,Right,High,81,74,75,73
235108,65,1,1064,12.446,69 in,Right,Medium,68,47,43,67
251306,60,1,1042,10.815,175,Right,Medium,72,53,52,57
264450,68,1,1194,11.359,178,Left,Medium,77,67,66,72
211238,64,1,1048,10.272,179,Right,Medium,75,61,58,66
211074,63,1,1030,11.359,71 in,Right,Medium,44,32,26,42
212212,75,2,1432,22.232,183,Right,Medium,77,62,58,69
260521,52,1,1013,10,170,Left,Medium,63,27,27,47
226714,64,1,1040,11.903,178,Right,High,84,58,61,64
261663,64,1,1060,11.359,192,Right,Medium,58,25,21,27
261954,52,1,1011,10.815,71 in,Left,High,62,27,25,35
239250,74,1,1685,15.708,182,Right,High,74,74,76,74
236624,73,1,1345,20.057,189,Right,High,78,66,69,81
264033,59,1,1033,10.815,180,Right,Medium,61,29,22,51
255654,69,1,1237,15.708,184,Right,Medium,72,36,31,55
243558,71,1,1158,16.252,177,Right,Medium,66,45,28,59
256553,54,1,1019,10.217,173,Right,Medium,69,45,48,63
201457,67,1,1071,12.446,74 in,Right,Medium,69,65,67,60
161938,75,1,1136,10.217,73 in,Right,High,55,76,83,69
259857,50,1,1008,10,182,Right,High,83,48,50,58
213325,69,1,1069,10.027,187,Right,Low,53,45,33,52
260911,57,1,1028,10.272,69 in,Right,Medium,74,50,53,57
204485,86,3,5726,129.328,70 in,Left,Medium,81,79,81,91
236629,65,1,1071,12.446,72 in,Left,Medium,77,51,41,62
264593,59,1,1040,10.163,174,Right,Medium,61,48,45,54
235303,65,1,1071,10.815,74 in,Left,Medium,74,27,22,61
243705,62,1,1062,10.272,67 in,Right,Medium,56,57,54,65
247754,64,1,1086,10.272,73 in,Right,Medium,55,41,37,56
251810,73,1,1540,26.581,180,Right,Medium,83,71,75,64
205631,68,1,1086,13.534,71 in,Right,Medium,77,68,70,72
241454,56,1,1024,10.815,72 in,Right,Medium,75,54,54,58
252376,68,1,1187,12.446,176,Right,High,66,59,59,69
259422,63,1,1086,10.815,178,Left,Medium,73,56,61,70
204104,65,1,1051,10.815,196,Right,High,44,69,69,59
215527,67,1,1053,11.359,185,Right,Medium,49,36,32,55
198469,56,1,1006,10.027,69 in,Right,Medium,50,50,49,50
199477,65,1,1035,10.815,187,Right,High,56,54,53,59
223710,75,1,1468,37.454,194,Left,High,56,75,77,69
198731,69,1,1100,15.165,181,Left,Medium,83,63,66,71
255703,63,1,1071,10.054,180,Right,Medium,65,46,40,61
263574,61,1,1037,10.272,70 in,Right,Medium,66,49,45,68
256008,68,1,1215,11.903,75 in,Left,Medium,63,35,32,61
216271,68,1,1100,12.99,193,Left,Medium,63,34,25,58
231872,66,1,1086,10.815,72 in,Right,Medium,47,37,35,46
221285,59,1,1019,10.19,175,Right,High,90,52,52,51
216385,74,1,1215,10.272,69 in,Left,High,79,68,60,70
220087,71,1,1114,15.165,177,Right,Medium,87,55,51,69
232907,64,1,1007,10.815,69 in,Right,Low,32,35,27,39
201887,72,1,1172,23.863,69 in,Left,Medium,74,71,72,70
211635,68,1,1055,11.359,180,Left,Medium,77,60,59,64
246909,65,1,1107,11.359,165,Left,High,70,55,57,66
189910,64,1,1040,10.815,70 in,Right,High,70,63,63,56
224045,69,1,1150,13.534,70 in,Right,Medium,64,72,72,71
189857,71,1,1114,14.621,175,Left,High,72,70,70,69
213648,83,2,4138,66.81,185,Right,Medium,60,71,65,76
255363,59,1,1035,12.99,70 in,Right,Medium,59,48,42,58
263560,50,1,1006,10.815,186,Right,Medium,64,39,31,46
207865,87,3,7530,83.119,72 in,Right,Medium,81,53,51,69
256215,57,1,1028,10,187,Right,Medium,65,35,30,49
226103,70,1,1244,12.446,175,Left,Medium,78,44,40,67
246594,68,1,1194,13.534,175,Right,Medium,71,47,39,70
213338,67,1,1071,10.815,182,Left,Medium,71,64,64,70
252434,63,1,1048,10.272,185,Right,High,85,61,62,65
251045,64,1,1040,10.815,69 in,Right,High,70,58,55,60
260483,58,1,1033,10,179,Right,High,69,57,59,60
256563,54,1,1019,10,67 in,Right,Medium,61,33,29,45
190492,63,1,1031,11.903,188,Right,High,64,56,52,60
236752,69,1,1129,14.077,72 in,Right,High,86,68,71,69
246296,58,1,1040,13.534,76 in,Right,Medium,72,62,64,48
175932,75,1,1259,20.057,186,Right,High,83,51,50,67
202968,68,1,1086,12.446,70 in,Right,High,72,62,64,70
224067,70,1,1107,14.077,185,Right,Medium,53,43,44,56
216054,74,1,1208,17.883,72 in,Right,Medium,58,61,58,66
243126,62,1,1033,10.272,68 in,Right,Medium,70,45,34,60
240331,65,1,1078,11.359,73 in,Right,High,80,60,59,66
252561,50,1,1007,10,72 in,Right,Medium,52,24,19,24
229631,73,1,1288,15.165,70 in,Left,Medium,80,72,75,82
254315,61,1,1053,12.99,188,Right,Medium,66,39,31,62
238137,69,1,1086,12.446,67 in,Right,Medium,82,47,35,62
242975,62,1,1058,10.136,73 in,Right,Medium,59,25,20,38
247277,60,1,1039,10.272,72 in,Right,Medium,77,57,60,57
221625,62,1,1028,10.815,185,Left,High,54,62,61,61
229558,82,2,5618,47.783,186,Right,High,81,43,39,69
255809,54,1,1017,10,176,Right,Medium,60,53,54,50
253496,56,1,1026,11.903,185,Right,Medium,68,53,55,52
229472,67,1,1107,14.077,179,Right,Medium,75,60,58,70
238963,65,1,1071,10.272,76 in,Left,Medium,54,28,22,28
233227,65,1,1067,10,175,Right,Medium,86,56,55,69
226798,72,1,1143,16.795,72 in,Right,High,63,54,39,65
189560,79,2,1612,28.212,190,Right,Medium,33,70,67,69
241467,69,1,1201,12.446,68 in,Right,Medium,73,65,65,72
210646,69,1,1100,11.359,73 in,Right,Medium,64,56,54,62
245400,65,1,1071,11.359,184,Right,Medium,76,60,63,62
213778,68,1,1086,11.359,187,Right,High,76,67,70,59
210352,63,1,1035,10.815,75 in,Left,High,68,38,38,59
236883,66,1,1122,11.903,180,Right,High,87,59,61,65
259881,65,1,1053,10,180,Left,Medium,69,35,33,70
243949,58,1,1035,10.136,185,Right,High,75,53,56,55
189558,68,1,1071,11.903,194,Right,Medium,40,45,35,52
253129,65,1,1100,11.359,69 in,Right,Medium,72,59,56,70
209569,66,1,1037,15.708,173,Right,High,61,62,64,68
222466,64,1,1078,10.815,72 in,Left,Medium,60,38,31,55
243023,63,1,1071,10.815,67 in,Right,Medium,64,34,32,47
232527,67,1,1069,10,183,Right,Medium,64,37,31,51
169426,73,1,1078,17.883,183,Right,Medium,69,52,44,66
261241,59,1,1040,11.903,181,Right,Medium,67,49,53,69
261285,55,1,1007,10,190,Right,Medium,52,26,20,20
221846,65,1,1046,12.446,70 in,Right,Medium,76,51,58,60
229473,68,1,1086,11.359,170,Right,High,77,64,60,67
206562,64,1,1053,11.359,180,Right,High,64,50,48,65
260464,64,1,1086,10.054,68 in,Right,Medium,67,57,56,60
232216,57,1,1011,10.272,72 in,Right,Low,64,33,30,54
236537,73,1,1432,15.708,69 in,Left,High,80,53,53,70
259806,63,1,1086,11.903,70 in,Right,Medium,66,52,49,67
207790,75,1,1468,24.406,72 in,Right,High,64,53,35,65
215245,73,1,1259,14.077,70 in,Right,High,74,72,74,70
223682,72,1,1114,10.217,175,Left,Medium,61,71,69,69
200318,75,2,1396,24.406,185,Left,Medium,73,77,75,76
207650,73,1,1237,24.95,72 in,Right,Medium,66,58,56,69
242199,58,1,1021,10.163,72 in,Right,Medium,64,33,25,52
263504,63,1,1071,10.272,173,Left,High,74,52,47,64
255347,56,1,1019,10.272,72 in,Right,Medium,61,41,32,44
213097,71,1,1093,10.163,186,Right,Medium,56,57,46,57
251076,65,1,1100,11.903,73 in,Right,High,71,60,58,60
197391,66,1,1042,10.815,71 in,Right,High,68,58,54,61
260744,64,1,1093,11.359,71 in,Left,Medium,67,65,66,62
240606,63,1,1078,10.815,177,Left,High,76,44,39,59
263928,60,1,1022,10.815,175,Left,Medium,67,32,30,60
208520,75,2,1295,16.252,185,Right,Medium,75,53,46,58
210783,62,1,1008,11.359,181,Right,Medium,67,33,30,55
261282,57,1,1030,11.359,66 in,Right,Medium,79,51,55,64
242863,67,1,1136,15.165,72 in,Right,Medium,68,51,53,63
259778,66,1,1093,10,177,Right,Medium,73,58,58,70
225849,67,1,1086,13.534,72 in,Left,Medium,85,56,58,68
252802,66,1,1143,14.077,190,Right,Medium,77,40,38,72
229194,63,1,1071,10.272,172,Right,Medium,72,49,48,64
261696,64,1,1062,10,180,Left,Medium,67,54,58,67
259187,58,1,1031,10.245,187,Right,Medium,65,29,23,28
242448,68,1,1136,11.359,177,Left,Medium,74,66,73,70
255891,72,1,1316,20.601,188,Right,Medium,64,31,25,47
253213,69,1,1136,16.795,182,Left,Medium,70,48,40,67
184190,76,2,1259,21.144,193,Left,Medium,35,33,22,31
259907,61,1,1030,10,186,Right,High,58,30,29,32
227903,70,1,1259,14.621,179,Right,Medium,77,71,72,63
187110,70,1,1078,21.688,176,Left,High,70,56,45,64
203575,63,1,1030,10.272,186,Left,Medium,77,45,37,36
230047,68,1,1114,12.446,179,Right,Medium,77,38,31,64
229865,64,1,1062,10.815,171,Right,Medium,74,64,64,68
232686,63,1,1028,10.815,176,Right,High,66,44,47,63
181205,66,1,1042,11.359,187,Left,Medium,81,52,44,59
225875,65,1,1046,10.272,178,Right,High,78,58,56,65
255094,62,1,1037,10,184,Right,High,63,61,65,61
263859,55,1,1022,10.272,167,Right,Medium,75,49,48,58
256261,68,1,1194,11.359,191,Right,Medium,65,43,43,57
181872,81,4,1865,66.81,71 in,Right,High,65,79,75,76
202024,80,2,2478,41.259,71 in,Right,Medium,69,71,68,78
247963,65,1,1016,11.359,75 in,Right,Low,39,29,19,38
258625,64,1,1086,11.903,73 in,Right,Low,72,25,22,31
241396,59,1,1035,12.446,73 in,Right,Medium,66,48,42,57
237213,68,1,1158,12.446,185,Right,Medium,58,52,52,59
215079,72,1,1067,14.621,70 in,Right,High,56,66,63,69
215076,73,1,1215,10.272,68 in,Right,Medium,78,71,72,72
253464,62,1,1062,10.815,72 in,Right,High,62,44,41,63
239301,79,2,2803,18.426,178,Left,Medium,71,58,52,74
256948,74,1,1721,18.97,70 in,Right,High,86,71,75,79
241171,71,1,1280,14.621,73 in,Left,Medium,74,42,35,53
262050,50,1,1006,10,72 in,Right,Medium,58,24,21,21
258932,63,1,1107,12.446,69 in,Right,High,78,63,69,63
263963,57,1,1022,11.903,70 in,Right,Medium,69,33,30,52
247188,69,1,1114,12.99,173,Right,Medium,71,59,55,75
211707,67,1,1062,11.359,175,Right,High,68,52,50,61
237307,67,1,1093,10,183,Right,High,81,54,48,62
251272,60,1,1042,11.359,180,Right,Medium,86,58,62,60
244953,63,1,1039,11.359,67 in,Right,Medium,60,59,57,63
234640,72,1,1244,15.708,184,Right,High,86,70,71,75
210987,59,1,1019,10.272,173,Right,Medium,64,55,53,58
189060,76,2,,,186,Right,Medium,54,51,41,62
258303,61,1,1051,10.054,174,Right,Medium,81,50,51,59
241191,63,1,1044,10.815,185,Right,Medium,74,61,61,64
230489,69,1,1114,12.446,71 in,Right,High,72,65,61,77
240580,58,1,1031,10.815,180,Right,Medium,77,55,60,61
228251,81,2,3741,42.89,73 in,Right,Medium,78,74,72,78
243749,67,1,1086,12.446,177,Right,Medium,92,65,68,65
263400,52,1,1011,11.359,67 in,Left,Medium,65,28,29,46
264343,56,1,1024,10.272,72 in,Left,Medium,63,33,34,53
204175,63,1,1028,10.082,194,Left,Medium,68,40,26,59
220143,64,1,1040,10.815,177,Right,Medium,54,58,58,66
260103,54,1,1017,10.815,185,Right,High,69,51,52,63
177138,67,1,1030,10.815,178,Right,Medium,55,64,61,81
244753,67,1,1114,14.621,168,Right,High,92,62,66,73
253814,61,1,1005,10,176,Right,Medium,53,58,54,56
253041,56,1,1022,10.19,180,Left,Medium,66,41,32,56
241506,66,1,1129,10.815,176,Right,Medium,66,36,38,53
256692,69,1,1114,11.903,178,Right,Medium,68,56,53,65
234202,68,1,1136,11.903,170,Right,High,91,58,65,70
204401,72,1,1143,13.534,67 in,Right,Medium,82,60,50,73
222435,64,1,1042,11.359,181,Right,Medium,62,38,30,49
194222,78,1,1685,23.319,185,Right,Medium,50,46,49,42
230277,72,1,1201,17.339,71 in,Left,High,77,65,67,74
231241,65,1,1114,10.272,68 in,Right,Medium,75,44,41,67
233642,70,1,1158,10,184,Right,Medium,61,57,55,72
251804,76,1,2118,46.152,69 in,Right,High,87,59,58,83
213933,67,1,1107,10.815,183,Right,Medium,69,50,40,64
224677,62,1,1028,11.359,190,Right,High,54,60,60,55
259176,61,1,1044,11.359,68 in,Right,High,86,50,50,60
257187,51,1,1010,10.272,184,Right,Medium,61,23,20,49
200718,63,1,1039,10.272,197,Right,Medium,34,34,19,33
241157,64,1,1093,10.272,71 in,Left,High,73,47,46,60
263395,55,1,1022,10,68 in,Right,Medium,71,43,45,55
232057,66,1,1086,10.815,167,Right,Medium,79,56,63,70
258908,69,1,1208,18.426,74 in,Right,Medium,52,46,33,57
212466,70,1,1122,22.775,69 in,Right,High,73,67,65,72
245249,66,1,1122,11.903,69 in,Right,Medium,73,53,52,66
260082,66,1,1136,10.815,72 in,Left,Medium,72,44,35,57
259069,63,1,1078,10,72 in,Right,Low,76,33,22,55
260431,59,1,1035,10.217,175,Right,Medium,66,56,58,58
255393,62,1,1044,10.163,176,Left,Medium,75,53,54,66
221053,75,1,1396,16.795,174,Left,High,81,57,53,74
222203,53,1,1004,10.815,178,Right,Medium,63,46,49,50
155355,71,2,1107,14.077,180,Right,High,70,61,60,76
217082,70,1,1114,14.077,74 in,Right,Medium,54,30,21,38
257238,59,1,1049,10.815,173,Left,Medium,58,36,36,68
208451,74,2,1353,24.95,183,Right,High,71,75,75,79
256610,60,1,1044,12.446,165,Right,High,79,58,60,59
236485,60,1,1024,10.815,191,Left,Medium,58,25,23,30
256024,63,1,1044,10.272,193,Right,High,59,34,32,48
263593,58,1,1030,10.272,191,Right,Medium,52,57,60,53
259504,65,1,1122,11.359,73 in,Right,Medium,61,63,66,68
240697,66,1,1136,15.708,69 in,Right,Medium,65,52,54,71
231281,87,3,9226,91.273,180,Right,High,79,68,60,78
232255,71,1,1143,15.708,169,Left,High,86,60,62,74
232097,75,2,1648,15.708,71 in,Right,High,79,64,67,83
188168,69,1,1048,15.165,188,Left,Medium,55,55,53,67
235573,62,1,1033,10.272,178,Right,Medium,75,28,24,64
261025,63,1,1107,11.359,179,Right,High,72,62,67,57
209297,81,3,2623,74.964,169,Left,High,77,66,60,79
264023,51,1,1008,10,69 in,Right,Medium,72,32,31,41
214358,69,1,1100,10.272,177,Right,Medium,69,65,64,66
197480,65,1,1051,10.815,73 in,Right,Medium,56,67,65,61
259976,60,1,1042,10.815,183,Right,Medium,66,62,66,55
230220,66,1,1058,13.534,187,Right,Medium,48,51,45,51
230529,74,1,1302,16.252,71 in,Right,High,79,45,34,67
257057,68,1,1194,12.99,195,Right,Medium,71,53,54,69
237989,67,1,1071,11.903,182,Right,Medium,77,61,63,64
257159,64,1,1093,11.359,176,Right,Medium,81,59,59,67
207465,68,1,1071,11.359,170,Right,Low,50,64,60,68
234983,68,1,1122,11.359,180,Right,High,74,65,64,68
235973,71,1,,,69 in,Left,Medium,84,65,66,72
202795,60,1,1016,10.815,175,Left,High,75,41,37,56
247278,66,1,1093,10.815,72 in,Left,High,78,44,41,61
251258,64,1,1086,14.621,76 in,Left,Medium,60,36,21,31
258906,58,1,1046,10.082,170,Right,Medium,83,54,55,68
262918,62,1,1060,11.359,176,Left,High,75,51,47,61
219216,68,1,1100,11.903,69 in,Right,High,86,67,67,67
183332,74,1,1143,22.775,69 in,Right,Medium,77,70,73,78
215531,74,1,1302,27.124,177,Left,High,74,71,65,74
264446,65,1,1071,10.815,181,Right,Medium,80,64,67,64
220165,73,1,1259,30.93,186,Right,Medium,63,74,75,69
237214,69,1,1129,11.903,72 in,Right,Medium,56,32,31,41
255254,64,1,1040,10,184,Right,Medium,66,39,33,38
263242,62,1,1040,10.245,74 in,Right,Medium,81,59,61,58
254579,67,1,1158,14.077,69 in,Left,Medium,78,61,59,68
223594,66,1,1066,10.815,72 in,Right,Medium,56,34,26,49
247507,60,1,1042,15.708,69 in,Left,Medium,73,60,60,60
245016,67,1,1114,10.815,73 in,Right,High,80,59,60,66
242418,74,1,1648,25.494,64 in,Right,High,87,44,47,75
53818,62,1,1008,10.272,68 in,Right,Medium,48,54,53,58
237591,66,1,1057,10.815,189,Left,Medium,74,32,23,61
261606,57,1,1014,10.027,182,Right,Medium,59,23,17,30
247972,70,1,1230,14.621,177,Right,High,81,69,68,70
251615,67,1,1158,11.359,181,Left,High,72,43,36,73
244995,64,1,1019,10,183,Left,Low,60,25,21,27
263224,51,1,1009,10,170,Right,High,70,41,41,50
233449,51,1,1003,10.815,71 in,Right,Medium,59,32,30,44
211395,63,1,1035,13.534,181,Right,Medium,62,62,62,60
262039,51,1,1009,10.272,180,Right,Medium,77,44,46,47
243200,62,1,1078,10.815,183,Right,Medium,68,61,63,64
233315,64,1,1057,10.815,75 in,Right,Medium,72,62,62,65
240207,66,1,1069,12.446,184,Left,Medium,76,53,53,65
186127,66,1,1049,15.708,183,Right,High,62,67,67,57
209846,79,2,2154,27.124,184,Left,High,83,55,49,72
194014,67,1,1060,10,67 in,Left,High,84,58,64,67
261912,57,1,1030,10.272,174,Right,Medium,56,58,60,62
260705,61,1,1035,10.815,177,Left,Medium,70,29,27,56
245125,63,1,1071,10.272,174,Right,Medium,65,51,55,55
213570,67,1,1064,11.359,183,Right,High,79,46,44,61
242230,62,1,1040,10.054,178,Right,Low,45,51,46,55
233483,72,1,1172,19.514,72 in,Right,High,76,71,75,76
259674,68,1,1179,10.272,173,Right,High,68,53,53,72
251923,66,1,1037,10,169,Left,Medium,63,62,60,68
251477,59,1,1037,10.272,187,Left,Medium,67,52,52,62
230257,71,1,1150,15.708,68 in,Right,High,72,68,66,72
252247,64,1,1064,10,180,Right,Medium,74,65,71,64
202076,68,1,1078,11.903,183,Right,High,70,46,40,66
238469,57,1,1024,10.027,173,Right,High,73,40,38,53
220956,62,1,1037,10.815,188,Left,High,72,24,21,53
264225,53,1,1015,10,188,Right,Low,64,25,19,30
261247,58,1,1030,10,179,Right,Low,60,29,28,31
166114,68,1,1040,13.534,187,Right,Medium,54,71,68,66
259632,62,1,1058,10.272,181,Right,Low,61,30,23,47
230354,75,1,1353,23.863,177,Right,Medium,71,46,36,75
261350,64,1,1093,11.359,182,Right,Medium,69,65,66,64
236474,69,1,1143,15.165,188,Right,Medium,85,63,63,70
232540,65,1,1053,10.272,171,Left,Medium,74,52,52,67
264155,58,1,1030,10.163,186,Right,Medium,66,50,53,58
230273,68,1,1086,15.165,178,Right,Medium,63,65,68,53
213884,74,1,1396,26.037,70 in,Left,High,80,71,71,76
202994,72,1,1136,14.621,182,Right,High,89,68,70,72
260983,50,1,1010,10,68 in,Right,Medium,60,43,40,49
228069,66,1,1071,10,172,Left,Medium,87,60,62,65
248259,66,1,1129,10.272,69 in,Left,Medium,71,38,37,61
251464,66,1,1150,11.359,75 in,Right,High,74,52,55,66
211671,68,1,1093,12.99,180,Right,Medium,57,58,54,53
235176,73,1,1179,16.252,177,Right,Medium,79,71,69,75
252066,63,1,1071,14.621,185,Right,Medium,73,57,55,64
247213,63,1,1078,10.815,68 in,Right,Medium,74,56,58,68
208135,79,2,2262,57.024,184,Right,High,70,76,76,77
238882,68,1,1100,11.903,178,Right,Medium,74,64,66,68
232789,70,1,1114,14.077,161,Right,High,89,67,67,68
245248,63,1,1033,10.272,178,Left,Medium,64,60,59,68
199244,72,1,1114,10.136,189,Right,Medium,61,35,30,53
194354,72,1,1122,10.217,70 in,Left,High,76,67,56,72
247476,66,1,1086,10.815,71 in,Right,Medium,65,60,58,65
256545,65,1,1060,11.359,183,Right,High,67,60,57,61
248339,59,1,1021,11.359,173,Right,Medium,69,51,56,64
214497,73,1,1215,14.077,72 in,Left,Medium,69,62,64,70
263303,58,1,1021,10.027,173,Right,High,74,37,38,53
243923,59,1,1035,10.217,188,Right,Medium,56,32,25,26
198908,70,1,1100,15.165,72 in,Right,Medium,67,58,47,61
259598,60,1,1039,10.815,183,Right,Medium,66,52,45,52
231240,72,1,1266,17.339,169,Left,Medium,85,67,68,83
244970,68,1,1165,12.99,72 in,Right,Medium,70,50,51,70
253438,63,1,1069,10.272,67 in,Left,High,76,59,59,63
245270,60,1,1037,10.027,71 in,Right,Medium,69,53,49,56
258371,68,1,1187,11.903,174,Left,High,81,46,48,67
261462,58,1,1030,10.815,176,Left,Medium,61,32,31,62
230625,75,1,1504,16.252,72 in,Left,Medium,70,52,50,74
224525,63,1,1042,10.272,173,Left,Medium,78,59,58,64
256934,57,1,1026,10.082,185,Right,Medium,60,34,30,42
235769,66,1,1100,11.359,69 in,Right,High,84,61,63,65
206534,78,2,2081,54.306,185,Left,High,73,78,82,70
190430,71,1,1100,11.903,178,Left,Medium,69,44,38,65
191861,65,1,1040,11.903,186,Right,Medium,55,65,68,57
242507,60,1,1035,12.446,174,Right,Medium,66,50,47,60
258982,58,1,1031,10.027,188,Right,Medium,58,59,60,51
203558,66,1,1053,11.359,176,Left,High,68,57,55,66
245040,55,1,1019,10.272,76 in,Right,Medium,71,42,40,47
243315,73,1,1353,21.144,178,Right,Medium,78,74,76,74
230248,71,1,1143,17.883,174,Left,Medium,71,38,35,66
230198,74,1,1360,14.621,180,Right,Low,68,48,20,65
242682,56,1,1022,10,69 in,Right,High,80,51,53,56
190034,73,2,1201,22.775,185,Left,High,67,37,26,55
199392,70,1,1078,13.534,174,Right,High,72,53,39,71
261725,51,1,1008,10.272,68 in,Left,Medium,61,40,40,51
240756,62,1,1064,11.359,176,Right,Medium,73,50,49,66
208522,73,1,1223,26.581,190,Left,Medium,69,50,45,64
190724,66,1,1060,11.359,184,Right,High,78,63,63,64
234426,77,1,1937,34.735,185,Left,Medium,64,32,23,61
240260,66,1,1086,10.815,182,Right,Medium,79,62,65,70
263869,60,1,1035,10.272,71 in,Right,Medium,57,33,29,41
228699,69,1,1136,12.446,191,Left,Low,47,36,21,60
206042,70,1,1114,16.252,178,Right,High,76,66,69,69
242690,64,1,1078,11.359,191,Right,Medium,53,41,35,55
195912,68,2,1086,14.621,190,Right,High,55,69,67,66
224925,66,1,1093,10.815,179,Right,Medium,63,49,47,68
251908,63,1,1071,10.272,173,Right,High,84,43,39,64
263730,57,1,1022,10,173,Right,High,64,56,58,53
264442,62,1,1040,10.272,76 in,Left,Low,48,31,26,38
213013,77,1,1793,17.883,170,Left,High,94,76,78,83
241746,69,1,1107,10.027,188,Right,Low,71,49,34,57
253034,65,1,1114,17.339,189,Right,High,68,39,40,50
239368,74,1,1576,23.319,185,Left,Medium,76,50,43,68
264420,60,1,1039,10.272,71 in,Right,Medium,63,50,49,61
192350,73,1,1179,28.212,168,Right,Medium,83,64,60,73
259644,55,1,1019,10.815,69 in,Right,Medium,77,42,42,57
248118,61,1,1055,10.272,177,Right,Medium,75,52,51,63
202113,69,1,1093,14.077,70 in,Right,Medium,80,56,55,67
251880,65,1,1122,10.815,73 in,Right,Medium,86,54,59,64
214697,67,1,1062,10.815,181,Left,Medium,66,46,43,53
176717,68,1,1022,10.815,184,Right,Low,57,36,32,42
233151,72,1,1259,17.883,167,Left,High,78,69,67,76
229971,77,1,1937,19.514,182,Right,High,81,51,42,72
190021,71,1,1062,13.534,170,Right,High,83,69,67,68
245493,54,1,1013,10.815,73 in,Left,Medium,56,24,20,37
257332,65,1,1071,12.446,70 in,Right,High,71,43,42,64
220965,68,1,1100,13.534,70 in,Right,Medium,76,58,55,72
228327,63,1,1033,10.272,185,Right,Medium,77,59,62,60
264236,63,1,1086,10.815,68 in,Right,High,73,63,64,61
255031,63,1,1078,10.815,188,Right,Medium,75,61,64,65
253234,69,1,1078,10.082,68 in,Right,High,67,69,65,59
235320,67,1,1071,11.903,196,Right,Medium,68,67,68,60
225955,66,1,1093,11.903,77 in,Right,Medium,51,66,67,65
247131,74,1,1266,22.775,68 in,Left,High,78,60,57,72
209188,60,1,1013,10.815,69 in,Left,Medium,67,54,55,57
261302,49,1,1005,10,180,Right,Medium,58,22,18,24
263190,61,1,1026,10.272,69 in,Right,Medium,66,49,48,71
261946,51,1,1009,10.815,73 in,Right,Medium,63,41,40,60
220029,71,1,1172,16.252,180,Left,Medium,65,68,68,75
230950,59,1,1031,10.815,180,Right,Medium,65,49,46,58
201528,70,1,1078,13.534,186,Left,Medium,69,45,39,52
211567,74,1,1273,16.252,71 in,Right,High,78,55,52,69
255406,65,1,1114,10.815,72 in,Right,Medium,67,31,25,37
206563,66,1,1053,10.815,164,Right,High,74,60,59,57
253952,65,1,1107,10.272,67 in,Right,Medium,72,55,53,65
232469,67,1,1060,14.077,185,Left,High,55,66,67,69
188537,72,1,,,181,Right,High,84,67,70,71
232622,67,1,1058,10.815,76 in,Right,High,39,69,69,66
259639,59,1,1037,10,177,Left,High,76,28,24,63
163186,70,2,1022,12.99,186,Right,High,55,66,64,65
210700,64,1,1028,12.446,180,Right,Medium,66,54,43,65
246009,63,1,1078,10.815,170,Left,High,86,59,62,65
263448,61,1,1055,10.815,180,Right,High,73,59,59,67
237010,68,1,1100,14.621,71 in,Right,High,77,50,42,63
259828,60,1,1035,10,188,Right,Medium,63,25,21,25
255125,60,1,1040,10.815,182,Right,Medium,60,44,44,54
243725,47,1,1006,10,69 in,Right,Medium,68,48,49,50
247623,69,1,1230,17.883,178,Right,High,73,28,26,67
245856,64,1,1093,11.359,180,Right,Medium,78,62,66,70
241494,66,1,1129,12.446,75 in,Right,Medium,64,29,27,45
241390,73,2,1504,26.581,184,Right,Medium,71,69,64,78
239053,83,1,5185,96.71,182,Right,High,86,74,69,79
246956,62,1,1066,11.359,196,Right,Medium,69,27,22,44
217232,59,1,1010,10,176,Right,Medium,66,44,39,49
242197,63,1,1078,10.272,192,Right,Medium,61,62,65,62
263245,54,1,1019,10,73 in,Right,Medium,65,54,57,48
257284,51,1,1008,10.163,72 in,Right,Low,57,24,20,16
198810,68,1,1078,12.99,184,Right,Medium,63,38,39,44
244373,76,1,1540,10.272,69 in,Right,High,75,69,69,80
233946,60,1,1022,10.815,178,Right,Medium,66,51,52,58
253573,64,1,1040,10,70 in,Right,High,77,55,60,63
202077,67,1,1060,11.359,74 in,Right,High,55,67,68,60
235663,73,1,1345,28.755,73 in,Right,Medium,67,71,75,72
261680,64,1,1114,10.815,68 in,Left,Medium,74,56,55,66
184471,64,1,1031,11.903,169,Right,High,58,63,62,64
169324,74,1,1093,18.426,175,Left,High,70,63,53,71
239221,61,1,1049,12.99,185,Right,Low,89,27,25,43
246840,68,1,1093,10.815,70 in,Left,High,72,53,45,69
228821,67,1,1100,18.97,185,Right,Medium,72,62,60,70
230665,72,1,1172,16.795,181,Left,High,68,69,67,76
193601,77,1,1612,21.688,186,Right,Medium,54,49,48,54
199792,75,1,1331,14.621,69 in,Right,Medium,75,72,72,77
212419,78,2,2009,42.89,77 in,Left,Medium,72,44,37,68
237942,79,1,2875,25.494,175,Left,High,82,34,20,73
226716,64,1,1066,11.359,169,Right,High,80,56,55,64
239845,72,1,1266,10.19,68 in,Right,High,76,71,71,70
256865,53,1,1016,10.272,178,Right,High,78,51,54,55
234988,57,1,1017,12.446,69 in,Left,Medium,70,42,36,59
256382,53,1,1013,10,185,Left,Medium,57,25,22,26
252723,67,1,1078,11.359,173,Right,Medium,77,64,64,66
236328,55,1,1019,10.815,72 in,Right,Low,72,54,55,53
247173,60,1,1039,10.217,74 in,Right,Medium,62,29,24,43
263445,56,1,1022,10.815,180,Right,Medium,59,55,57,53
222404,76,1,1757,26.037,70 in,Right,Medium,72,64,60,74
262593,58,1,1031,10.054,180,Left,Medium,75,54,59,63
223263,66,1,1051,11.359,180,Right,Medium,76,33,31,62
232928,65,1,1055,10.815,174,Left,Medium,77,57,60,62
199917,68,1,1100,11.903,70 in,Left,High,70,62,61,66
228354,67,1,1107,12.446,185,Right,Medium,87,52,48,67
223969,64,1,1057,10,69 in,Right,Medium,67,56,54,61
254685,62,1,1060,11.359,175,Right,High,75,33,24,55
263973,61,1,1048,10,72 in,Right,Medium,55,66,69,54
259191,69,1,1158,13.534,176,Left,Medium,83,61,59,76
240057,69,1,1086,11.903,70 in,Right,Medium,55,54,52,64
240938,74,1,1295,16.252,179,Left,Medium,82,68,69,79
245625,64,1,1067,11.359,176,Right,Medium,67,55,54,65
239778,70,1,1266,21.688,74 in,Right,High,68,70,66,68
231111,71,1,1136,17.339,76 in,Left,Medium,62,32,27,57
188856,67,1,1062,11.359,172,Left,High,78,45,40,60
260645,57,1,1026,10.272,68 in,Right,High,80,53,58,71
243347,57,1,1026,10.027,190,Right,Medium,61,25,21,41
260890,60,1,1033,10.815,72 in,Right,Low,52,31,25,32
211263,71,1,1136,14.621,185,Right,Low,51,38,35,56
257250,52,1,1013,10,71 in,Right,Medium,64,40,37,49
201285,73,1,1187,12.446,73 in,Right,Medium,71,73,75,67
143745,71,3,1062,26.581,177,Right,Medium,46,71,68,77
220847,69,1,1122,14.077,72 in,Right,High,75,67,67,68
255856,49,1,1006,10,69 in,Left,Medium,61,26,28,43
236547,67,1,1078,10,67 in,Left,Medium,81,64,63,68
260854,53,1,1014,10.136,65 in,Right,Medium,68,39,36,54
262081,70,1,1259,15.708,184,Right,High,80,61,65,73
237198,68,1,1114,11.903,68 in,Right,Medium,90,51,55,68
241464,82,2,5077,28.755,75 in,Left,Medium,71,38,28,64
222337,64,1,1033,10.815,188,Right,Low,64,26,19,48
226710,74,2,1685,23.863,77 in,Right,Medium,70,75,76,70
262756,55,1,1021,10,74 in,Right,Medium,69,49,56,61
239501,62,1,1057,10.815,176,Right,High,65,56,56,64
242328,63,1,1078,10.272,72 in,Right,Medium,64,56,55,53
204690,67,1,1058,13.534,179,Right,Medium,79,64,68,63
257228,65,1,1071,11.359,70 in,Left,High,77,44,44,62
256861,56,1,1024,10.027,68 in,Right,Medium,74,49,51,60
198023,74,1,1223,20.057,69 in,Right,Medium,73,47,36,65
244615,58,1,1031,10.815,66 in,Left,High,62,42,33,57
262780,63,1,1033,10.054,68 in,Left,Medium,68,58,57,61
196940,64,1,1039,10.815,73 in,Right,Medium,54,59,55,61
233445,64,1,1051,10.272,73 in,Left,High,68,33,25,56
258176,60,1,1044,10.272,183,Right,Medium,66,62,62,68
189120,68,1,1071,13.534,185,Right,Medium,67,51,39,57
246469,72,1,1396,14.621,66 in,Left,High,85,63,59,76
244892,77,1,2551,28.755,175,Right,High,76,70,69,82
230460,78,1,2190,27.668,68 in,Left,High,78,69,74,82
199715,78,2,1829,36.91,185,Right,Medium,76,76,77,80
247628,53,1,1010,10,177,Right,Medium,82,41,40,49
230895,61,1,1035,10.027,72 in,Right,Medium,74,61,62,58
225844,74,1,1396,18.97,66 in,Left,Medium,84,73,68,77
192561,70,1,1114,13.534,184,Right,High,73,69,72,66
222611,65,1,1071,11.903,171,Right,Medium,67,60,55,67
257295,55,1,1019,10.217,185,Left,Medium,56,22,17,32
228624,65,1,1051,14.621,181,Right,Medium,52,24,24,34
257536,75,1,1612,10.245,184,Right,High,79,73,77,70
227106,70,1,1150,15.165,185,Left,Medium,68,32,25,59
258782,72,1,1215,23.319,73 in,Right,Medium,72,28,22,58
227513,69,1,1129,10.815,68 in,Right,High,88,50,48,60
259348,55,1,1010,10.815,173,Right,Medium,69,42,42,61
214770,73,1,1136,17.339,178,Right,Medium,66,65,60,71
176403,68,2,1028,11.903,176,Right,High,75,66,65,66
257707,61,1,1055,12.99,175,Right,High,56,57,50,60
258717,58,1,1033,10.245,185,Right,Medium,75,55,57,59
247761,62,1,1062,10.272,181,Right,Medium,65,53,52,61
207806,62,1,1028,11.359,184,Left,Medium,80,58,57,62
232427,62,1,1037,10.272,69 in,Right,Medium,85,52,58,61
262631,51,1,1009,10.272,180,Right,Medium,59,41,39,49
262222,57,1,1026,10.082,173,Right,Medium,68,57,60,63
239744,73,1,1504,28.755,181,Left,Medium,69,67,59,77
225915,69,1,1150,14.077,174,Right,High,74,68,70,65
225646,74,1,1259,10.272,69 in,Right,High,92,65,59,72
211060,68,1,1062,10.815,71 in,Right,High,66,60,58,71
241745,67,1,1026,10,184,Left,Medium,70,24,20,60
261196,59,1,1022,10.272,68 in,Right,High,70,30,25,55
254173,62,1,1058,10,72 in,Right,Medium,66,37,36,39
230899,77,1,2190,39.084,174,Right,Medium,85,73,74,83
247854,68,1,1194,11.903,71 in,Right,Medium,55,60,66,64
239805,63,1,1039,10.815,75 in,Right,Low,43,24,18,27
255559,56,1,1022,10.272,72 in,Right,Medium,66,55,57,61
244538,65,1,1048,11.359,72 in,Right,Medium,63,25,20,37
214973,72,1,1165,10.109,171,Right,High,76,67,67,75
239126,61,1,1028,11.359,67 in,Right,Medium,75,28,23,56
188844,70,1,1037,12.99,184,Right,Medium,53,33,21,43
263058,51,1,1009,10,169,Right,High,74,43,42,50
230449,74,1,1302,28.755,185,Left,Medium,30,79,74,70
257177,62,1,1064,10.272,67 in,Left,Medium,65,51,48,69
215322,74,1,1316,21.144,70 in,Left,Medium,72,60,48,72
254448,68,1,1129,10,182,Right,High,67,66,72,59
230219,75,1,1396,25.494,176,Right,Medium,77,59,52,68
195036,64,1,1040,11.359,69 in,Right,High,66,64,65,61
244318,67,1,1093,12.99,181,Right,Medium,70,58,57,67
260380,54,1,1016,10,74 in,Left,Medium,61,24,21,37
209440,77,2,1721,30.93,69 in,Right,High,86,75,78,80
159145,79,3,1540,30.386,186,Right,High,60,81,82,72
261761,60,1,1028,10.163,179,Left,Medium,65,53,56,61
248164,57,1,1028,10.272,68 in,Right,High,62,42,35,54
229391,82,1,3958,19.514,190,Right,Medium,60,65,62,74
228928,64,1,1057,10.815,188,Right,Low,55,29,25,41
213556,70,1,1093,10.082,180,Right,Medium,64,68,69,73
164459,72,1,1053,12.446,178,Right,Medium,51,69,62,63
178417,68,1,1022,10.815,191,Left,High,42,60,50,65
263984,56,1,1026,10.272,175,Right,Medium,79,56,59,56
243371,59,1,1039,10.272,185,Right,High,82,59,60,59
203344,70,1,1093,17.339,72 in,Right,Medium,64,74,79,73
260586,60,1,1042,10.272,188,Right,Low,49,32,24,43
261540,57,1,1022,10,175,Right,Medium,59,25,20,24
190584,79,2,1901,28.212,179,Right,Medium,47,71,72,78
248575,66,1,1136,11.903,180,Right,Medium,76,60,64,72
220649,71,1,1143,12.99,183,Right,Medium,77,67,69,72
221841,76,1,1865,34.735,172,Right,High,90,77,79,74
263335,55,1,1021,10,185,Right,Medium,58,29,24,31
211793,65,1,1051,11.359,195,Right,Medium,58,32,31,34
238843,63,1,1069,10.272,69 in,Right,High,74,58,55,64
261523,59,1,1016,10,65 in,Left,Medium,61,27,25,49
251336,65,1,1071,11.903,188,Right,Medium,63,35,34,54
187782,65,1,1033,10.815,69 in,Right,Medium,42,49,46,57
222109,67,1,1093,11.359,183,Right,High,75,58,56,66
204220,66,1,1069,11.359,180,Right,Medium,54,64,59,62
201136,73,1,1194,19.514,180,Right,Medium,75,34,23,68
211061,74,2,1295,17.339,70 in,Right,High,69,70,68,80
256774,54,1,1019,10,192,Right,Medium,67,42,39,53
220041,61,1,1028,10.815,174,Right,Low,71,28,19,66
212462,82,3,2984,80.401,181,Left,High,83,73,63,77
263386,59,1,1013,10.815,188,Right,Medium,66,51,51,56
243801,68,1,1194,10.815,186,Left,High,70,64,60,61
186682,79,1,1612,23.863,181,Right,Medium,45,64,54,72
224081,81,2,3344,54.306,70 in,Right,Medium,67,65,62,73
198118,77,2,1648,36.91,188,Right,Medium,67,59,49,63
252468,60,1,1039,10.136,72 in,Right,High,81,58,61,61
241048,61,1,1033,10.272,187,Right,High,69,62,62,59
259311,51,1,1009,10,173,Right,Medium,71,50,52,51
262822,64,1,1086,10,77 in,Right,Low,62,31,30,34
240328,61,1,1031,11.359,175,Left,Medium,77,49,44,58
260941,60,1,1042,10,191,Right,Medium,66,60,64,57
264129,59,1,1031,10,72 in,Right,Medium,56,31,26,30
213948,69,1,1107,12.99,168,Right,Medium,80,58,56,71
225853,69,1,1143,11.903,72 in,Right,Medium,73,62,60,69
179871,62,1,1016,10.815,71 in,Right,Medium,40,54,50,60
202515,71,2,1136,14.077,70 in,Right,Medium,74,73,75,74
244818,61,1,1037,10.19,170,Right,High,74,48,44,60
223752,68,1,1122,10.815,180,Right,Low,68,44,39,34
247063,60,1,1039,10,168,Right,Medium,77,56,50,65
239950,72,1,1230,10.163,183,Right,Medium,59,64,57,73
260135,59,1,1035,10,72 in,Right,Low,61,32,27,42
223597,79,2,2154,38.541,172,Right,High,79,53,49,76
240333,66,1,1078,12.446,185,Right,Low,61,30,26,38
261369,59,1,1031,10.272,179,Right,Low,56,30,24,30
226093,76,1,1829,34.735,70 in,Right,High,84,77,76,73
230471,65,1,1057,11.903,180,Left,Medium,69,56,45,71
213854,54,1,1006,10.136,74 in,Right,Medium,40,54,56,48
260637,68,1,1194,11.903,180,Right,Medium,73,67,68,74
201257,66,1,1042,10.815,69 in,Right,High,67,63,60,63
245158,77,1,2695,22.232,185,Right,High,86,78,83,74
202526,63,1,1035,10.815,70 in,Right,High,68,62,63,65
240805,57,1,1026,10.272,177,Right,High,70,49,48,57
260547,60,1,1039,10,180,Right,High,73,54,59,65
242060,62,1,1028,11.359,178,Left,Medium,75,51,53,67
194022,77,2,1648,16.795,186,Right,Medium,66,63,58,74
263161,53,1,1016,11.359,171,Right,Medium,60,38,36,52
244765,61,1,1051,10.815,168,Right,High,72,54,55,64
186307,72,1,1136,14.621,70 in,Right,Medium,61,74,68,73
261040,61,1,1049,10.272,73 in,Right,Medium,65,32,28,33
253251,70,1,1237,14.077,72 in,Right,Medium,66,48,44,52
216523,68,1,1078,14.077,189,Right,Low,47,24,14,48
241809,62,1,1069,12.446,68 in,Right,High,72,53,57,65
242601,54,1,1016,10.109,182,Left,High,66,52,54,52
230511,65,1,1031,13.534,177,Left,Medium,90,64,65,77
225584,66,1,1064,11.359,172,Right,High,83,61,58,66
228376,64,1,1060,10,73 in,Right,Medium,67,30,26,49
233575,63,1,1030,10,185,Right,Medium,70,39,38,59
229815,65,1,1046,12.446,74 in,Right,Medium,58,31,21,31
246175,65,1,1114,11.359,188,Right,Medium,82,62,63,61
241568,70,1,1259,12.99,69 in,Right,Medium,77,69,63,72
237386,71,1,1302,32.561,70 in,Left,High,62,61,59,72
202605,68,1,1078,11.903,191,Right,Medium,55,53,45,53
261245,58,1,1035,10.272,175,Right,Medium,64,52,49,66
233245,64,1,1086,10.815,175,Right,Medium,76,58,58,65
248272,48,1,1007,10,68 in,Right,Medium,73,47,49,46
200779,71,1,1158,15.708,183,Left,Medium,77,72,72,64
232437,73,1,1252,19.514,178,Left,High,70,52,40,64
247412,70,1,1266,15.708,180,Right,Medium,77,35,26,67
262334,65,1,1114,10.815,168,Right,Low,75,44,43,57
216184,68,1,1086,12.446,178,Left,Medium,68,68,65,63
257649,65,1,1107,10.272,74 in,Right,High,79,27,26,28
231510,60,1,1022,10.054,186,Right,Medium,54,25,21,36
243856,66,1,1051,10,68 in,Right,High,69,42,40,54
262787,61,1,1051,11.903,71 in,Right,Medium,82,53,55,64
226508,70,1,1172,21.144,175,Left,Medium,74,47,43,63
259428,52,1,1013,10.815,176,Left,Medium,67,47,48,52
209372,68,1,1086,12.446,67 in,Right,Medium,71,67,66,69
256674,69,1,1201,13.534,178,Left,High,85,54,52,67
251855,60,1,1040,10.815,184,Right,Medium,58,48,47,66
223618,70,1,1150,10.815,173,Right,High,79,64,68,74
243813,58,1,1035,10.815,186,Right,Medium,63,59,60,52
232704,64,1,1057,10.815,72 in,Right,Medium,87,29,32,37
235243,85,3,6412,53.763,189,Right,Medium,73,59,50,65
203500,63,1,1039,12.446,68 in,Right,High,79,62,62,62
237409,68,1,1093,12.446,67 in,Right,High,85,68,68,68
228195,60,1,1017,10.082,172,Right,High,78,44,36,57
168317,67,1,1024,11.359,189,Right,High,47,67,67,67
227920,67,1,1165,11.359,70 in,Right,High,76,54,56,74
253611,64,1,1040,10,178,Right,Medium,66,51,51,63
205362,74,2,1259,30.93,188,Left,Low,65,32,30,43
226122,65,1,1067,10.815,191,Right,Medium,64,63,63,53
239196,58,1,1028,10.163,180,Right,Low,66,43,42,54
212923,64,1,1044,11.359,68 in,Right,High,73,40,35,62
261236,54,1,1016,10.272,70 in,Right,Medium,63,40,40,69
260241,60,1,1042,10.815,74 in,Right,Low,60,32,25,36
231733,72,1,1223,14.621,173,Left,High,76,71,73,73
227948,63,1,1040,11.903,75 in,Right,High,55,31,28,42
181371,70,1,1031,11.903,71 in,Right,High,49,67,66,73
258317,60,1,1013,10.815,193,Right,Medium,55,30,24,37
240964,68,1,1107,12.99,69 in,Right,Medium,66,54,54,67
243178,63,1,1078,10.815,189,Right,Medium,69,54,53,62
237341,61,1,1049,10.815,190,Right,Medium,51,29,23,53
213530,72,1,1172,15.708,71 in,Right,Medium,61,45,41,60
172114,77,2,1309,13.534,178,Right,High,53,76,71,78
258606,56,1,1021,10.272,180,Right,High,79,27,26,46
253962,54,1,1016,10.272,171,Right,Medium,66,26,25,53
166736,61,1,1008,10.109,179,Right,High,64,58,59,57
212048,69,1,1078,14.621,176,Right,High,77,68,67,70
189177,75,1,1396,25.494,170,Left,Medium,70,72,69,74
221479,81,2,3705,58.655,187,Right,High,83,77,82,76
261471,56,1,1022,10,170,Right,Medium,73,47,49,52
255082,67,1,1071,11.359,188,Left,High,60,52,48,57
229071,73,2,1215,21.688,188,Right,High,76,69,71,78
206516,76,1,1648,36.366,185,Left,Medium,63,64,68,78
261874,59,1,1022,10.272,73 in,Right,Medium,60,24,17,38
245520,69,1,1122,11.903,66 in,Right,High,73,62,62,75
166853,64,1,1019,10.815,185,Left,Medium,46,44,43,46
192427,75,2,1280,26.037,68 in,Right,High,80,55,43,76
186935,72,1,1086,12.446,185,Right,Low,53,66,61,70
165191,67,1,1035,12.99,185,Right,Medium,63,67,68,62
258500,59,1,1040,10.19,178,Right,Medium,62,46,50,62
255232,64,1,1053,10.815,185,Right,Medium,48,27,22,35
236703,73,1,1432,20.601,71 in,Left,High,86,59,57,72
233782,60,1,1037,10.815,190,Right,Low,46,32,30,33
238949,62,1,1037,10.19,68 in,Left,Medium,77,44,44,61
251445,68,1,1194,11.903,178,Right,Medium,74,67,67,73
262908,69,1,1187,14.621,73 in,Right,Low,65,33,26,45
245615,62,1,1064,10.272,72 in,Right,Medium,69,59,62,58
224337,66,1,1053,11.903,70 in,Left,Medium,68,50,48,70
264084,52,1,1013,10.272,67 in,Left,Medium,69,39,40,54
214915,68,1,1071,11.359,174,Right,Medium,65,59,55,69
264360,53,1,1015,10.109,71 in,Right,Medium,60,45,49,55
247315,67,1,1071,12.446,172,Right,High,82,61,62,65
198857,71,1,1093,23.319,193,Right,Low,56,40,39,52
246002,62,1,1069,11.359,168,Right,Medium,76,36,31,57
226084,64,1,1086,11.359,188,Right,Medium,86,62,65,60
233687,61,1,1044,10.815,186,Right,High,64,34,29,49
201041,71,1,1114,14.621,182,Left,Medium,73,40,28,72
250764,59,1,1035,10.815,71 in,Right,High,70,52,52,63
171896,73,1,1071,26.581,72 in,Right,Medium,54,48,44,51
220545,65,1,1049,10,178,Right,Medium,73,67,71,62
237705,60,1,1039,10,175,Right,Medium,83,41,58,66
252526,63,1,1093,15.708,73 in,Left,Medium,73,58,63,62
215074,69,1,1060,10,177,Right,High,84,50,35,68
253796,66,1,1129,10,181,Right,Medium,65,38,31,58
228290,72,1,1179,16.795,185,Right,Medium,51,27,19,43
213010,69,1,1086,11.903,69 in,Right,Medium,79,54,50,65
247185,70,1,1259,29.843,74 in,Right,High,63,66,63,70
230372,68,1,1086,14.077,188,Right,Medium,63,54,47,57
232955,66,1,1078,10.272,176,Left,Medium,73,57,49,58
257195,63,1,1078,14.077,73 in,Right,Medium,61,50,51,57
261479,59,1,1035,10,184,Left,Medium,66,33,30,38
206591,73,2,1208,27.124,177,Right,High,68,62,63,79
256853,61,1,1066,13.534,186,Right,Medium,66,64,67,62
208722,89,4,8288,156.509,175,Right,High,91,83,86,90
264560,58,1,1037,10,185,Left,Medium,62,33,33,48
184133,73,1,1136,16.252,181,Right,High,67,71,64,74
192616,66,1,1028,11.359,177,Right,Medium,57,60,58,64
208596,81,3,3164,42.89,71 in,Right,High,76,81,88,78
260922,59,1,1035,10.245,72 in,Right,Medium,75,63,66,69
199387,72,1,1107,14.077,73 in,Right,High,67,72,75,73
263041,64,1,1100,11.903,71 in,Left,Medium,65,59,57,60
259444,60,1,1040,10.245,75 in,Left,Medium,64,29,22,49
261745,59,1,1040,10.815,72 in,Left,Medium,68,59,59,65
247249,65,1,1114,12.99,73 in,Left,Medium,60,66,65,62
261989,57,1,1024,10,179,Right,Medium,65,25,22,49
225659,78,1,2081,22.775,185,Right,Medium,54,56,43,63
263459,55,1,1021,10.272,185,Left,Medium,58,37,28,54
232608,68,1,1071,11.359,170,Right,Medium,78,63,71,68
238900,74,1,1612,22.232,73 in,Right,Medium,68,74,76,72
247038,49,1,1008,10.082,184,Right,Medium,47,38,36,53
242453,68,1,1194,17.883,194,Right,Medium,66,30,24,63
184242,65,1,1042,10.815,177,Right,Low,67,60,57,64
241237,68,1,1187,11.903,186,Right,High,63,58,51,70
232699,69,1,1114,14.077,172,Right,Medium,85,60,59,71
243357,64,1,1100,12.446,180,Right,Medium,82,62,64,65
263944,64,1,1049,11.359,174,Right,Medium,65,39,36,53
240517,62,1,1057,10.815,69 in,Right,Medium,60,52,47,63
240940,67,1,1165,12.446,70 in,Right,Medium,70,67,65,59
260865,64,1,1048,11.903,76 in,Left,High,59,62,62,64
245597,72,1,1360,14.621,65 in,Right,High,75,50,40,65
263296,61,1,1057,10.815,74 in,Left,Medium,53,61,70,53
251846,65,1,1069,10.815,178,Left,High,75,51,45,56
199762,67,1,1062,11.359,184,Left,High,59,64,61,63
183711,84,3,3128,85.837,182,Right,High,66,74,73,78
201364,63,1,1030,10.815,70 in,Left,Medium,77,31,24,48
254492,51,1,1010,10,180,Right,Medium,53,22,15,24
223017,72,1,1165,23.863,69 in,Right,High,81,67,62,71
244181,64,1,1078,10.815,174,Left,High,77,42,44,60
253278,70,1,1237,13.534,183,Left,Low,69,40,38,45
238860,70,1,1107,12.446,73 in,Right,Medium,61,30,23,30
252370,60,1,1035,10.272,167,Right,Medium,60,64,67,52
234378,82,1,4102,47.239,73 in,Right,Medium,66,53,42,75
253465,64,1,1100,15.165,183,Right,High,78,39,33,57
238656,66,1,1129,16.795,193,Left,Medium,57,67,69,56
209317,65,1,1049,12.446,72 in,Right,High,74,59,57,65
216793,73,1,1215,10.272,77 in,Left,Medium,68,72,75,71
190507,72,1,1078,14.077,186,Right,Low,39,35,29,47
240942,68,1,1179,11.359,176,Right,Medium,61,55,57,59
231538,67,1,1086,11.903,71 in,Right,Medium,67,41,32,58
252285,62,1,1067,10.217,178,Left,High,61,46,42,63
200292,64,1,1035,12.446,183,Right,Medium,57,51,42,57
194063,72,1,1143,12.99,74 in,Right,Medium,64,68,61,69
200524,57,1,1010,10.136,183,Right,Medium,57,46,36,55
122066,64,1,1013,10.109,190,Left,Medium,31,69,72,40
256367,61,1,1049,10.136,193,Right,Medium,61,27,24,44
235888,73,1,1316,17.883,73 in,Right,High,73,74,75,73
263270,61,1,1026,10.163,175,Right,Medium,65,51,53,61
239835,66,1,1086,11.359,75 in,Right,Medium,62,47,40,67
225128,64,1,1044,11.903,174,Left,Medium,63,62,59,65
204731,71,1,1100,12.446,185,Left,High,68,55,43,68
159080,65,1,1022,10.815,170,Right,Medium,45,63,61,62
260086,65,1,1114,12.99,182,Right,High,65,69,73,64
254344,67,1,1093,12.446,172,Right,High,79,60,59,69
221282,72,1,1230,21.144,178,Right,High,75,55,51,71
256070,55,1,1019,10.272,178,Right,Medium,66,35,38,51
257628,55,1,1019,10,186,Right,Medium,61,23,22,36
235088,73,1,1266,14.621,69 in,Right,High,81,44,42,68
221423,60,1,1016,10.217,187,Right,Medium,67,62,64,52
240865,64,1,1093,11.359,69 in,Right,High,81,62,66,64
212977,76,2,1612,29.843,75 in,Right,Medium,77,52,48,70
220422,64,1,1040,12.446,68 in,Right,Medium,83,59,62,63
230819,65,1,1078,12.446,176,Right,Medium,82,57,57,64
235511,69,1,1086,10.054,177,Left,High,76,63,61,68
201163,68,1,1058,11.359,74 in,Right,Medium,58,55,52,47
247181,74,1,1685,15.165,70 in,Left,High,85,66,65,79
258464,68,1,1158,12.99,191,Left,Medium,56,28,22,36
194957,74,2,1252,49.413,185,Right,Low,51,50,44,57
255409,70,1,1237,12.446,188,Right,High,75,70,72,69
225876,64,1,1008,10,180,Left,Low,58,34,32,56
233437,70,1,1086,10.027,72 in,Left,Medium,71,34,31,70
253061,69,1,1244,11.359,69 in,Right,High,78,63,62,73
245751,64,1,1086,12.99,73 in,Right,Medium,81,25,22,23
214326,69,1,1017,10.272,181,Right,Low,37,40,37,54
233767,73,1,1316,16.252,69 in,Right,High,73,45,40,71
212944,68,1,1114,10,186,Right,Medium,67,72,75,65
224915,67,1,1107,17.339,175,Right,High,85,59,59,72
233795,71,1,1302,23.319,188,Right,High,83,68,69,75
192110,67,1,1078,11.359,175,Right,Medium,73,61,61,66
254976,57,1,1028,10.245,171,Right,Medium,67,54,58,58
240658,68,1,1194,18.97,182,Right,Medium,72,57,52,78
248334,55,1,1010,10,166,Right,Medium,76,44,40,55
231745,74,1,1468,18.426,73 in,Right,High,77,73,73,70
227055,78,3,2190,36.91,68 in,Right,High,93,71,69,85
224428,73,1,1259,19.514,182,Right,Medium,91,74,70,75
256918,64,1,1093,10.245,70 in,Right,Medium,78,31,29,70
234039,64,1,1086,10.815,71 in,Right,Medium,66,30,25,48
230201,80,1,2514,27.668,177,Right,High,76,51,48,78
239980,68,1,1093,12.99,181,Right,High,71,59,52,55
263621,54,1,1024,10,68 in,Right,High,64,45,44,65
244942,61,1,1051,10.272,189,Left,Medium,46,60,64,54
222224,70,1,1093,12.446,182,Right,Medium,68,62,52,62
255109,68,1,1172,12.99,69 in,Right,High,75,65,64,75
238839,69,1,1122,17.339,186,Right,Medium,68,66,62,68
228196,54,1,1005,10,184,Right,Low,52,38,34,50
219841,70,1,1129,12.446,181,Right,High,69,43,38,66
247741,62,1,1060,11.903,181,Left,Medium,70,48,45,59
233645,53,1,1013,10,74 in,Left,Medium,64,44,45,60
246764,73,1,1468,17.339,169,Right,Medium,81,56,51,71
261470,60,1,1039,10,72 in,Left,Medium,53,62,67,56
256341,67,1,1172,10.815,177,Right,Medium,63,58,58,68
261619,62,1,1064,10.815,184,Right,Low,55,30,28,34
263167,52,1,1013,10.027,73 in,Right,High,61,24,17,33
198748,64,1,1006,10,74 in,Right,Low,40,30,19,22
237749,67,1,1114,10.815,67 in,Left,High,70,56,57,67
186536,63,1,1028,10.815,75 in,Left,High,66,59,53,63
172780,64,1,1026,11.903,183,Right,Medium,46,67,68,60
251320,63,1,1037,11.359,76 in,Right,Medium,53,25,23,48
235805,83,3,6809,49.957,175,Right,High,91,81,79,89
225403,75,1,1540,31.474,176,Left,High,77,68,67,78
179847,75,3,1129,30.93,77 in,Right,Low,35,40,41,44
225663,79,3,2767,38.541,71 in,Right,High,81,72,69,84
257511,60,1,1044,10.272,72 in,Left,Medium,56,62,57,65
250948,61,1,1051,10.217,72 in,Right,Medium,76,51,57,65
167397,78,3,1432,20.057,70 in,Right,High,56,79,80,73
223894,59,1,1015,10.815,188,Right,Medium,64,57,59,57
200647,84,3,2948,55.393,190,Left,Medium,75,86,85,88
215062,72,1,1107,18.97,73 in,Right,Medium,72,75,77,64
260203,62,1,1040,10,72 in,Left,Medium,58,23,21,21
193123,64,1,1033,11.903,193,Right,Medium,47,36,40,43
157301,75,3,1187,35.279,73 in,Right,Medium,77,79,77,80
254048,72,1,1244,15.708,174,Left,High,76,68,66,71
211784,77,1,2154,37.997,173,Right,Medium,77,78,80,68
258547,62,1,1039,10.109,75 in,Right,Medium,69,60,62,60
260584,56,1,1022,10,178,Right,Medium,57,33,31,39
243914,66,1,1078,11.903,185,Right,Medium,69,62,60,68
226261,64,1,1066,10.815,173,Right,High,76,58,58,65
222286,69,1,1114,11.359,75 in,Left,Low,45,36,29,49
252239,70,1,1259,12.99,169,Right,High,70,57,53,70
224520,76,1,1829,34.735,68 in,Right,High,91,72,71,78
212214,73,1,1215,20.057,176,Right,Medium,86,64,67,73
198455,72,1,1122,11.903,72 in,Right,High,81,63,59,65
230150,66,1,1060,10.815,168,Right,High,81,62,59,65
262792,62,1,1058,10.815,73 in,Right,Medium,70,40,33,56
247166,60,1,1042,14.077,175,Right,High,79,60,60,62
188268,75,1,1252,19.514,169,Right,High,83,70,69,75
225669,72,1,1201,19.514,189,Right,High,85,57,54,72
234614,63,1,1078,11.903,170,Right,Medium,75,60,64,62
221875,71,1,1114,16.252,71 in,Right,Medium,61,62,56,63
258171,62,1,1093,12.99,182,Right,High,69,51,50,64
237509,67,1,1165,14.077,188,Left,Medium,83,66,69,64
230221,68,1,1086,14.077,179,Right,Medium,65,45,40,64
254567,59,1,1033,10.082,180,Right,Medium,68,33,29,59
236175,70,1,1114,15.165,175,Right,Medium,67,66,70,64
239357,68,1,1093,15.165,74 in,Right,Medium,82,63,66,66
254482,60,1,1048,10.272,182,Right,High,92,59,60,58
242362,65,1,1064,11.359,185,Left,Medium,53,29,22,43
210950,71,1,1086,12.99,65 in,Right,Medium,72,71,71,75
263268,59,1,1037,10.027,176,Right,Medium,72,53,52,63
231726,68,1,1136,12.99,189,Right,High,82,67,67,68
262618,63,1,1030,11.359,67 in,Left,Medium,62,37,30,62
198628,67,1,1071,10,185,Right,Medium,71,63,64,66
198951,80,2,2478,26.037,182,Right,Medium,90,80,83,76
215584,63,1,1022,10.815,74 in,Right,High,69,55,54,58
246443,69,1,1086,11.359,184,Right,Low,52,37,36,46
187754,81,2,2154,10.815,174,Left,Medium,79,76,76,87
226377,76,2,1540,30.386,172,Left,High,87,72,65,83
222199,59,1,1015,10.815,186,Right,High,67,49,54,49
223265,64,1,1048,10.815,188,Right,Low,34,28,23,34
259751,69,1,1244,15.165,191,Right,Medium,76,69,72,68
161805,73,2,1042,14.621,73 in,Right,Medium,55,63,54,70
192496,63,1,1028,11.359,74 in,Right,Low,53,37,30,40
241823,72,1,1252,22.775,68 in,Left,Medium,76,37,34,67
263233,64,1,1093,15.165,180,Right,Medium,76,40,38,68
207499,63,1,1035,10.815,183,Right,Medium,67,64,61,58
242282,61,1,1049,10,71 in,Right,Medium,75,43,40,58
221016,75,1,1396,23.863,184,Left,Medium,54,62,59,72
215155,70,1,1114,14.077,170,Right,Medium,69,64,65,70
259052,57,1,1026,10,74 in,Right,Low,60,38,43,55
257353,62,1,1071,10,177,Right,High,73,55,53,71
236453,55,1,1016,10,175,Right,Medium,67,43,41,51
134820,71,2,1026,11.903,175,Right,Medium,35,60,56,65
232848,66,1,1039,10.815,182,Left,Low,43,35,33,45
215651,73,1,1237,16.795,74 in,Left,Medium,60,33,24,57
258805,59,1,1035,11.903,180,Right,High,73,37,30,52
259173,67,1,1150,22.775,72 in,Right,Low,68,23,19,18
197062,69,1,1078,12.99,178,Right,Medium,64,48,43,59
221985,65,1,1048,11.359,190,Right,Low,43,18,15,29
261418,59,1,1042,10,68 in,Left,Medium,88,43,45,65
230250,75,1,1345,16.795,177,Right,Medium,71,64,58,67
257414,69,1,1100,12.99,69 in,Right,High,72,72,72,66
218981,73,1,1201,18.426,71 in,Right,High,83,35,27,58
244491,69,1,1136,12.99,186,Right,Medium,72,26,21,47
234477,54,1,1016,10,175,Right,High,59,53,55,47
244895,70,1,1259,14.077,175,Right,Medium,81,44,40,63
235407,73,1,1432,20.057,180,Right,Medium,69,62,66,75
252970,56,1,1024,10,170,Right,Medium,63,48,49,57
230157,68,1,1086,13.534,74 in,Right,Medium,77,65,64,63
217093,65,1,1031,10,173,Right,Medium,60,55,54,58
209529,73,1,1259,10.272,181,Right,Medium,75,70,71,73
222225,69,1,1086,13.534,186,Right,High,71,49,42,61
224093,67,1,1093,13.534,184,Left,Medium,75,39,37,56
213328,67,1,1100,14.077,78 in,Left,Medium,59,43,25,66
237681,75,1,1973,51.588,68 in,Left,High,81,66,70,85
234045,75,2,1612,10.272,175,Right,High,92,71,72,82
224590,70,1,1150,11.903,186,Left,High,60,64,60,66
259959,67,1,1143,10,182,Right,Medium,67,60,65,63
258332,70,1,1100,10.054,180,Left,High,73,50,51,69
258984,60,1,1039,10.815,73 in,Left,Medium,68,45,41,62
207876,72,1,1150,13.534,70 in,Right,High,80,65,65,72
239945,70,1,1215,20.057,64 in,Right,Medium,71,57,51,69
263056,66,1,1136,10,174,Right,Medium,83,60,58,70
244965,59,1,1031,10.815,179,Right,Medium,81,52,53,61
253522,65,1,1071,10,170,Right,Medium,79,47,56,58
228250,60,1,1019,11.903,67 in,Right,Medium,77,31,22,50
230439,69,1,1086,16.795,177,Right,Medium,65,50,45,62
211783,69,1,1122,11.359,184,Right,Medium,65,70,72,65
263941,67,1,1165,14.621,181,Right,High,77,61,62,68
226658,59,1,1016,10.272,178,Right,Medium,69,55,48,59
240944,70,1,1172,16.795,184,Right,High,73,64,73,70
228627,66,1,1055,15.165,171,Left,High,78,59,51,65
244521,65,1,1053,11.359,180,Left,Medium,81,60,57,64
228961,67,1,1078,12.446,71 in,Right,Medium,76,53,49,67
255434,61,1,1064,10,178,Right,High,68,55,57,67
202491,67,1,1071,12.446,177,Left,Medium,65,57,56,64
263932,60,1,1044,10.272,172,Right,High,85,51,53,66
213634,66,1,1086,12.99,71 in,Right,High,72,65,68,62
246592,59,1,1035,11.903,71 in,Right,Medium,36,55,55,61
251905,62,1,1057,10.272,187,Right,Medium,68,35,28,47
153062,67,1,1022,10,66 in,Right,Medium,63,69,65,62
231424,66,1,1069,13.534,180,Right,Medium,68,63,62,69
216464,73,1,1288,24.95,173,Right,High,75,71,70,69
248114,61,1,1051,10.815,70 in,Left,Medium,72,59,61,64
256604,57,1,1026,10,68 in,Left,Medium,58,50,52,56
261759,49,1,1008,10,178,Right,High,68,47,47,51
251065,63,1,1008,10.272,183,Right,Medium,33,30,30,28
243034,62,1,1064,11.903,172,Right,Medium,74,63,69,68
228058,65,1,1058,10.815,191,Right,Medium,42,50,44,55
247073,63,1,1071,11.359,180,Right,High,71,32,29,56
214350,74,1,1295,17.339,187,Right,High,60,77,79,66
262428,65,1,1114,10.815,175,Left,High,83,61,63,72
226266,66,1,1093,10.272,170,Right,High,78,61,56,73
257788,54,1,1017,10.054,181,Left,Medium,66,27,21,45
234227,62,1,1064,10.082,68 in,Right,Medium,75,53,52,66
234223,67,1,1107,11.903,70 in,Right,Medium,67,53,47,65
200968,71,1,1086,15.708,72 in,Right,Medium,41,31,20,40
205972,63,1,1035,10,73 in,Right,High,73,61,63,61
257339,55,1,1021,10,184,Right,Medium,62,29,24,26
258352,62,1,1062,10.815,174,Left,Medium,66,41,37,60
231472,68,1,1114,11.359,179,Right,Medium,79,25,21,49
242002,69,1,1114,14.077,70 in,Right,High,87,64,64,71
246595,64,1,1040,10.272,175,Right,High,78,59,61,63
262301,67,1,1086,11.359,178,Right,High,81,66,67,69
251644,67,1,1049,11.359,71 in,Right,Low,60,34,28,40
236287,71,1,1158,16.795,70 in,Right,Medium,73,69,72,65
257894,54,1,1007,10,69 in,Left,Medium,66,32,26,49
209784,60,1,1015,11.359,178,Right,Medium,63,37,37,56
257091,64,1,1086,10.815,76 in,Right,High,58,40,39,55
256902,68,1,1114,11.359,181,Left,Medium,73,65,64,69
194761,73,1,1208,15.708,175,Right,Medium,74,68,67,72
262900,58,1,1033,10,175,Right,High,80,53,56,60
244513,64,1,1093,11.359,168,Right,High,89,56,59,64
239145,62,1,1057,11.359,73 in,Right,Medium,60,48,38,60
264103,63,1,1086,10.815,76 in,Left,Medium,57,31,21,39
237678,78,2,3128,49.413,194,Right,Medium,71,34,29,67
199475,63,1,1033,10.109,177,Left,High,71,57,58,66
189596,87,4,5762,85.837,185,Right,High,67,84,88,77
251022,64,1,1086,10.272,70 in,Right,High,81,46,48,57
263954,62,1,1066,11.359,176,Right,Medium,67,53,50,60
225782,75,2,1576,36.366,177,Right,Medium,81,63,58,78
259114,61,1,1053,10.815,185,Right,Medium,67,60,60,68
200168,68,1,1071,12.446,188,Right,Medium,53,41,39,55
212248,68,1,1107,12.99,70 in,Right,Medium,81,65,68,70
262511,61,1,1057,10.272,183,Right,Medium,55,64,66,65
229107,66,1,1086,12.99,72 in,Right,Medium,70,40,43,60
176472,66,1,1010,10,191,Left,Medium,53,38,32,37
264118,58,1,1030,10.136,192,Left,Medium,64,24,16,35
263745,52,1,1013,10.272,70 in,Right,Medium,66,42,33,46
226295,67,1,1165,10.815,68 in,Left,Medium,65,59,64,76
206317,69,1,1086,21.688,194,Right,Low,52,50,35,65
260951,53,1,1021,10,70 in,Left,High,71,52,58,45
241984,68,1,1086,11.903,191,Right,Medium,74,67,71,64
262402,62,1,1055,10.272,186,Left,Medium,61,35,33,61
242390,64,1,1086,11.359,188,Right,Medium,52,52,46,63
260878,55,1,1019,10,71 in,Right,Medium,66,42,40,45
258025,64,1,1026,11.359,71 in,Right,Medium,66,54,53,66
264061,50,1,1007,10,170,Right,Medium,69,31,26,48
253693,62,1,1067,11.903,71 in,Right,Medium,71,53,53,74
217992,55,1,1010,10,69 in,Left,Medium,61,55,53,57
263854,54,1,1017,10,177,Right,High,72,26,26,50
252316,64,1,1086,10.815,188,Right,Medium,61,33,30,43
221705,68,1,1114,12.446,178,Right,High,71,60,59,66
262788,60,1,1033,10.272,71 in,Right,Medium,71,32,33,59
187620,67,1,1033,11.903,188,Right,Low,30,31,21,39
256788,66,1,1129,12.446,173,Left,High,67,47,48,70
188421,70,1,1086,13.534,68 in,Right,High,75,58,50,58
224518,64,1,1049,10.272,71 in,Left,Medium,66,58,59,67
209675,64,1,1044,11.359,72 in,Right,Medium,78,34,24,52
243237,74,1,1648,32.561,178,Left,High,83,54,46,74
225182,73,1,1259,10.815,171,Left,High,73,65,69,76
261037,64,1,1093,10.815,178,Right,High,72,67,64,66
256813,58,1,1031,10.815,183,Right,Medium,64,27,25,40
238210,63,1,1028,10.272,186,Right,Medium,67,63,64,63
245455,52,1,1012,10.815,166,Right,Medium,65,53,56,53
262722,56,1,1021,11.359,190,Right,Medium,58,25,20,25
263825,66,1,1136,12.446,71 in,Right,Medium,58,41,34,53
235729,68,1,1114,11.359,190,Right,Low,58,24,22,40
254552,58,1,1037,10.272,70 in,Left,High,74,56,61,54
207653,71,1,1114,15.708,68 in,Right,High,80,72,75,76
170305,62,1,1007,10.815,185,Right,Low,35,52,49,53
220905,75,1,1468,30.386,73 in,Left,Medium,67,64,60,69
246438,67,1,1060,11.903,69 in,Right,Medium,77,68,68,64
252578,64,1,1093,10,182,Right,Medium,67,53,45,64
247197,68,1,1100,12.446,180,Right,Medium,83,32,27,61
207741,62,1,1022,11.359,188,Right,High,63,61,60,62
240095,72,1,1208,25.494,175,Right,Medium,70,61,52,62
247115,57,1,1026,10.082,71 in,Left,High,77,43,40,54
238044,62,1,1031,12.446,68 in,Right,Medium,78,29,28,54
172756,66,1,1016,10.815,74 in,Right,Medium,37,49,33,59
232610,73,1,1237,20.601,68 in,Right,High,90,69,73,74
263378,62,1,1044,10,175,Right,Medium,67,60,59,61
230802,68,1,1093,15.165,66 in,Right,Medium,73,62,65,69
25798,71,1,1046,10.109,189,Right,Medium,33,73,76,63
193860,72,1,1136,21.144,180,Right,High,72,67,68,67
247356,64,1,1037,10.815,180,Right,High,61,26,22,58
255047,65,1,1071,10,184,Left,Medium,51,31,29,39
251501,64,1,1078,10.217,180,Right,High,70,56,54,61
241404,64,1,1028,10,71 in,Right,Medium,59,25,19,52
240273,76,1,2190,36.366,182,Right,High,78,64,63,79
152879,75,2,1187,39.628,177,Right,Medium,37,67,60,74
261215,53,1,1014,10,173,Left,Medium,59,23,20,54
252320,59,1,1037,10.272,182,Left,Medium,71,23,16,58
262765,63,1,1028,10,76 in,Right,Medium,53,29,25,43
258787,61,1,1051,10,176,Right,Medium,68,51,53,56
211173,68,1,1100,18.426,72 in,Right,High,65,67,73,61
248231,63,1,1086,10.815,66 in,Left,Medium,77,58,59,70
240969,66,1,1136,10.815,69 in,Right,High,68,65,67,67
245036,53,1,1013,10.815,184,Right,Medium,69,26,21,36
250909,66,1,1069,12.99,67 in,Right,High,90,38,30,62
234358,65,1,1071,10.815,178,Right,Medium,82,52,55,65
261539,60,1,1039,10.272,71 in,Right,Medium,72,30,22,56
248376,49,1,1007,10.272,172,Right,Medium,66,47,43,53
211271,64,1,1044,10,182,Right,Low,60,33,31,55
255825,64,1,1086,10.272,71 in,Right,Medium,71,38,38,48
240866,53,1,1016,12.446,178,Left,Medium,64,34,34,49
236679,76,1,1829,18.97,167,Left,High,78,66,65,78
229261,80,2,3200,24.95,191,Right,High,83,64,66,76
263895,55,1,1021,10.815,182,Right,Medium,58,34,29,52
203486,82,2,3200,50.501,175,Right,High,80,76,74,86
247911,65,1,1067,11.903,177,Right,Medium,68,62,63,66
216437,71,2,1143,14.621,75 in,Right,Medium,65,28,21,45
222515,77,2,1757,14.621,183,Right,High,81,64,63,78
183945,64,1,1033,10.272,190,Right,Medium,87,59,60,60
199042,80,3,2009,38.541,67 in,Right,Medium,65,71,66,74
241591,66,1,1100,13.534,174,Left,High,85,59,59,66
209965,61,1,1022,10.815,188,Right,Medium,63,59,61,59
263754,58,1,1033,10,186,Right,High,69,53,52,57
213839,70,1,1150,12.446,75 in,Right,High,53,68,70,72
225564,66,1,1086,11.359,181,Right,Medium,60,48,39,64
258503,60,1,1039,10.815,70 in,Right,Medium,63,37,29,63
205752,67,1,1071,10.815,69 in,Right,High,80,61,61,66
227362,68,1,1100,12.99,188,Right,High,45,49,50,46
264081,63,1,1078,11.359,185,Right,High,67,63,69,65
206113,85,4,5654,69.528,176,Right,High,83,84,86,88
235133,66,1,1062,10.815,183,Left,High,82,62,64,64
253314,57,1,1013,10,72 in,Right,Low,58,36,35,40
202073,65,1,1044,10.815,185,Right,Medium,54,55,49,54
264464,63,1,1071,10.136,70 in,Right,Medium,67,48,45,59
210648,75,2,1331,27.124,193,Right,Medium,48,20,17,53
260635,48,1,1009,10,185,Right,Low,56,22,17,30
235536,69,1,1215,18.426,178,Left,Medium,68,54,49,60
182888,73,2,1150,22.775,188,Right,Medium,54,53,40,64
235906,65,1,1114,10.815,76 in,Right,High,69,59,62,69
256741,63,1,1039,11.359,73 in,Left,High,57,60,60,61
209061,71,1,1136,16.252,173,Right,High,89,64,65,70
262536,58,1,1035,10,69 in,Right,Medium,76,32,33,52
210136,75,1,1432,10.217,183,Right,High,77,46,38,63
246752,61,1,1057,10.245,177,Right,High,85,56,62,69
222716,80,1,3020,18.97,69 in,Right,High,86,75,75,86
154950,76,2,,,180,Left,High,73,70,66,78
205185,67,1,1069,12.446,190,Right,Medium,72,38,39,54
242402,64,1,1051,12.446,71 in,Right,High,93,58,57,66
231615,61,1,1033,11.359,179,Right,Medium,81,51,52,58
240524,61,1,1037,10.245,73 in,Right,Medium,88,57,59,60
257183,59,1,1035,11.359,72 in,Right,Medium,62,50,50,60
223962,69,1,1143,11.903,187,Right,Medium,72,55,52,65
234111,75,1,1901,28.212,185,Right,High,71,71,70,75
241044,65,1,1107,11.359,190,Right,Medium,53,33,29,40
242054,68,1,1122,12.99,173,Right,High,79,51,42,72
245653,65,1,1078,10.082,184,Right,High,69,66,67,61
202464,68,1,1093,13.534,69 in,Right,High,76,62,63,71
164471,69,1,1042,12.446,74 in,Right,Medium,32,73,77,58
226803,69,1,1093,11.903,74 in,Right,Medium,69,31,35,43
234319,72,1,1353,22.775,183,Right,Medium,69,59,58,70
242267,75,1,1576,17.339,175,Right,Low,75,40,30,59
264520,58,1,1035,10,178,Right,Medium,64,55,50,65
251653,62,1,1058,10.272,187,Left,Medium,59,38,34,53
225523,74,1,1273,21.144,180,Right,High,83,64,67,74
252119,63,1,1046,10.815,187,Right,Medium,49,34,38,47
243827,61,1,1053,11.903,73 in,Right,High,70,32,26,53
255063,62,1,1031,10,179,Right,Medium,49,35,35,41
191209,70,1,1093,16.252,71 in,Right,High,71,63,63,71
196801,72,2,1107,18.97,186,Right,Medium,39,48,44,59
263559,63,1,1078,10.272,70 in,Right,Medium,66,59,60,67
146536,84,2,1937,26.037,172,Right,High,87,69,65,84
263833,54,1,1019,10.272,66 in,Right,Medium,69,51,53,62
237204,61,1,1051,10.815,75 in,Left,High,82,57,57,60
251545,67,1,1158,13.534,180,Right,Medium,75,60,66,74
240690,77,2,2226,35.279,180,Left,High,87,71,79,84
242324,68,1,1093,15.708,182,Right,High,72,63,67,68
230278,71,1,1129,18.426,69 in,Right,Medium,82,63,68,71
229683,73,1,1215,16.252,185,Left,Medium,65,77,79,75
195396,64,1,1040,10.136,182,Right,High,72,62,63,66
226380,75,1,1540,41.259,70 in,Right,High,84,75,78,79
232446,63,1,1078,10.272,73 in,Left,Medium,66,51,42,63
222209,63,1,1042,11.903,75 in,Left,Low,36,26,19,35
242389,69,1,1143,11.903,173,Right,High,76,59,58,73
231090,65,1,1049,10,71 in,Right,High,80,44,45,70
259920,55,1,1010,10.272,180,Right,Medium,70,43,40,56
201911,65,1,1051,10.815,187,Right,High,66,65,64,64
231145,66,1,1078,10.815,69 in,Right,High,75,62,62,65
255500,52,1,1012,10.272,184,Right,Medium,57,38,38,51
232465,65,1,1013,10.272,67 in,Right,Medium,35,35,32,56
244158,66,1,1071,10.815,179,Right,High,88,61,56,67
199386,74,1,1295,15.708,67 in,Right,High,77,74,75,71
258973,58,1,1031,10.19,70 in,Right,Medium,75,40,30,58
198868,70,1,1093,12.446,187,Right,Medium,46,34,28,36
261246,51,1,1008,10.272,195,Right,Low,35,21,17,21
237875,63,1,1071,10.272,180,Right,Low,51,32,27,31
228073,60,1,1021,11.359,183,Right,Medium,69,60,63,55
242118,76,1,1865,29.843,174,Left,High,83,73,70,80
258919,62,1,1064,10.272,187,Right,Medium,49,40,34,41
231521,77,2,2226,32.017,70 in,Right,High,55,73,70,76
191572,68,1,1058,13.534,186,Left,Medium,73,58,60,64
213228,69,1,1114,12.99,163,Right,Medium,74,58,49,70
222191,59,1,1015,11.359,177,Right,Medium,80,54,51,60
258917,63,1,1078,10.272,177,Left,Medium,68,53,56,66
189703,70,1,1093,10,166,Right,Medium,68,70,72,76
243857,68,1,1093,10,163,Left,High,78,38,34,66
258642,61,1,1053,10.272,184,Right,Low,62,31,24,33
208953,61,1,1016,11.359,71 in,Right,Medium,59,50,47,50
168651,82,3,2334,30.93,184,Right,Medium,57,79,77,79
180409,69,1,1049,13.534,192,Right,Medium,38,59,47,57
206085,72,1,1201,24.406,70 in,Right,High,78,67,64,77
233146,69,1,1086,12.99,178,Left,Medium,79,57,50,60
226759,63,1,1044,10.272,187,Right,Low,39,29,22,35
261672,59,1,1031,10.272,175,Right,Medium,77,59,57,64
260856,54,1,1017,10,175,Right,Medium,64,34,28,52
254243,62,1,1071,10.815,175,Right,High,66,62,63,66
207676,73,1,1215,16.252,179,Right,Medium,85,73,77,77
206073,61,1,1024,10.272,75 in,Right,Medium,67,49,45,54
263949,59,1,1039,10.815,192,Right,Medium,65,45,40,55
200443,70,1,1086,12.99,177,Left,Medium,64,64,58,64
262957,59,1,1031,10.109,180,Right,Medium,71,55,55,63
211927,73,1,1230,12.99,173,Left,Medium,71,67,65,75
191726,73,1,1107,10.082,189,Right,Medium,55,50,31,68
252785,62,1,1060,10.272,69 in,Right,Medium,73,38,37,63
243664,67,1,1086,11.903,67 in,Right,Medium,73,52,48,67
233885,71,1,1280,14.077,183,Right,Medium,78,44,23,41
240859,67,1,1172,12.99,187,Right,Low,61,35,24,39
241960,63,1,1078,10.272,180,Right,High,75,59,63,66
260492,60,1,1044,10.082,178,Right,Medium,72,58,59,64
243245,75,1,1901,14.077,175,Right,Medium,71,70,68,78
245058,72,1,1237,17.883,173,Right,High,72,67,66,74
256731,65,1,1078,13.534,74 in,Left,High,66,64,66,67
223297,73,1,1201,15.708,70 in,Right,Medium,69,59,46,69
237520,77,1,2154,10.272,182,Right,High,76,74,73,74
221620,66,1,1062,10.815,183,Right,Medium,76,54,53,63
255138,63,1,1037,11.359,183,Right,Medium,71,63,62,62
224019,73,1,1288,18.426,178,Right,Low,64,52,46,69
187154,63,1,1028,11.903,76 in,Left,Medium,51,20,15,37
256597,63,1,1049,10.272,69 in,Left,High,78,52,56,63
212501,77,2,1973,48.326,189,Right,High,61,72,66,73
176348,66,2,1019,10.815,182,Left,High,37,67,64,70
262379,54,1,1017,10,183,Right,Medium,67,29,29,46
263300,62,1,1058,10.272,189,Right,Medium,64,28,25,31
208502,71,1,1122,23.863,178,Right,Medium,73,39,26,66
262913,51,1,1010,10,181,Right,Medium,67,41,34,53
242406,68,1,1172,11.359,73 in,Right,Medium,68,67,70,67
245863,61,1,1049,10.027,70 in,Right,Medium,66,33,34,65
240608,60,1,1037,10.815,73 in,Left,High,71,28,25,43
230206,78,1,1540,29.843,169,Right,High,92,56,50,75
262635,63,1,1037,10.272,187,Right,Medium,62,46,39,52
210897,79,1,2478,18.426,72 in,Right,High,72,53,52,63
244391,73,1,1338,30.386,178,Right,High,88,76,78,74
238319,69,1,1215,15.708,175,Right,High,76,42,41,61
261916,51,1,1008,10.272,180,Right,High,60,50,53,52
184990,69,1,1051,11.903,69 in,Right,High,80,59,59,67
242594,63,1,1049,10.815,177,Right,Medium,59,58,56,61
258139,60,1,1048,11.359,168,Right,Medium,68,52,56,69
259634,61,1,1049,11.903,173,Left,High,69,29,28,58
247764,63,1,1078,14.621,176,Right,High,69,43,45,57
221383,65,1,1058,10.815,68 in,Right,High,80,60,59,69
241032,69,1,1129,12.446,68 in,Right,Medium,66,56,55,72
261986,49,1,1005,10.815,178,Right,Medium,61,37,33,48
240917,51,1,1008,10.272,178,Right,Medium,62,42,33,48
263461,56,1,1021,10,73 in,Right,Medium,49,30,31,39
242684,63,1,1053,10.815,175,Right,High,75,56,56,67
219293,73,1,1259,26.037,191,Right,Medium,67,49,52,46
184477,71,2,,,73 in,Right,Low,51,41,19,39
193429,69,1,1086,18.97,171,Right,High,70,64,59,77
207558,63,1,1033,10.272,183,Right,Medium,69,61,59,60
199750,65,1,1049,11.903,172,Right,High,79,57,55,66
252259,67,1,1172,11.359,175,Left,Medium,65,60,60,71
193201,70,1,1100,23.863,173,Left,High,76,67,60,74
264080,53,1,1014,10,179,Right,Medium,68,36,31,47
243116,53,1,1016,10,71 in,Right,Medium,72,49,55,49
248694,55,1,1019,11.903,187,Right,Medium,46,47,41,56
259584,65,1,1122,11.903,179,Left,Medium,65,49,43,66
259869,58,1,1031,10,71 in,Right,High,77,43,43,55
190178,64,1,1033,10.272,188,Right,Medium,62,49,46,54
248808,69,1,1230,13.534,175,Right,High,69,50,45,66
231247,74,1,1576,18.97,179,Left,High,81,64,58,75
241731,70,1,1122,16.252,69 in,Right,Medium,77,67,70,72
205201,76,1,1612,21.144,191,Right,Medium,66,70,65,73
213905,69,1,1129,20.601,193,Right,High,69,69,69,68
189655,70,1,1093,11.903,187,Right,High,66,68,71,63
263412,52,1,1011,10,167,Left,Medium,65,28,29,52
234514,72,1,1136,16.795,180,Right,Medium,70,46,35,67
189619,69,1,1093,17.339,69 in,Right,Medium,66,55,53,67
264252,55,1,1019,10,66 in,Left,Medium,69,28,29,49
215437,72,1,1179,20.057,175,Right,Medium,79,26,20,65
199689,72,1,1165,16.252,71 in,Right,High,77,69,69,71
256370,68,1,1093,11.359,182,Right,High,86,63,65,65
190199,73,1,1187,15.165,178,Right,Medium,64,71,69,67
239948,67,1,1143,16.795,69 in,Left,Medium,78,56,55,65
206086,71,1,1165,13.534,183,Left,High,76,52,51,64
224808,73,1,1201,22.775,74 in,Left,Medium,53,27,30,38
255547,53,1,1013,10.163,186,Left,Medium,57,38,40,51
262224,55,1,1021,10,175,Right,High,67,45,47,53
234943,82,2,4319,29.299,73 in,Right,Medium,64,72,70,83
223652,72,1,1208,20.601,179,Left,Medium,74,60,61,73
231410,78,1,3272,26.037,67 in,Right,High,78,69,69,82
256700,62,1,1064,10.272,69 in,Left,Medium,77,56,58,63
244522,63,1,1051,10.815,70 in,Right,Medium,76,62,60,66
208053,76,1,1576,33.648,175,Right,High,82,71,69,75
215270,76,2,1540,15.165,68 in,Right,Medium,71,71,70,78
246951,66,1,1100,10.815,178,Left,High,79,63,62,68
235673,69,1,1208,14.077,183,Right,Medium,48,31,26,45
238743,66,1,1136,11.903,193,Right,Medium,77,66,68,66
264572,62,1,1064,10,69 in,Left,High,71,56,55,62
224294,75,1,1612,24.95,175,Right,Medium,68,63,61,77
205114,75,1,1252,15.165,169,Right,Medium,78,69,65,81
194092,67,1,1062,12.99,71 in,Left,High,71,61,57,66
264321,63,1,1078,10.815,182,Left,Medium,69,62,67,67
263733,63,1,1049,10.272,190,Right,Medium,65,30,20,49
201417,78,1,1901,51.588,182,Right,High,68,64,62,74
235782,70,1,1165,14.077,188,Left,Medium,69,53,46,71
139860,72,2,1030,14.621,68 in,Left,Low,50,44,36,51
246759,62,1,1037,10.272,195,Right,Medium,66,32,30,48
237769,66,1,1086,14.077,180,Right,High,79,64,64,69
211739,68,1,1093,14.077,69 in,Right,Medium,68,57,64,72
228810,66,1,1069,11.359,70 in,Right,Medium,69,51,54,74
231443,83,3,4968,99.428,178,Left,High,93,77,75,89
245692,64,1,1058,10.815,67 in,Left,High,78,55,50,69
205225,66,1,1049,11.903,72 in,Right,Low,57,40,37,45
244858,63,1,1071,11.359,177,Right,Medium,69,43,36,61
234586,63,1,1026,11.903,168,Right,Medium,57,55,55,63
258806,57,1,1026,10.815,74 in,Right,Medium,69,29,26,31
242435,59,1,1035,10.272,194,Left,Medium,53,35,29,36
196953,65,1,1046,11.903,193,Right,Medium,70,38,32,47
206219,73,1,1201,21.144,180,Left,Medium,75,40,34,58
248559,61,1,1033,11.359,188,Left,Medium,60,31,30,51
199191,71,1,1114,17.883,70 in,Right,Low,75,39,33,59
261901,51,1,1008,10.272,73 in,Right,Medium,57,26,22,23
219683,80,3,2767,52.132,181,Right,High,66,77,75,76
234153,81,2,4716,30.93,71 in,Right,Medium,78,77,78,80
235151,69,1,1086,12.99,185,Left,High,67,54,47,65
263241,59,1,1031,10.082,67 in,Right,High,79,50,51,57
256271,67,1,1062,12.446,74 in,Right,Medium,61,49,46,53
230829,74,1,1576,15.165,175,Right,Medium,81,44,43,68
248574,64,1,1100,12.446,69 in,Right,Medium,69,60,59,69
255793,60,1,1039,10,66 in,Left,High,76,52,51,65
264264,54,1,1019,10.815,68 in,Left,High,71,49,52,51
228225,68,1,1107,11.903,71 in,Right,Medium,75,40,33,59
203884,71,1,1129,22.775,184,Right,Low,61,32,26,62
259144,59,1,1033,10.272,184,Left,Medium,75,52,51,59
262447,57,1,1016,10.815,194,Right,Medium,39,57,60,44
163828,70,1,1055,13.534,71 in,Right,High,64,73,76,67
222840,67,1,1086,11.359,185,Left,Medium,79,44,38,58
263731,55,1,1021,10,71 in,Right,High,69,47,46,59
212153,77,2,1721,49.413,74 in,Right,Medium,53,63,54,75
262163,54,1,1015,10.272,72 in,Right,Medium,62,32,25,51
251830,61,1,1058,10.272,180,Right,Medium,81,44,32,59
194791,56,1,1009,10.027,67 in,Right,High,72,54,51,58
252030,65,1,1107,10.815,186,Right,High,54,37,31,55
230263,70,1,1114,14.621,175,Left,Medium,80,58,62,68
198147,68,1,1062,12.99,177,Right,High,57,38,27,52
236006,62,1,1039,10.054,168,Right,Medium,74,56,54,66
214884,68,1,1071,11.903,189,Right,Medium,46,42,34,48
225545,62,1,1040,10,172,Right,High,65,56,56,65
241277,61,1,1053,10.272,72 in,Right,High,74,60,62,59
239586,63,1,1035,10.815,192,Right,Medium,60,22,17,28
253779,61,1,1024,10,176,Right,Medium,64,50,44,60
233927,81,2,3777,45.064,180,Left,High,74,75,74,85
254872,60,1,1014,10,182,Right,Medium,69,47,42,52
229375,68,1,1136,12.99,193,Right,Medium,75,65,67,65
244669,67,1,1165,10.815,73 in,Right,Medium,64,53,49,66
244204,70,1,1165,10,194,Right,Medium,67,35,27,57
224616,63,1,1035,12.99,71 in,Right,Medium,77,60,59,59
198150,69,1,1100,12.446,181,Right,High,66,69,69,67
259921,66,1,1086,10.272,73 in,Right,Medium,63,68,70,59
192012,67,1,1069,17.339,192,Right,Medium,36,40,40,45
232462,69,1,1078,12.446,171,Right,High,71,70,70,68
206144,59,1,1016,10.027,173,Left,Medium,78,59,65,60
253824,67,1,1093,10,72 in,Right,Medium,72,61,57,63
183280,72,3,1044,14.621,190,Right,Medium,46,48,45,56
262548,61,1,1022,10.163,71 in,Right,Medium,70,58,60,62
236600,74,1,1648,36.366,180,Right,Medium,77,34,30,70
212992,68,1,1086,13.534,190,Right,High,70,65,66,67
257930,48,1,1004,11.359,68 in,Right,Medium,53,50,55,39
201144,76,2,1360,18.426,73 in,Right,Medium,50,63,54,72
186839,66,1,1037,11.359,178,Right,Medium,72,65,64,65
217202,62,1,1033,11.359,180,Right,Medium,70,62,60,64
258703,54,1,1019,10.217,71 in,Right,Medium,67,54,56,55
258440,54,1,1015,10.027,72 in,Right,Medium,67,32,28,42
246937,67,1,1165,10.815,171,Right,High,93,57,60,68
255971,65,1,1129,10.815,182,Right,Medium,63,48,39,63
263810,62,1,1058,10.815,179,Right,High,73,55,55,67
262672,63,1,1078,11.359,71 in,Right,Medium,66,57,58,67
257495,55,1,1021,10.272,172,Right,High,81,51,53,56
244376,72,1,1252,10.082,72 in,Right,Medium,64,63,66,69
242325,64,1,1048,10.815,191,Right,Medium,58,49,48,62
248482,61,1,1049,12.446,181,Right,Medium,74,33,25,50
214038,69,1,1114,10.272,73 in,Right,Medium,58,46,32,45
189946,74,1,1223,20.057,69 in,Right,Medium,45,47,41,72
257811,60,1,1035,10.272,71 in,Right,Medium,69,48,45,58
253777,68,1,1114,10,68 in,Right,Medium,70,67,67,71
245850,73,1,1172,10.19,186,Right,Medium,62,63,61,75
236987,80,2,3236,26.037,184,Right,Medium,74,50,39,70
239523,65,1,1058,10.815,76 in,Right,Medium,36,30,25,34
261315,56,1,1022,10,182,Left,Medium,69,36,32,53
229831,69,1,1143,14.621,69 in,Left,High,67,47,50,66
240576,66,1,1071,12.446,162,Right,Medium,75,56,53,71
153079,87,4,4680,151.073,68 in,Right,High,71,89,93,86
247674,62,1,1069,10.815,179,Right,High,79,58,55,65
236818,60,1,1039,10.272,70 in,Left,Medium,67,54,54,61
261765,61,1,1051,10,174,Right,Medium,68,49,46,65
212269,76,2,1685,17.339,184,Right,Medium,72,68,64,76
263466,58,1,1033,10,175,Left,High,77,56,61,69
254002,55,1,1021,10.272,182,Right,Medium,68,51,48,55
209885,67,1,,,186,Right,High,80,67,67,69
206222,72,1,1136,16.795,71 in,Left,Medium,66,52,49,55
254909,75,1,1793,10.163,69 in,Left,High,85,55,52,78
257380,64,1,1093,10.815,182,Right,Medium,67,34,32,59
263996,58,1,1031,10.054,183,Left,Medium,62,54,55,57
243582,56,1,1021,10,174,Right,Medium,56,57,57,57
200812,63,1,1028,10.815,189,Right,Medium,62,53,52,55
238050,74,1,1612,26.581,174,Right,High,94,68,70,80
232258,57,1,1010,11.359,185,Right,Medium,65,56,55,59
241933,70,1,1259,14.621,173,Right,Medium,70,65,65,70
222350,66,1,1060,11.359,179,Left,Medium,78,61,62,65
232090,64,1,1053,11.359,73 in,Right,Medium,52,60,59,63
223879,71,1,1114,10.245,185,Left,High,68,73,75,65
196935,71,1,1129,18.426,189,Left,Low,59,28,18,55
213565,83,3,4463,48.326,171,Left,High,82,76,75,88
237335,65,1,1114,16.795,70 in,Left,Medium,68,57,54,73
264067,54,1,1016,10.245,175,Right,High,67,51,52,58
243615,60,1,1019,10.272,189,Left,Medium,60,38,28,56
186783,69,1,1062,14.621,73 in,Right,Medium,73,66,66,70
230523,64,1,1026,11.903,177,Left,Medium,56,68,74,66
203128,71,1,1114,15.708,72 in,Right,Medium,57,55,49,65
247196,57,1,1003,10.815,175,Right,Medium,64,48,48,55
246137,62,1,1066,12.99,184,Right,Medium,74,33,29,62
256858,57,1,1028,10.272,72 in,Right,Medium,65,44,42,58
201707,69,1,,,183,Right,Medium,70,35,24,56
247112,67,1,1107,11.903,180,Right,Medium,66,47,40,64
232665,79,1,2695,25.494,69 in,Right,Medium,47,60,49,72
260248,69,1,1100,12.446,176,Right,High,76,71,68,66
259483,54,1,1016,10.163,70 in,Right,Medium,70,55,53,56
153060,73,1,1039,14.077,74 in,Left,High,55,52,42,54
258441,62,1,1058,10.19,72 in,Left,Medium,62,28,25,39
243047,60,1,1042,14.077,182,Right,Medium,68,61,65,62
234638,60,1,1035,10.245,73 in,Right,Medium,71,60,67,52
247125,60,1,1033,10.272,178,Left,Medium,74,37,28,65
240068,65,1,1057,12.99,174,Right,Medium,79,56,60,63
229927,80,2,3164,32.017,72 in,Left,Medium,74,64,61,77
263020,62,1,1031,11.359,184,Right,Medium,61,36,25,42
255564,60,1,1042,10.082,174,Left,High,68,46,46,68
248253,52,1,1014,10,64 in,Right,Medium,79,44,42,56
220600,67,1,1078,11.359,69 in,Left,High,67,52,42,55
237913,65,1,1055,10.272,180,Right,Medium,68,20,12,53
230506,69,1,1136,14.077,174,Left,Medium,72,73,77,77
262790,63,1,1049,10.815,181,Right,Medium,61,40,41,63
236191,67,1,1078,12.446,73 in,Right,Medium,71,65,70,66
261016,65,1,1069,11.359,70 in,Left,Medium,74,50,47,58
244973,72,1,1360,16.252,180,Right,High,68,64,63,71
246928,70,1,1259,17.339,178,Left,High,74,60,65,71
209610,70,1,1069,16.252,166,Right,Medium,70,53,40,59
259405,63,1,1078,11.359,70 in,Right,Medium,70,51,50,62
196871,64,1,1016,10,163,Left,High,61,56,57,67
248604,63,1,1071,11.903,66 in,Left,High,81,41,35,60
262804,61,1,1026,10.272,184,Right,Medium,73,50,49,58
214980,68,1,1071,10.272,71 in,Right,Medium,65,67,68,62
264366,53,1,1014,10,70 in,Right,High,64,24,21,51
244271,70,1,1143,15.165,184,Right,Medium,69,58,55,61
257411,63,1,1071,10.272,185,Right,Medium,70,54,51,69
245628,61,1,1049,11.359,74 in,Right,Low,46,30,27,40
190589,70,1,1107,16.252,180,Right,Medium,68,65,62,69
257953,54,1,1017,10,180,Right,Low,63,42,37,55
255049,57,1,1028,10.272,66 in,Right,Medium,85,46,41,68
240201,68,1,1194,11.903,70 in,Left,Medium,69,61,59,68
200529,76,2,1432,28.755,187,Right,High,74,75,73,81
258361,66,1,1086,11.359,193,Left,Medium,82,29,24,40
228762,66,1,1093,11.359,71 in,Right,Medium,74,46,40,65
194015,69,1,1078,16.252,188,Left,Medium,51,58,56,56
228061,60,1,1014,11.359,69 in,Right,High,78,57,57,62
255808,57,1,1026,10,176,Left,Medium,66,44,40,57
233727,66,1,1136,10.815,72 in,Right,High,81,60,61,64
197225,80,3,2190,16.252,170,Left,High,74,73,72,81
259036,71,1,1288,10,69 in,Left,High,75,43,36,73
210304,62,1,1024,10.272,176,Left,High,72,49,34,66
263160,56,1,1010,11.359,175,Right,Medium,59,32,27,54
247200,67,1,1100,11.903,74 in,Right,Medium,64,69,71,65
258343,71,1,1295,10.027,72 in,Right,Medium,73,65,63,71
208777,77,2,1973,24.406,175,Right,High,63,67,66,83
205618,69,1,1114,13.534,180,Right,High,66,31,22,62
213557,70,1,1114,12.446,177,Right,Medium,67,68,63,68
194018,70,1,1114,20.601,188,Right,High,66,69,72,65
261670,50,1,1007,10.19,74 in,Right,Medium,62,26,20,28
238450,65,1,1053,11.359,196,Right,Low,46,36,39,37
181298,62,1,1013,10.272,184,Right,Low,70,30,21,34
254954,65,1,1024,10,71 in,Left,Medium,62,67,71,59
234229,68,1,1194,11.359,74 in,Right,High,77,53,52,66
229890,67,1,1086,11.903,74 in,Right,Medium,74,46,45,65
255314,64,1,1093,10.815,72 in,Right,High,69,35,33,61
255941,59,1,1033,10,182,Left,Medium,74,35,32,51
200724,81,2,2262,85.837,71 in,Right,Low,78,37,32,64
237101,62,1,1062,10.272,185,Right,Medium,69,48,35,63
230390,71,1,1136,12.99,192,Right,Low,49,44,36,45
215412,69,1,1114,13.534,180,Left,Medium,73,41,36,63
248740,62,1,1069,12.446,188,Right,High,62,60,63,61
229654,71,1,1143,12.99,70 in,Right,High,91,49,50,80
199647,64,1,1028,10.815,71 in,Right,High,54,61,58,61
205862,66,1,1051,10.815,183,Right,Medium,63,51,44,60
255394,61,1,1053,10.272,181,Right,Medium,58,49,44,60
262633,61,1,1033,10.19,76 in,Right,Medium,61,24,20,33
253302,68,1,1086,10.027,184,Right,Medium,47,65,65,73
264638,60,1,1037,10,170,Right,Medium,69,61,65,61
246711,59,1,1021,10.815,164,Right,High,90,48,46,60
221269,75,1,1504,29.299,72 in,Left,Medium,60,56,51,66
260413,63,1,1078,10.815,179,Right,Medium,79,61,63,67
236325,62,1,1067,12.99,71 in,Left,High,69,45,34,65
220198,71,1,1187,11.903,181,Right,Medium,80,66,63,73
235056,63,1,1051,10.272,180,Right,Medium,72,62,62,71
203581,74,1,1266,18.97,69 in,Right,High,84,39,23,73
231814,64,1,1035,10.082,180,Right,Medium,76,65,70,65
173671,69,1,1031,15.165,73 in,Right,Medium,34,37,35,47
226652,67,1,1067,11.903,73 in,Right,Medium,58,58,54,58
261097,66,1,1114,11.359,179,Left,Medium,70,28,22,57
207925,65,1,1044,10,176,Right,Medium,72,44,36,61
213846,72,1,1053,11.903,179,Right,Medium,70,38,33,57
198328,67,1,1022,10,75 in,Right,Medium,41,54,63,31
224394,77,1,1793,18.426,180,Right,High,77,74,70,84
257764,61,1,1048,10.272,71 in,Right,Medium,65,61,66,58
262772,61,1,1030,10,71 in,Left,Medium,76,59,59,61
262123,50,1,1006,10,69 in,Left,Medium,58,30,29,47
211504,70,1,1143,32.017,182,Right,Medium,67,67,62,70
235607,63,1,1035,10.815,69 in,Left,Medium,63,58,52,64
200962,70,1,1093,12.99,168,Right,Medium,78,62,60,71
256079,64,1,1100,13.534,70 in,Right,High,72,56,57,58
253121,61,1,1051,10.815,182,Right,High,81,61,64,65
261084,68,1,1194,16.252,178,Right,High,82,71,74,67
226075,71,1,1114,10.163,175,Right,Medium,83,56,50,68
261299,61,1,1058,10.136,178,Right,High,72,44,38,68
236783,65,1,1114,10.815,70 in,Left,Medium,76,53,56,67
143699,72,2,1037,13.534,175,Right,High,71,63,58,72
204451,75,1,1432,22.232,72 in,Right,Medium,65,31,23,56
235875,76,1,1685,24.406,183,Right,Medium,77,57,60,77
261139,67,1,1086,10,186,Right,Medium,64,56,55,60
259753,56,1,1031,10.19,170,Right,Medium,64,54,54,65
231868,70,1,1158,12.446,73 in,Right,Medium,71,70,69,70
263870,56,1,1021,11.359,72 in,Right,Medium,61,48,50,54
234123,66,1,1071,13.534,69 in,Right,Medium,72,32,31,62
232546,72,1,1165,16.795,68 in,Right,High,72,73,73,71
202135,72,2,1165,16.795,71 in,Right,High,68,67,55,73
259493,60,1,1042,10.815,175,Right,Medium,71,52,55,68
253772,65,1,1067,10,69 in,Right,Medium,64,71,70,67
185221,77,3,1360,33.104,187,Left,Medium,52,57,40,68
235544,70,1,1107,14.077,73 in,Right,Low,59,48,36,64
246656,64,1,1093,11.359,191,Right,High,78,58,57,59
261970,60,1,1037,10,69 in,Right,Medium,63,54,55,65
261107,53,1,1016,10,187,Right,Medium,80,53,56,45
202974,64,1,1033,10.815,70 in,Right,Medium,81,58,53,58
233012,64,1,1055,10.815,187,Right,Medium,56,37,22,43
255756,56,1,1022,10.082,188,Right,Medium,68,38,34,55
263570,61,1,1048,10.245,186,Right,Medium,71,33,28,37
222773,68,1,1107,13.534,186,Right,Medium,78,37,35,57
238458,64,1,1093,10.815,74 in,Right,High,76,64,64,67
260651,59,1,1033,10,68 in,Right,High,69,50,54,64
246053,66,1,1158,16.795,175,Left,High,73,66,68,69
263666,54,1,1016,10.272,165,Right,Medium,58,42,39,57
226024,62,1,1037,10.815,179,Right,Medium,72,55,55,65
254357,64,1,1057,10,68 in,Left,Medium,67,42,45,56
233419,82,2,4319,58.112,176,Left,High,91,76,74,86
230353,74,1,1302,24.406,67 in,Left,High,88,68,68,76
254884,55,1,1022,11.359,70 in,Right,Medium,71,48,50,51
242974,69,1,1194,14.621,175,Right,Medium,78,58,57,74
29552,63,3,,10.163,178,Left,High,31,67,60,60
251390,55,1,1021,10.815,72 in,Left,Medium,53,55,59,53
224389,77,1,2551,36.91,175,Left,High,84,78,78,80
230972,74,1,1396,14.621,170,Left,High,88,61,62,75
210761,75,2,1432,14.621,175,Right,High,76,70,70,77
226518,67,1,1071,11.903,190,Left,Medium,39,41,34,43
246431,70,1,1280,22.775,180,Right,Medium,83,62,65,72
264213,57,1,1026,11.359,70 in,Left,Medium,66,50,51,63
210413,82,2,3272,36.366,185,Left,Medium,68,40,30,65
263381,56,1,1026,10.109,68 in,Right,High,75,56,61,54
189462,72,2,1136,21.144,68 in,Right,Medium,82,69,67,73
230912,69,1,1158,13.534,191,Right,Medium,76,52,50,70
166851,64,1,,,75 in,Right,Low,28,47,40,45
229862,76,1,2009,15.165,179,Right,Medium,53,70,74,76
226628,65,1,1040,10.19,199,Right,Low,35,31,24,37
257192,55,1,1022,10.054,185,Right,Medium,81,50,50,55
213092,71,1,1143,12.446,171,Right,Low,55,38,31,56
239365,65,1,1071,11.359,74 in,Right,High,75,62,62,61
214111,73,1,1078,10.272,69 in,Right,High,75,54,40,65
232119,80,1,2803,57.568,73 in,Right,Medium,76,46,39,65
255391,60,1,1046,10.815,179,Left,Medium,63,43,40,61
201891,68,1,1071,12.446,179,Right,Medium,65,70,71,66
260091,63,1,1086,10,193,Right,Medium,58,59,62,61
262314,62,1,1062,10.245,74 in,Left,Medium,72,59,61,64
217940,81,1,2731,29.299,178,Right,Medium,69,37,29,50
217199,63,1,1039,10.815,189,Right,Medium,51,32,26,32
201971,73,1,1086,14.621,68 in,Left,High,75,70,71,71
262100,63,1,1071,10.815,76 in,Right,Medium,72,30,23,35
262773,59,1,1016,10,74 in,Right,High,70,56,56,59
213655,77,2,1937,46.695,73 in,Right,High,77,64,63,83
230528,75,1,1432,15.708,188,Right,Medium,53,40,30,58
211626,72,1,1165,14.077,174,Left,High,75,68,67,70
231391,71,1,1215,23.863,68 in,Right,Medium,71,66,64,74
232691,67,1,1060,11.903,187,Right,Medium,76,27,19,36
258929,55,1,1022,10.163,74 in,Right,Low,57,33,27,42
254019,63,1,1086,10.272,72 in,Right,High,77,64,72,55
210493,62,1,1026,10.815,181,Right,Medium,66,54,49,61
255471,65,1,1078,10.815,183,Right,Medium,66,57,56,66
231777,74,1,1612,21.688,66 in,Left,High,83,66,64,83
248577,60,1,1022,10.082,190,Right,Medium,52,38,34,36
225757,65,1,1060,11.359,185,Left,High,77,59,61,68
255588,62,1,1058,10.082,177,Right,Medium,70,44,49,66
240953,73,1,1302,15.708,181,Right,Medium,72,43,37,72
205391,76,1,1612,17.339,74 in,Right,Medium,66,59,48,80
237220,62,1,1031,10.272,70 in,Right,Medium,75,42,39,60
214896,67,1,1086,10,70 in,Right,High,75,67,68,65
232358,71,1,1114,12.99,67 in,Right,Medium,69,42,32,59
209526,63,1,1035,10.19,69 in,Left,High,64,55,53,61
247021,64,1,1093,10.19,174,Right,Medium,64,53,49,70
224875,66,1,1078,10.815,178,Right,Medium,76,43,41,64
210667,62,1,1031,10.272,71 in,Right,High,58,64,58,69
192321,66,1,1058,12.99,175,Left,Medium,64,64,57,68
179971,67,1,1060,12.446,74 in,Right,Medium,83,66,68,65
257959,59,1,1035,10.272,194,Left,Medium,52,61,66,43
228009,58,1,1016,10.272,69 in,Right,Medium,75,41,36,61
224376,70,1,1143,12.446,191,Right,Medium,31,37,33,41
206114,75,1,1504,21.688,71 in,Right,High,76,65,65,75
258396,62,1,1064,12.99,75 in,Left,Medium,51,30,21,51
233957,67,1,1165,12.99,185,Left,Low,59,54,52,63
252084,75,1,1648,25.494,72 in,Right,High,76,78,80,73
246203,66,1,1136,10,187,Right,High,73,65,67,64
186331,64,1,1033,10.815,174,Left,Medium,82,61,59,64
247195,64,1,1049,11.359,69 in,Left,High,75,61,65,60
206141,70,1,1114,18.426,197,Right,Medium,70,70,69,66
230933,67,1,1093,10.815,186,Right,Medium,44,40,36,58
263610,56,1,1022,10,71 in,Left,Medium,60,33,29,57
208769,71,1,1136,20.601,71 in,Right,Medium,55,64,56,63
219950,67,1,1078,10.815,187,Right,Medium,70,44,41,44
228802,72,1,1165,25.494,178,Right,High,76,51,48,68
262387,63,1,1033,10.815,173,Left,Medium,76,40,32,57
259977,67,1,1114,12.446,70 in,Right,High,59,68,72,61
233743,62,1,1064,10.272,174,Right,High,77,58,53,73
246145,72,1,1396,12.446,169,Right,Medium,87,62,63,79
222022,72,1,1179,16.252,176,Right,High,86,60,57,76
243696,56,1,1024,10.163,71 in,Left,Medium,74,51,49,56
187113,67,1,1053,10.815,74 in,Right,High,52,52,41,61
205531,75,2,1468,20.057,71 in,Right,Medium,70,74,74,74
247378,66,1,1051,10.815,166,Right,High,90,58,63,63
219451,68,1,1086,12.446,75 in,Left,Low,40,41,30,56
252850,55,1,1022,10,68 in,Right,Medium,70,47,50,60
175092,68,2,1015,10.815,181,Left,Medium,45,59,49,53
263084,62,1,1053,10,188,Right,Medium,60,26,23,45
243767,61,1,1057,11.903,173,Right,High,66,53,50,63
228414,77,1,2045,29.843,69 in,Left,High,79,74,75,81
241394,66,1,1136,10.815,178,Right,High,82,66,69,58
190560,68,1,1055,11.359,196,Right,Low,36,36,31,37
229659,75,1,1612,17.339,183,Right,High,66,68,68,72
264055,50,1,1006,10.272,186,Right,High,53,48,53,43
178421,65,1,1016,10.272,70 in,Left,Medium,57,61,61,68
232728,69,1,1071,11.359,167,Right,High,76,48,33,61
248573,72,1,1360,27.668,175,Right,Medium,83,61,59,75
232589,66,1,1067,11.903,174,Right,Medium,77,58,59,67
230478,71,1,1158,13.534,169,Right,Medium,76,54,62,76
229466,69,1,1100,12.446,67 in,Left,High,89,67,64,67
252593,64,1,1093,11.359,69 in,Left,Medium,58,54,48,61
188802,71,2,1069,24.406,180,Left,Medium,55,48,34,63
230497,74,1,1302,18.426,180,Right,High,80,75,77,73
238463,78,2,2514,41.259,69 in,Right,High,70,72,69,81
254713,55,1,1024,10,175,Right,Medium,52,40,40,55
203431,72,1,1172,14.621,177,Right,Medium,82,72,73,72
252771,57,1,1026,10,67 in,Right,Medium,64,44,43,60
202978,69,1,1086,11.359,184,Right,Medium,77,38,22,43
202048,79,1,2262,53.219,73 in,Right,Low,47,58,51,62
255722,58,1,1033,10,173,Left,Medium,64,49,58,56
228646,65,1,1114,11.903,177,Left,Medium,73,57,58,70
171971,65,1,1022,10.815,183,Left,Medium,43,66,62,66
206662,72,1,1114,12.99,76 in,Right,Low,42,28,23,44
262538,60,1,1035,10.815,186,Left,Medium,73,58,58,62
240190,73,1,1288,10.272,180,Right,Medium,83,71,69,76
262450,55,1,1021,10.272,71 in,Right,Medium,71,47,40,55
255091,58,1,1031,10,168,Right,Medium,60,52,50,59
182670,73,1,1107,23.863,178,Right,Medium,54,59,53,67
243513,60,1,1040,11.359,73 in,Right,Medium,47,26,10,40
244684,64,1,1093,11.359,180,Right,High,71,64,65,63
262587,65,1,1136,10,183,Right,Medium,76,66,68,57
232413,70,1,1158,16.795,183,Right,Medium,75,34,26,64
259631,62,1,1066,10.272,69 in,Left,Medium,64,37,36,50
246282,67,1,1107,12.446,72 in,Right,High,70,35,25,58
260708,66,1,1129,11.359,69 in,Right,Medium,75,44,42,65
176693,75,1,1129,15.165,183,Right,Medium,43,48,28,44
262971,63,1,1046,10.815,73 in,Right,Medium,68,31,29,44
192985,91,4,10056,200,71 in,Right,High,76,86,82,88
241410,70,1,1273,24.406,178,Right,Medium,78,63,63,78
259795,64,1,1093,10,170,Right,Medium,71,55,63,65
190139,68,1,1086,12.446,69 in,Right,High,77,67,66,71
212065,66,1,1044,10.815,69 in,Right,Medium,73,27,21,65
234264,67,1,1107,11.359,170,Right,High,80,55,56,66
236518,73,1,1331,21.144,170,Left,Medium,80,69,70,76
252326,65,1,1129,11.359,173,Left,Medium,71,60,59,64
228303,68,1,1086,10.272,175,Right,High,85,66,68,72
259325,61,1,1046,10.815,69 in,Left,High,68,56,57,69
182122,66,1,1031,11.903,70 in,Left,High,72,53,45,63
248289,55,1,1011,10,68 in,Right,Medium,78,45,42,52
254932,64,1,1049,10,183,Left,Medium,75,55,62,67
232619,66,1,1019,11.359,176,Right,High,58,65,61,63
232670,75,1,1259,17.339,185,Right,Medium,68,78,80,74
212188,84,3,5077,93.991,71 in,Right,High,91,81,81,82
179789,77,2,1360,37.454,72 in,Right,Medium,50,37,25,42
259474,59,1,1037,10.272,71 in,Left,Medium,58,49,45,63
232692,71,1,1107,14.077,73 in,Right,Medium,67,69,67,71
237378,64,1,1093,10.272,70 in,Right,Medium,76,54,56,68
235794,77,1,2190,34.192,178,Right,Medium,77,69,71,83
230830,66,1,1062,12.99,76 in,Left,Medium,33,71,73,62
254898,64,1,1057,11.359,170,Right,Medium,71,61,54,69
244724,63,1,1078,10.815,175,Left,Medium,73,56,54,68
227990,67,1,1071,11.359,186,Right,Medium,68,63,64,71
177684,70,1,1071,14.077,74 in,Right,Medium,52,59,48,52
212602,77,2,1793,45.064,73 in,Right,Medium,71,40,39,56
200449,65,1,1013,10.815,72 in,Right,Medium,67,32,28,38
198776,67,1,1078,12.99,168,Right,Medium,66,59,59,69
244321,63,1,1042,10.815,177,Right,High,79,64,65,60
232456,64,1,1028,10.272,183,Right,Medium,58,23,21,45
156675,67,1,1022,11.359,183,Left,High,37,22,15,61
252383,67,1,1165,11.359,183,Right,High,74,54,51,70
257166,59,1,1037,10.815,74 in,Right,Medium,60,26,24,31
263419,56,1,1021,10.027,72 in,Left,Medium,71,55,60,59
205846,67,1,1064,11.359,175,Right,Medium,67,44,42,63
214313,70,1,1114,13.534,176,Right,Medium,76,63,63,75
201078,66,1,1051,10.815,71 in,Left,High,68,47,45,64
240532,62,1,1064,11.359,178,Right,Medium,83,53,54,59
223967,65,1,1114,11.359,71 in,Right,Medium,82,61,64,63
223053,78,1,1648,24.95,66 in,Left,High,81,74,77,82
237548,68,1,1071,12.99,184,Left,High,73,38,34,64
262937,60,1,1039,10.815,71 in,Right,Medium,85,54,54,62
196910,65,1,1051,10,74 in,Right,Medium,65,69,76,51
256402,67,1,1172,10.815,176,Right,High,80,64,65,73
197948,77,2,1612,22.232,74 in,Right,Medium,45,57,50,62
210021,72,1,1208,13.534,173,Right,High,78,65,65,73
232712,64,1,1060,10.272,171,Right,High,61,57,53,58
225337,64,1,1053,10.815,70 in,Left,Medium,72,47,45,66
260424,52,1,1014,10,173,Left,High,58,48,51,55
220570,76,1,1757,32.561,189,Right,Medium,52,22,19,50
194083,70,1,1039,13.534,73 in,Right,Medium,36,73,74,66
258426,64,1,1046,10.815,73 in,Right,Medium,65,28,13,51
236471,64,1,1086,10.272,175,Right,Medium,70,55,55,68
214611,68,1,1067,10.815,175,Left,High,81,62,57,71
253912,71,1,1107,10.027,182,Right,High,78,69,71,74
222836,72,1,1230,20.057,175,Right,Medium,64,55,55,63
243831,61,1,1048,10.272,192,Right,Medium,61,59,62,68
189263,69,1,1086,13.534,69 in,Right,High,72,64,63,72
159413,73,2,1093,13.534,69 in,Right,High,85,71,72,78
210722,74,1,1244,18.426,74 in,Right,High,58,75,77,69
239498,66,1,1078,10.815,68 in,Right,Medium,71,52,49,69
227873,74,1,1360,21.144,183,Right,Medium,79,57,62,75
214639,75,1,1259,22.232,185,Right,Low,67,43,44,51
228307,62,1,1042,10.815,69 in,Right,High,82,57,54,64
199049,65,1,1040,10.815,76 in,Right,Medium,48,38,32,40
230021,74,1,1396,18.97,72 in,Right,Medium,73,25,18,35
178562,82,3,2081,34.735,69 in,Right,High,62,75,71,83
263609,66,1,1060,11.359,70 in,Right,Medium,76,62,65,66
218576,63,1,1035,10.815,179,Right,Low,55,31,25,29
234940,57,1,1021,10.272,72 in,Right,Medium,66,22,16,42
263716,54,1,1017,10.815,68 in,Right,Medium,79,51,53,58
216281,68,1,1071,12.99,181,Right,Medium,71,47,37,61
259272,57,1,1026,10.027,72 in,Left,Medium,72,46,45,58
243220,63,1,1069,10.272,185,Left,Medium,59,39,36,51
158963,77,3,1215,15.708,178,Right,Medium,41,63,50,76
262053,66,1,1194,16.252,68 in,Left,Medium,82,58,64,73
262436,66,1,1064,11.359,70 in,Left,High,71,70,70,68
253250,66,1,1136,10.815,69 in,Right,High,79,62,66,72
263607,64,1,1078,11.359,67 in,Right,High,67,48,46,58
240332,71,1,1302,12.446,175,Right,High,77,70,75,76
202087,71,1,1129,14.077,181,Right,Low,54,63,50,58
220529,71,1,1194,26.581,68 in,Right,Medium,67,63,61,73
250875,63,1,1046,10,194,Right,High,73,32,38,42
240451,65,1,1107,11.359,69 in,Left,High,73,46,46,70
188292,66,1,1021,10,74 in,Right,Medium,64,63,66,56
200346,65,1,1051,11.359,74 in,Left,Medium,69,64,62,68
192342,77,2,1757,20.057,72 in,Right,Medium,54,78,74,77
209368,63,1,1039,11.359,177,Right,Medium,62,57,55,62
246591,62,1,1053,10,178,Right,Medium,70,36,33,55
261682,60,1,1019,10,175,Right,Medium,62,48,55,61
230331,77,1,1150,23.319,177,Right,Medium,67,72,69,70
254136,64,1,,,69 in,Left,High,76,60,60,65
258005,53,1,1016,10,183,Left,Medium,70,47,44,55
215689,76,2,1721,40.172,190,Left,Medium,61,75,78,78
162895,76,4,1252,33.648,179,Right,Medium,40,67,63,75
213653,62,1,1037,10.815,193,Left,Medium,45,26,23,43
260925,61,1,1051,11.359,72 in,Right,High,75,52,50,68
256672,59,1,1039,10.815,72 in,Left,Medium,69,26,20,53
233451,55,1,1008,10.815,72 in,Right,Medium,65,54,53,46
237699,61,1,1053,10.815,69 in,Right,Medium,76,59,62,62
243422,62,1,1037,10.272,169,Right,High,82,58,58,63
259117,62,1,1066,10.815,179,Left,Medium,89,58,56,65
230672,72,1,1353,24.406,187,Right,Medium,65,36,33,57
212625,70,1,1143,14.077,183,Right,High,70,62,66,72
239942,61,1,1051,11.359,177,Right,Medium,69,46,46,60
255003,58,1,1031,10.272,65 in,Right,High,54,60,64,58
240457,63,1,1071,11.359,183,Right,Low,55,28,21,36
214393,71,1,1100,10.815,73 in,Left,Medium,78,57,52,63
242209,67,1,1064,10,69 in,Right,Medium,75,52,52,61
214572,75,1,1280,11.359,71 in,Right,High,73,58,56,66
235002,71,1,1136,14.621,190,Right,Medium,52,29,23,45
225953,80,2,3164,54.306,70 in,Right,High,85,78,75,84
246056,66,1,1042,10,168,Left,Medium,66,51,43,63
264305,53,1,1015,10,192,Right,Medium,60,25,21,29
256942,66,1,1150,14.077,187,Right,Medium,66,46,38,53
221456,68,1,1114,12.446,189,Right,Medium,69,36,27,58
264180,57,1,1035,10.272,180,Right,Medium,64,46,37,60
238767,63,1,1078,10.272,172,Left,High,74,61,60,66
225072,68,1,1158,15.708,187,Right,Medium,69,35,29,60
264486,55,1,1012,10,167,Left,Medium,69,36,29,40
240903,67,1,1093,11.359,72 in,Right,Medium,50,62,62,63
233141,68,1,1093,12.99,164,Right,High,91,59,56,71
243360,64,1,1093,10.245,71 in,Right,High,72,69,65,64
245268,64,1,1093,13.534,171,Right,High,85,56,57,64
245537,67,1,1172,10.815,175,Right,Medium,83,55,56,74
230243,70,1,1114,13.534,69 in,Right,Medium,44,57,41,67
261668,53,1,1013,10,173,Left,Medium,72,29,28,52
243276,65,1,1107,11.359,69 in,Left,Medium,77,64,65,72
258569,55,1,1022,10.136,72 in,Right,High,79,55,58,57
189358,74,3,1237,10.272,175,Right,Medium,60,64,68,78
184134,84,2,2514,33.104,183,Right,Medium,66,62,54,71
236695,71,1,1266,12.99,182,Right,Medium,66,68,64,67
251848,61,1,1033,10.272,177,Right,High,71,58,61,61
235134,75,1,1540,22.232,188,Right,Medium,67,64,59,71
200108,72,1,1150,17.883,186,Left,Medium,69,51,45,68
204722,62,1,1014,10.272,177,Right,Medium,63,47,44,59
192495,72,1,1165,26.581,185,Right,Low,69,60,58,70
253346,65,1,1048,10,172,Right,Medium,64,51,53,59
262766,63,1,1035,10,187,Right,Medium,57,31,28,47
254847,63,1,1048,10.815,185,Right,Medium,63,22,18,50
222741,68,1,1086,12.99,75 in,Right,Medium,63,67,68,68
243222,67,1,1165,11.359,71 in,Right,High,69,54,54,63
244389,70,1,1259,10.027,176,Right,High,86,69,72,78
260740,67,1,1150,11.903,192,Right,Low,62,31,29,29
252775,64,1,1060,11.359,70 in,Right,Medium,67,64,64,63
264523,60,1,1039,10,177,Right,Medium,70,47,45,58
260356,66,1,1062,10.272,70 in,Right,Medium,60,66,63,65
229998,66,1,1078,10.272,176,Right,High,83,40,39,59
261167,61,1,1042,10.272,193,Right,High,63,49,38,67
200841,68,1,1078,19.514,185,Right,High,68,49,41,65
218656,66,1,1051,11.359,187,Right,High,82,28,19,44
262109,62,1,1071,10,74 in,Right,Low,68,33,28,39
246279,70,1,1172,12.446,72 in,Left,Medium,73,39,32,64
236939,64,1,1044,10,186,Left,Medium,65,34,35,43
257300,57,1,1030,10,173,Right,Medium,67,47,44,54
256453,62,1,1067,10.272,188,Right,Medium,88,56,56,67
246873,63,1,1071,12.99,75 in,Left,Medium,55,29,30,43
261275,68,1,1194,11.903,72 in,Right,Medium,80,61,63,82
209888,73,1,1215,12.446,71 in,Left,High,83,68,69,72
206083,69,1,1114,18.426,173,Right,High,85,66,64,73
226429,61,1,1051,10.054,170,Right,Medium,74,59,56,60
257715,60,1,1028,10.272,67 in,Left,Medium,78,54,54,72
252917,67,1,1158,11.903,180,Left,Medium,65,54,51,66
244887,67,1,1136,11.903,71 in,Left,High,75,44,36,65
258000,58,1,1037,10,70 in,Right,Medium,67,46,52,57
247910,65,1,1042,10.815,177,Right,Medium,56,35,34,45
263215,51,1,1008,11.359,182,Right,Medium,75,50,52,51
252382,64,1,1093,10.815,176,Right,High,72,51,48,65
263082,62,1,1046,10,179,Right,High,74,60,63,65
234134,68,1,1100,14.621,177,Right,Medium,65,54,51,60
214413,65,1,1051,10.272,69 in,Right,Medium,68,50,50,65
218646,57,1,1016,10.815,178,Right,Medium,69,51,48,57
255285,66,1,1019,11.359,195,Left,Medium,32,34,35,40
206601,69,1,1093,11.359,188,Right,High,67,37,31,57
232875,70,1,1058,13.534,178,Right,High,57,53,58,66
252052,64,1,1093,12.446,175,Left,High,72,64,64,66
241856,73,1,1468,20.057,70 in,Right,Medium,69,62,60,75
242041,69,1,1136,20.057,70 in,Right,Medium,80,59,57,66
238508,62,1,1058,10.136,189,Right,Medium,55,27,25,39
234772,77,1,1721,26.037,69 in,Right,High,89,70,77,77
192528,65,1,1016,11.359,195,Right,Medium,34,54,47,42
254333,67,1,1158,14.077,177,Left,High,74,61,58,73
242286,61,1,1051,11.359,72 in,Right,High,69,59,61,61
233506,60,1,1024,10.136,173,Right,High,75,48,51,60
208917,67,1,1037,15.165,65 in,Right,High,83,31,27,63
244940,66,1,1086,11.903,184,Left,High,76,43,39,59
219990,69,1,1136,11.903,181,Right,Medium,69,56,56,67
221279,65,1,1067,11.359,64 in,Right,Medium,67,62,60,60
257868,69,1,1237,17.883,69 in,Right,Medium,70,59,60,70
256620,55,1,1022,10.815,178,Right,High,67,49,48,53
232963,64,1,1044,10.272,171,Right,High,92,57,60,66
232849,69,1,1143,12.446,72 in,Left,Medium,79,55,49,62
219627,65,1,1078,10.815,68 in,Right,Medium,83,55,55,65
241704,67,1,1100,10.815,172,Left,Medium,76,43,37,57
231110,69,1,1114,15.708,196,Right,Medium,33,42,40,41
259727,51,1,1009,10,173,Right,Medium,77,47,48,50
264454,54,1,1017,10.027,180,Right,Medium,73,48,48,55
195096,78,1,1973,25.494,74 in,Right,High,59,75,71,76
186416,62,1,1011,10,72 in,Right,Medium,59,60,65,62
228716,72,1,1150,18.426,68 in,Right,Medium,68,53,55,65
225927,66,1,1064,10.815,68 in,Left,Medium,78,47,43,61
233298,66,1,1044,10,70 in,Right,High,70,44,49,65
242424,64,1,1093,10,65 in,Right,High,60,58,59,74
253390,59,1,1031,10.272,183,Right,Medium,72,58,60,58
248250,55,1,1007,10,69 in,Left,Medium,68,26,21,47
230467,68,1,1086,13.534,72 in,Left,Medium,63,60,60,72
258355,61,1,1057,10.163,188,Right,Medium,65,53,53,61
254246,61,1,1053,10.082,178,Right,High,72,54,62,70
172960,70,1,1071,24.95,183,Right,Medium,61,71,72,66
192041,76,1,1468,21.688,188,Right,Low,66,41,34,53
183819,68,1,1071,11.903,72 in,Right,High,59,46,35,61
152107,64,1,1010,10.815,74 in,Left,Low,35,48,43,55
167512,65,1,1031,11.359,69 in,Right,High,88,63,63,65
260687,58,1,1033,10.272,178,Right,High,73,30,28,60
240970,72,1,1360,19.514,182,Right,Medium,70,59,53,72
225557,63,1,1066,10.815,184,Right,Medium,67,31,29,55
213923,56,1,1013,10.815,70 in,Right,Medium,73,49,48,55
225533,69,1,1150,14.077,190,Left,Medium,76,67,70,67
244603,67,1,1179,11.359,187,Right,Medium,75,35,25,50
254131,67,1,1179,12.446,69 in,Left,Medium,69,59,58,67
246860,60,1,1048,10,69 in,Right,Medium,69,50,51,62
260329,64,1,1093,10,69 in,Right,Medium,70,63,66,70
241138,62,1,1064,11.359,187,Right,Medium,84,58,62,59
230410,70,1,1114,20.601,67 in,Right,Medium,77,64,68,73
257622,64,1,1093,10,69 in,Right,Medium,74,46,41,57
238479,67,1,1067,13.534,184,Right,Medium,53,43,38,52
193794,73,1,1432,20.601,72 in,Left,High,75,72,74,65
202893,67,1,1071,10,71 in,Right,High,83,66,69,63
259720,57,1,1024,10,182,Right,Medium,61,33,35,41
248661,67,1,1158,13.534,188,Right,Medium,59,44,39,67
245209,72,1,1237,15.165,67 in,Left,Medium,72,60,55,66
255110,67,1,1150,10.815,193,Right,Low,54,27,23,52
220028,68,1,1107,12.99,176,Left,High,86,39,42,69
203292,65,1,1046,11.359,71 in,Right,Medium,66,43,48,54
193602,69,1,1064,14.077,180,Right,Medium,50,44,40,42
222420,65,1,1062,11.903,70 in,Right,Medium,72,61,60,65
202986,70,1,1078,12.446,177,Right,High,59,64,61,68
226561,62,1,1060,10.272,183,Right,Medium,67,33,29,54
247908,60,1,1037,10.272,69 in,Right,Medium,82,39,34,50
219391,77,1,1721,36.91,182,Right,Medium,66,67,66,69
241419,69,1,1208,12.446,183,Left,Medium,68,54,54,66
262724,64,1,1048,10.815,184,Right,High,72,35,30,51
247062,64,1,1093,10,69 in,Right,Medium,77,40,35,52
238616,78,1,3056,43.433,68 in,Left,High,87,74,76,83
243806,69,1,1114,14.621,72 in,Right,High,75,70,73,68
259805,57,1,1030,10.272,173,Right,Medium,77,40,35,61
247833,62,1,1067,10.815,71 in,Right,High,78,53,50,68
234167,65,1,1071,11.359,73 in,Left,Medium,56,34,27,48
230392,74,1,1295,27.124,69 in,Left,Medium,82,72,71,73
256564,62,1,1071,11.359,74 in,Right,Medium,67,59,62,70
221926,65,1,1058,13.534,68 in,Left,Medium,75,59,60,65
258881,70,1,1215,13.534,70 in,Right,High,84,64,60,73
188305,67,1,1035,11.903,188,Right,Medium,60,67,66,64
193851,67,1,1069,10.272,174,Right,Medium,63,58,57,67
256343,70,1,1215,16.795,73 in,Right,Low,73,41,30,57
236782,63,1,1078,10.815,68 in,Right,High,75,63,65,75
246785,76,1,2190,37.997,175,Left,High,78,67,73,82
242946,67,1,1114,11.903,180,Right,Medium,81,59,60,71
227706,73,1,1295,10.136,71 in,Right,Medium,77,55,59,72
212156,67,1,1078,12.99,73 in,Right,High,74,66,68,67
160207,65,1,1049,10,172,Right,Medium,61,61,50,65
261158,56,1,1030,10,192,Right,Medium,65,30,22,28
245423,51,1,1008,11.359,68 in,Right,High,66,42,40,58
240837,71,1,1158,24.95,174,Right,High,72,67,65,70
255400,68,1,1179,11.903,74 in,Right,Low,60,26,25,42
211513,71,1,1143,15.165,180,Right,Medium,74,72,68,72
228888,68,1,1179,12.446,190,Right,Medium,67,31,24,41
221014,75,1,1612,25.494,73 in,Left,Medium,69,77,79,78
264599,53,1,1016,10,168,Right,High,73,41,40,52
195412,73,1,1107,17.883,72 in,Right,High,68,74,74,72
203329,68,1,1078,12.446,68 in,Right,Medium,61,31,25,51
213620,73,1,1237,14.077,69 in,Right,Medium,78,73,75,71
236209,64,1,1078,11.359,177,Left,High,79,37,29,63
240674,61,1,1049,10.815,176,Left,Medium,64,53,51,55
192114,71,1,1143,23.319,185,Right,Low,59,43,41,55
215565,72,1,1201,37.454,76 in,Right,Low,51,26,18,51
219177,68,1,1100,12.99,70 in,Right,Medium,68,64,64,66
239894,70,1,1230,14.621,70 in,Left,High,67,52,46,70
229557,65,1,1062,10.054,168,Left,Medium,77,41,36,63
236579,63,1,1037,10.217,195,Right,Medium,53,28,24,43
255531,59,1,1017,11.359,175,Right,Medium,71,42,34,51
257759,64,1,1039,10.815,181,Left,Medium,64,35,25,51
264569,50,1,1007,10.815,69 in,Right,Medium,64,44,41,52
199561,76,2,1252,22.232,69 in,Right,High,64,76,77,77
224855,66,1,1078,10.815,180,Right,Medium,65,56,55,66
187491,76,2,1468,35.279,73 in,Right,High,81,76,76,75
235028,69,1,1208,15.708,185,Left,Medium,54,36,35,62
194248,64,1,1012,10.217,173,Right,Medium,32,59,59,66
208852,63,1,1035,10.815,178,Left,High,71,62,61,65
211952,65,1,1051,11.359,186,Left,High,72,66,62,70
233394,60,1,1035,10.815,178,Right,Medium,70,37,37,60
206297,66,1,1044,11.359,73 in,Left,High,68,38,38,54
252324,66,1,1150,14.621,174,Right,Medium,76,62,65,69
236841,64,1,1055,12.446,68 in,Left,Medium,78,62,62,65
258825,58,1,1030,10.272,182,Right,Medium,48,33,27,59
251025,66,1,1136,11.359,180,Right,Medium,78,61,59,64
237512,70,1,1172,13.534,71 in,Left,High,81,65,63,72
226510,65,1,1093,11.359,185,Left,Medium,68,52,52,59
225863,76,1,1721,17.339,71 in,Left,Medium,74,33,33,73
257053,55,1,1019,10.19,73 in,Right,High,58,55,60,58
221306,74,1,1295,14.077,64 in,Right,High,92,65,63,76
255071,53,1,1014,10.272,182,Right,Medium,55,25,25,30
255273,65,1,1107,10.815,73 in,Right,Medium,53,31,34,55
245893,62,1,1064,10.815,178,Right,Medium,72,62,63,67
256750,58,1,1021,10.815,183,Right,Medium,63,25,21,34
210482,65,1,1042,11.903,192,Right,Medium,33,54,48,52
264528,52,1,1012,10,168,Right,Medium,73,42,42,58
203363,68,1,1086,10.815,77 in,Left,Medium,43,47,38,35
204277,76,1,1432,16.252,171,Right,Medium,66,67,68,73
252096,63,1,1030,10,170,Right,High,75,48,48,68
176009,73,2,1136,19.514,69 in,Right,Medium,52,69,66,70
224335,67,1,1086,12.99,175,Right,High,91,63,64,71
245503,58,1,1035,12.446,72 in,Right,Medium,75,57,61,61
192883,83,3,3128,54.306,177,Right,Medium,85,80,80,84
247821,56,1,1026,10.082,72 in,Right,Medium,63,49,45,55
212947,71,1,1143,17.883,164,Right,Medium,91,66,70,75
246750,66,1,1078,11.903,188,Right,Medium,54,52,45,59
211512,62,1,1028,10.815,70 in,Right,Medium,70,35,27,56
192789,79,2,2081,28.212,71 in,Right,High,74,69,68,73
241470,75,1,1865,14.077,73 in,Left,Medium,77,51,49,70
231379,60,1,1024,10.272,194,Right,Medium,32,30,24,43
189860,75,1,1345,32.561,69 in,Right,High,74,57,53,72
212776,62,1,1022,10.272,178,Right,Medium,57,33,28,54
260498,57,1,1013,10.19,73 in,Right,Medium,62,25,23,45
230346,77,1,1757,27.668,176,Right,Medium,58,61,53,45
244390,70,1,1114,14.621,74 in,Right,High,76,72,72,73
227854,59,1,1033,11.359,178,Left,Medium,61,26,22,42
251856,61,1,1051,10.272,175,Right,Medium,67,48,42,67
257227,62,1,1035,11.359,184,Right,Medium,65,65,62,61
188567,85,3,4138,88.555,187,Right,Medium,89,85,89,79
256401,58,1,1035,10.815,174,Right,Medium,69,49,49,57
211900,63,1,1028,10.272,75 in,Left,Medium,54,27,19,29
259205,64,1,1100,11.359,183,Right,High,69,48,41,71
189352,66,1,1048,11.359,68 in,Right,Medium,78,60,60,67
173546,75,2,1259,32.561,192,Right,Low,33,32,29,44
237713,63,1,1037,10,180,Right,High,69,62,68,66
255977,64,1,1086,10.815,185,Left,Medium,76,37,30,58
236331,73,1,1288,20.601,186,Right,Low,54,41,42,46
261561,65,1,1107,10,175,Left,High,74,48,48,65
229161,64,1,1028,10,177,Left,Medium,67,34,34,57
228077,57,1,1010,10.815,174,Right,Medium,73,53,53,55
219575,68,1,1086,10,72 in,Right,High,76,65,68,70
258477,59,1,1033,10.272,185,Left,High,72,33,29,57
226777,75,1,1468,32.017,188,Right,High,71,74,75,73
264390,49,1,1008,10.082,178,Right,Medium,66,43,43,56
256701,57,1,1026,10.272,69 in,Right,High,72,52,52,55
261905,50,1,1005,10.272,183,Right,Medium,59,28,29,50
263946,67,1,1158,11.903,168,Right,Medium,79,63,66,71
183973,69,1,1064,11.903,179,Right,Medium,52,43,39,47
256383,60,1,1040,10,183,Right,Medium,73,53,55,63
224031,79,2,2154,41.803,73 in,Right,High,86,66,56,75
210691,65,1,1055,10.272,180,Left,High,85,57,58,62
232603,66,1,1078,10.815,182,Right,Medium,63,23,20,38
243929,66,1,1049,10,183,Right,Medium,55,25,21,22
233943,71,1,1288,15.165,70 in,Right,Medium,73,58,53,71
244348,65,1,1069,15.165,176,Right,Medium,59,33,31,55
243282,77,1,2226,24.406,72 in,Left,Medium,72,68,66,81
241862,58,1,1030,11.359,77 in,Right,Medium,54,38,28,30
182713,70,2,1030,11.359,189,Left,Medium,34,27,25,29
188196,68,1,1040,10,174,Right,High,73,66,63,67
246063,63,1,1078,10.272,71 in,Right,High,75,46,41,60
240890,56,1,1021,10.815,178,Right,High,62,42,37,58
251549,64,1,1093,10.272,162,Right,Medium,82,58,57,65
231728,65,1,1040,11.359,182,Right,High,70,63,65,56
263220,53,1,1016,10.272,70 in,Left,Medium,66,27,23,45
246457,66,1,1136,10.815,179,Left,Medium,82,62,63,73
184606,75,1,1201,16.795,180,Right,Medium,67,55,48,60
236344,67,1,1165,16.795,176,Right,Medium,64,51,48,66
214129,73,1,1223,19.514,189,Right,Low,67,34,30,50
215084,61,1,1022,10.109,175,Right,Medium,71,46,42,61
233647,70,1,1093,16.252,76 in,Right,Low,48,39,33,34
236943,68,1,1114,12.446,178,Left,Medium,90,45,38,60
233631,76,1,1721,21.688,173,Right,High,92,71,75,83
237715,73,1,1338,37.454,72 in,Right,High,72,71,76,70
264173,60,1,1039,11.359,68 in,Right,Medium,69,58,62,61
186143,74,1,1288,23.863,69 in,Right,Medium,51,67,60,62
254181,64,1,1028,10,71 in,Right,Medium,64,43,30,64
244751,68,1,1100,10.815,193,Right,Low,71,40,32,54
200215,77,2,1648,23.863,70 in,Right,High,60,64,61,72
245691,65,1,1114,10.815,172,Left,Medium,79,63,61,71
194201,75,1,1331,30.386,194,Right,Medium,59,42,29,62
198032,75,1,1338,34.735,198,Left,Medium,48,33,25,59
261653,59,1,1035,11.903,192,Right,Medium,55,57,60,48
205049,64,1,1039,10.272,73 in,Right,Low,42,29,21,33
261109,52,1,1013,10.245,178,Left,Medium,72,29,25,48
241728,69,1,1064,13.534,76 in,Right,Low,53,39,33,45
198705,70,2,1100,12.446,170,Right,High,73,62,61,72
246451,64,1,1093,10.815,184,Right,Medium,78,62,65,67
243270,70,1,1179,12.99,181,Left,High,79,72,68,75
152567,70,1,1031,11.359,180,Right,Low,55,63,55,61
238305,75,1,1504,22.232,180,Right,High,77,55,60,68
228815,73,1,1432,35.279,180,Right,Medium,75,69,70,75
235029,74,1,1468,28.212,180,Right,High,75,72,74,74
236615,65,1,1107,11.903,71 in,Right,Medium,54,58,54,67
239013,61,1,1048,10.815,176,Right,Medium,66,48,45,53
200393,58,1,1010,10,179,Right,Medium,66,42,35,56
230446,73,1,1230,14.077,182,Right,Medium,54,57,59,71
192476,70,1,1078,12.446,73 in,Left,Low,30,48,45,58
264387,64,1,1100,13.534,198,Right,Medium,62,67,72,53
221713,68,1,1078,11.903,178,Left,Medium,71,53,49,61
238072,71,1,1201,21.688,74 in,Right,Medium,53,62,52,70
213801,65,1,1066,10.815,67 in,Right,Medium,73,59,55,70
258277,52,1,1013,10,72 in,Right,Medium,62,27,26,39
252933,57,1,1024,10.815,193,Right,Medium,67,27,19,29
243716,70,1,1158,12.446,184,Left,High,81,69,72,74
226456,79,2,2659,47.239,178,Right,High,68,74,72,79
246047,65,1,1129,10.272,183,Right,Medium,67,44,46,58
261448,54,1,1017,10.054,168,Right,Medium,71,53,55,59
232161,63,1,1033,10.217,73 in,Right,Low,60,50,45,60
189514,69,1,1030,11.359,170,Right,High,74,58,47,67
250786,62,1,1066,10.272,178,Left,High,79,35,33,62
200840,71,1,1136,21.144,72 in,Right,Medium,71,36,38,58
255990,55,1,1013,10,175,Right,Medium,63,50,49,53
178628,72,1,1136,16.795,172,Right,High,75,71,70,74
210123,71,1,1136,17.883,172,Right,High,52,66,59,66
251852,71,1,1324,15.708,177,Left,Medium,92,72,74,75
192658,68,1,1062,12.99,70 in,Right,High,68,50,40,66
252358,65,1,1049,10.815,68 in,Left,Medium,78,55,53,68
207502,65,1,1026,10.272,183,Left,High,75,45,43,59
262851,55,1,1021,10.217,69 in,Right,Medium,77,52,53,56
253472,65,1,1114,10.815,70 in,Left,High,79,35,30,65
204523,72,2,1165,15.165,71 in,Right,Medium,53,69,68,70
220862,70,1,1114,21.144,72 in,Right,High,67,68,72,65
247962,53,1,1019,10,186,Right,Medium,53,24,22,29
261536,52,1,1013,10.272,71 in,Right,Medium,72,46,44,50
240846,67,1,1114,11.359,183,Right,Medium,70,66,66,65
208440,73,1,1143,16.252,76 in,Right,High,47,28,23,57
241566,66,1,1093,11.359,70 in,Left,High,69,41,35,70
262137,64,1,1100,13.534,182,Left,Medium,72,56,56,68
247019,73,1,1316,16.252,76 in,Right,Medium,62,37,23,56
210237,68,1,1093,15.165,69 in,Right,Medium,75,56,57,70
202292,64,1,1040,10.272,174,Right,Medium,76,51,44,63
214763,75,1,1071,14.621,184,Right,Low,55,55,48,58
213136,70,1,1093,14.077,72 in,Left,Low,70,44,28,51
231949,70,1,1122,22.775,177,Right,Medium,60,72,70,69
241281,67,1,1158,11.903,68 in,Left,High,75,46,39,67
232080,78,1,2587,45.608,175,Left,High,83,71,71,79
239258,62,1,1044,10.272,178,Left,High,67,59,54,62
177896,72,1,1136,21.144,74 in,Left,Medium,50,70,66,70
260355,62,1,1064,10.19,176,Right,High,73,58,56,63
202864,68,1,1078,12.99,73 in,Left,High,79,62,59,62
232770,69,1,1150,15.165,70 in,Left,Medium,65,58,57,65
197083,77,2,1468,23.863,182,Right,Medium,66,74,73,75
242919,65,1,1107,11.359,188,Right,Medium,60,37,35,49
221812,65,1,1046,14.077,179,Left,Medium,76,40,26,60
260367,63,1,1040,10.272,65 in,Right,Medium,72,55,56,69
253407,65,1,1136,15.708,180,Right,High,69,65,69,65
264329,50,1,1008,10,175,Right,Medium,67,39,32,51
230226,69,1,1060,14.077,67 in,Right,Medium,72,53,53,69
251451,64,1,1086,14.621,76 in,Right,Medium,53,29,24,40
252844,53,1,1014,10.815,188,Right,Medium,65,23,15,25
233440,60,1,1026,10.815,179,Right,Medium,61,52,54,58
186158,72,1,1136,24.406,76 in,Right,Medium,53,27,24,44
225539,73,1,1338,24.406,187,Right,High,72,71,73,74
246877,60,1,1042,12.99,69 in,Right,Medium,58,60,60,66
247658,64,1,1100,10.272,71 in,Right,Medium,71,53,50,65
210665,78,2,1865,44.521,188,Left,High,63,66,59,71
245231,68,1,1179,10,70 in,Right,Medium,75,69,69,70
246033,70,1,1244,11.903,179,Right,Medium,61,57,55,63
230329,72,1,1165,21.144,180,Right,Medium,60,39,41,60
229494,67,1,1058,15.708,190,Right,Medium,47,30,24,33
263288,73,1,1223,10.272,174,Right,High,90,63,65,73
233770,56,1,1019,10.272,172,Right,High,61,49,43,53
231414,72,1,1201,14.621,181,Right,High,88,71,64,79
232225,72,1,1259,18.97,76 in,Left,Medium,61,72,74,61
233230,71,1,1288,13.534,175,Right,Medium,71,42,41,62
255353,70,1,1129,12.446,173,Right,High,78,60,64,78
203491,65,1,1055,11.903,183,Right,Medium,73,63,64,65
260311,62,1,1037,10,183,Right,Medium,59,23,17,22
256408,65,1,1122,10.815,71 in,Right,High,73,56,55,64
263417,55,1,1019,10.136,182,Left,Medium,59,28,26,31
189712,76,3,1432,28.755,73 in,Left,Low,50,75,75,74
228610,59,1,1013,11.359,173,Right,Medium,68,35,30,54
240347,62,1,1028,10.815,185,Left,Medium,82,59,57,62
223779,70,1,1150,10.136,72 in,Right,High,68,66,67,65
254882,60,1,1040,10.815,172,Right,Medium,64,54,54,60
181964,57,1,1003,10.815,70 in,Right,Medium,44,49,46,62
237983,63,1,1071,10.082,73 in,Right,Medium,67,29,25,39
259167,58,1,1030,10.136,74 in,Left,Medium,57,29,26,28
251155,67,1,1100,11.903,180,Right,High,75,27,23,57
224378,71,1,1136,15.165,188,Right,Medium,56,18,18,50
236496,77,1,2442,40.172,73 in,Right,Medium,74,63,56,75
237631,71,2,1201,18.426,182,Right,High,70,72,73,71
218737,63,1,1016,10.815,69 in,Right,Low,64,41,31,60
264334,53,1,1015,10,189,Right,Medium,56,23,22,31
190060,66,1,1051,11.359,68 in,Right,Medium,76,54,48,66
217653,65,1,1024,10.272,182,Right,Medium,38,51,49,54
205069,82,2,2984,58.655,170,Left,High,82,65,65,82
201939,75,1,1360,25.494,189,Right,Medium,75,42,32,71
244643,59,1,1024,10.815,166,Left,High,81,63,68,56
251235,60,1,1039,11.359,184,Right,Medium,69,58,60,56
251555,62,1,1066,11.359,181,Right,Medium,72,46,44,58
183714,75,1,1259,17.339,192,Right,High,54,78,81,64
225117,70,1,1150,21.688,181,Right,Medium,77,58,52,69
248472,58,1,1037,13.534,180,Right,Medium,59,39,32,49
224820,62,1,1037,10.272,180,Right,High,64,60,62,62
233602,64,1,1093,18.97,75 in,Right,Medium,64,63,68,55
253727,77,1,2154,10.272,189,Left,High,78,74,70,77
237747,66,1,1060,10.815,71 in,Right,Medium,66,64,66,69
251689,61,1,1057,10,73 in,Right,Medium,69,22,17,36
212755,74,2,1338,30.93,181,Left,Medium,65,59,54,67
253475,58,1,1035,11.359,174,Right,Medium,65,48,40,58
166847,60,1,1010,10.109,185,Left,Medium,43,57,54,60
256476,66,1,1150,10.272,182,Left,High,75,66,68,74
263323,61,1,1049,10.815,169,Left,Medium,64,42,41,63
233329,72,1,1172,12.446,76 in,Left,Low,65,40,27,60
263683,53,1,1008,10,73 in,Right,Medium,71,47,50,48
263178,61,1,1033,10.272,185,Right,Medium,62,32,27,42
236748,59,1,1013,10.136,179,Left,Medium,64,33,31,49
211600,66,1,1066,11.359,69 in,Left,High,90,57,58,63
263947,62,1,1067,10.217,183,Right,Medium,76,48,46,74
264001,60,1,1039,10.815,183,Right,Medium,66,56,55,61
229251,72,1,1150,15.165,186,Right,Medium,83,60,55,62
255824,56,1,1022,10.217,191,Right,Medium,51,24,21,28
234180,71,1,1129,10.19,170,Right,Medium,75,69,69,78
242384,72,1,1107,14.621,184,Left,High,70,74,73,72
261439,62,1,1053,10,71 in,Left,Medium,68,26,23,57
254659,69,1,1201,14.621,73 in,Left,Medium,62,61,59,74
213017,73,1,1259,40.715,185,Left,Low,69,39,36,60
186402,70,1,1019,10,184,Right,Low,60,42,40,34
248147,64,1,1100,10.815,184,Right,Medium,71,58,59,63
211009,72,1,1194,24.406,188,Right,Medium,67,46,40,55
243056,61,1,1055,14.621,175,Left,Medium,66,36,38,64
240391,53,1,1008,11.359,181,Right,Medium,81,50,51,57
228174,69,1,1208,23.863,183,Right,Low,63,23,17,44
182859,72,1,1031,10.054,168,Right,High,67,52,42,55
239090,72,1,1179,19.514,71 in,Left,Medium,71,54,45,55
244715,61,1,1060,10.272,71 in,Right,Medium,71,56,56,64
264416,60,1,1044,10,178,Right,Medium,79,54,53,68
238095,76,2,2009,29.299,195,Right,Medium,66,44,38,60
248488,61,1,1053,10.272,72 in,Right,Medium,71,28,22,31
257298,59,1,1022,10.815,71 in,Left,Medium,64,31,27,64
262819,57,1,1024,10.272,191,Right,Medium,55,41,37,46
239491,71,1,1179,15.165,176,Right,High,77,61,62,74
232278,70,1,1136,15.165,66 in,Right,High,78,63,60,73
256693,60,1,1024,10.136,74 in,Right,Medium,68,54,56,55
231101,63,1,1042,10.245,175,Left,High,79,44,39,63
261300,56,1,1021,10,75 in,Right,Medium,52,43,40,45
241133,64,1,1013,10,170,Right,Medium,60,36,32,52
260216,61,1,1046,10.163,66 in,Right,High,77,53,51,65
205005,66,1,1040,10.815,185,Right,Medium,55,55,50,58
193133,75,1,1396,18.97,71 in,Right,Medium,79,61,59,72
206411,73,1,1179,10.19,186,Right,High,67,72,72,69
223229,68,1,1122,12.99,183,Right,Medium,75,48,42,60
250935,52,1,1013,10.815,181,Right,High,68,46,44,55
259022,64,1,1100,10.163,180,Left,High,73,51,45,64
238647,69,1,1122,14.077,183,Right,Medium,87,60,65,63
246991,62,1,1058,13.534,76 in,Left,Medium,57,29,24,61
208370,66,1,1060,11.359,181,Right,Medium,72,54,54,68
237254,67,1,1165,11.903,181,Right,Medium,72,68,69,68
239696,68,1,1194,15.165,172,Right,High,78,58,57,77
254820,63,1,1078,10,180,Right,High,77,58,62,60
226743,62,1,1013,10,166,Right,Medium,61,56,58,64
219774,63,1,1053,10.815,68 in,Right,Medium,68,54,62,70
244472,72,1,1360,17.883,74 in,Right,Medium,77,58,57,74
182343,71,1,1046,14.077,181,Right,High,69,70,72,72
206123,66,1,1064,11.359,169,Right,Medium,77,61,62,70
258715,60,1,1033,10.272,71 in,Right,High,71,59,60,60
245023,65,1,1114,11.903,74 in,Right,High,60,64,66,70
236800,64,1,1067,10.815,70 in,Right,Medium,86,58,52,70
181436,68,1,1057,12.99,181,Right,Low,42,48,49,49
263363,51,1,1008,10.19,180,Right,Medium,58,27,26,54
198683,75,2,1396,21.144,181,Left,Medium,67,79,79,77
246385,66,1,1136,10.815,190,Right,Medium,78,62,59,71
245902,64,1,1107,15.708,73 in,Right,High,74,63,65,62
245540,70,1,1215,10.054,183,Right,Low,73,36,29,44
201240,71,1,1143,21.688,70 in,Right,High,94,66,67,69
248820,73,1,1468,23.319,173,Right,High,75,46,49,75
207939,75,1,1280,29.843,73 in,Right,Medium,42,55,52,61
264401,61,1,1048,10.815,183,Right,Medium,63,30,22,28
240941,65,1,1114,15.708,179,Right,Medium,80,65,66,70
247359,59,1,1022,10.815,77 in,Right,Medium,49,28,24,40
254456,63,1,1039,10,172,Right,Medium,68,61,67,61
246154,59,1,1040,13.534,176,Left,High,80,52,52,59
239074,62,1,1060,10.815,69 in,Left,Medium,73,30,23,58
198811,66,1,1058,10.815,73 in,Right,Medium,54,50,46,56
254207,60,1,1028,10,175,Right,Medium,62,51,60,56
230192,67,1,1078,11.903,183,Right,Medium,62,52,41,52
255868,58,1,1039,10.19,193,Left,Medium,68,55,57,57
251377,70,1,1259,15.708,178,Right,High,75,65,64,77
188041,79,1,1829,36.366,71 in,Right,Medium,70,66,58,74
201818,72,2,1172,16.252,67 in,Right,High,92,66,65,74
257181,59,1,1033,10.815,72 in,Right,Medium,59,46,45,55
241263,60,1,1039,10.272,178,Right,Medium,72,46,45,63
255716,64,1,1057,10.815,70 in,Right,Medium,76,49,47,63
206529,72,1,1179,10.217,71 in,Right,Medium,76,72,80,71
189332,86,3,4391,118.455,67 in,Left,High,86,69,73,81
257836,53,1,1016,10,185,Right,Medium,66,26,20,40
216282,71,1,1165,17.339,70 in,Right,Medium,81,41,41,50
214319,66,1,1021,10.109,73 in,Right,Low,43,37,32,44
202881,60,1,1014,10.054,180,Right,High,51,57,56,57
255888,59,1,1033,10.272,71 in,Right,Medium,67,51,51,54
216497,77,2,1901,41.803,183,Right,Medium,78,79,78,80
176996,67,1,1030,10.815,181,Right,High,68,59,61,66
232926,64,1,1019,10.272,182,Right,Medium,37,65,64,65
251879,58,1,1030,10.245,69 in,Right,Medium,63,44,35,52
223641,72,1,1208,15.708,190,Right,Medium,63,34,26,44
227536,77,2,1757,32.561,183,Right,High,87,77,79,64
231864,73,1,1353,18.97,170,Right,Medium,93,65,66,74
264026,61,1,1057,11.359,178,Right,Medium,67,42,39,62
212424,70,1,1107,12.446,68 in,Right,Medium,53,54,43,66
213654,75,1,1576,33.648,183,Right,Medium,76,60,56,75
231582,63,1,1051,10.815,69 in,Right,High,82,57,63,61
218057,62,1,1030,10.027,180,Right,High,69,40,40,46
220521,69,1,1107,13.534,186,Right,Medium,68,51,40,44
191006,62,1,1019,10.245,191,Left,Medium,48,30,32,43
216114,66,1,1114,10.815,186,Left,Medium,66,35,29,51
248061,68,1,1093,12.99,65 in,Right,High,92,64,65,66
263291,69,1,1208,16.795,73 in,Right,Medium,71,34,33,63
226697,72,1,1223,17.883,180,Left,High,85,61,60,76
239003,64,1,1086,11.359,70 in,Right,Medium,84,63,65,68
262491,66,1,1049,11.359,72 in,Left,High,68,57,59,64
236144,67,1,1086,12.99,181,Right,Medium,69,52,53,62
254307,51,1,1012,10,67 in,Right,Medium,71,51,55,56
241637,79,2,3020,32.017,187,Right,High,72,69,67,77
221174,77,2,1757,10.272,179,Right,High,90,82,81,76
228638,64,1,1060,11.903,182,Right,Medium,71,60,59,64
246444,70,1,1158,12.99,178,Right,High,75,55,54,61
238629,64,1,1078,11.359,74 in,Right,Medium,71,32,25,45
189157,72,2,1136,15.708,73 in,Right,High,76,68,65,79
186405,72,2,1136,16.252,193,Right,High,68,71,72,69
211736,68,1,1086,15.165,72 in,Left,High,77,67,68,63
193679,68,1,1055,12.99,186,Right,Medium,57,38,38,58
244266,67,1,1100,10,181,Right,Medium,78,61,61,72
257871,61,1,1051,10.815,176,Right,Medium,58,55,54,67
263134,57,1,1024,10.272,181,Right,High,77,41,42,54
49674,69,2,1033,12.99,187,Right,Medium,38,71,72,65
243135,60,1,1039,10,67 in,Left,Medium,73,52,55,67
264035,61,1,1058,11.903,178,Left,High,69,61,61,64
218747,69,1,1093,13.534,176,Left,High,72,66,61,71
157481,82,3,1576,26.037,190,Right,Low,40,41,27,59
258783,65,1,1093,10.815,70 in,Right,Medium,67,46,40,62
256551,55,1,1021,10,172,Right,Medium,73,24,20,60
256787,55,1,1019,10.19,174,Right,Medium,56,42,36,49
219585,74,1,1432,20.057,74 in,Right,Medium,66,36,25,62
234147,64,1,1093,10.272,71 in,Right,High,67,58,65,70
258758,59,1,1040,10.163,188,Left,High,75,55,54,62
254902,65,1,1058,10.272,170,Right,High,62,63,62,63
241707,76,1,2045,24.406,187,Left,Medium,73,46,37,70
191909,63,1,1028,10.815,74 in,Left,Medium,72,62,62,62
234897,62,1,1037,10.815,183,Right,Medium,73,56,58,57
247966,63,1,1049,10.815,71 in,Left,High,72,45,44,55
222357,77,2,2154,24.406,187,Right,Medium,85,73,69,77
204496,72,1,1172,22.232,192,Right,Medium,32,45,36,38
217802,67,1,1078,11.359,72 in,Right,High,73,63,59,70
237959,64,1,1040,10.815,180,Right,Medium,69,49,48,60
197945,64,1,1040,11.359,185,Right,High,68,63,65,56
251176,61,1,1060,10.272,173,Right,Medium,69,54,59,64
234874,62,1,1026,10.082,176,Right,Medium,65,43,40,60
263267,57,1,1013,11.359,169,Left,High,81,48,50,65
219272,60,1,1022,10.815,71 in,Right,Medium,62,53,48,57
261477,56,1,1022,10,68 in,Right,Medium,58,25,24,22
239085,88,4,10922,69.528,76 in,Left,High,89,91,94,78
179931,68,1,1028,11.359,187,Right,Low,76,46,41,30
263170,61,1,1042,10.815,181,Right,Medium,63,29,22,42
215266,69,1,1100,13.534,73 in,Right,Medium,81,67,69,70
258532,54,1,1017,12.99,184,Right,Medium,65,54,53,51
241402,53,1,1014,11.903,184,Right,Medium,53,23,15,20
262401,60,1,1035,10.272,181,Right,Medium,62,62,66,69
239679,68,1,1100,13.534,180,Right,Medium,76,56,55,67
222248,67,1,1060,12.446,180,Right,Medium,77,64,65,69
257133,71,1,1302,10.163,176,Right,Medium,82,70,71,77
190870,73,2,1071,18.426,185,Right,Medium,66,33,36,54
253490,66,1,1129,10.815,69 in,Left,High,83,40,41,63
172555,66,1,1051,11.359,72 in,Right,High,68,67,67,62
240563,65,1,1114,10.815,175,Right,High,82,57,60,70
238505,69,1,1223,20.601,69 in,Right,High,86,65,68,72
205594,72,1,1165,18.426,74 in,Right,High,65,67,66,71
261666,48,1,1006,10,180,Right,Medium,46,48,51,43
242155,64,1,1051,10.054,178,Right,Medium,73,34,31,56
215647,66,1,1060,10.815,74 in,Right,High,53,65,68,56
260191,59,1,1040,11.359,75 in,Left,Medium,75,59,61,59
261510,60,1,1040,10,175,Right,High,71,56,58,65
245076,62,1,1058,12.99,187,Right,Medium,59,26,22,47
221680,65,1,1044,10.815,185,Right,Medium,50,29,23,49
235563,70,1,1158,11.359,70 in,Right,High,76,65,65,71
230437,74,1,1295,20.601,186,Right,Medium,69,69,69,74
262740,64,1,1093,10.245,177,Left,High,75,59,58,63
238067,78,2,3272,30.386,190,Left,High,83,74,76,80
237321,75,1,1612,31.474,186,Right,High,77,76,77,74
264335,70,1,1237,10,184,Right,High,66,64,66,73
234935,73,1,1158,14.621,180,Left,Medium,71,38,31,65
237402,58,1,1030,10,174,Left,Medium,67,27,27,49
245539,64,1,1100,10.272,179,Right,High,80,63,65,59
261988,49,1,1006,10,72 in,Right,Low,57,24,19,24
205533,64,1,1033,11.359,189,Right,Medium,70,48,48,56
260938,51,1,1010,10,180,Right,Medium,57,26,23,21
192237,66,1,1040,11.903,72 in,Right,Medium,69,58,50,61
241346,53,1,1005,10.815,72 in,Right,Medium,61,23,17,24
215855,66,1,1069,11.359,178,Left,High,71,45,47,64
210455,80,2,2587,53.763,67 in,Right,High,75,53,49,76
255217,64,1,1093,11.359,185,Right,Medium,64,66,67,57
251616,73,1,1468,14.077,196,Left,Medium,38,28,23,35
230513,71,1,1150,18.97,69 in,Right,Medium,71,72,74,70
242571,72,1,1230,15.165,72 in,Left,High,79,66,65,74
200952,62,1,1022,10.109,174,Right,Medium,88,59,57,60
222052,64,1,1040,11.359,182,Left,Medium,71,43,39,68
263064,59,1,1040,10.272,188,Left,Medium,82,49,50,66
243640,64,1,1107,16.795,175,Right,Medium,71,57,49,63
251816,62,1,1067,10.136,67 in,Right,Medium,65,47,45,60
246849,55,1,1017,10.272,183,Right,Medium,72,48,48,58
246430,78,2,3092,33.104,190,Left,Medium,75,78,83,74
200928,62,1,1028,10.815,190,Right,High,53,62,56,55
205887,71,1,1172,25.494,184,Right,High,69,73,73,69
232787,71,1,1143,12.446,167,Left,High,82,69,69,76
259014,62,1,1040,10,69 in,Right,Medium,71,50,47,57
227527,75,1,1432,20.057,72 in,Right,High,78,75,77,71
264308,64,1,1100,10.272,71 in,Right,Medium,65,48,44,66
232682,61,1,1028,11.359,166,Right,Medium,66,57,57,66
214776,68,1,1086,12.99,183,Right,Medium,76,62,61,70
242835,74,1,1648,22.775,187,Right,Medium,71,36,29,60
230211,71,1,1143,13.534,166,Right,Medium,87,36,28,66
180281,74,1,1122,13.534,173,Left,High,83,71,67,79
244425,56,1,1021,10.272,182,Right,Medium,53,46,44,56
223821,60,1,1008,10.217,73 in,Right,Medium,45,26,19,23
204701,65,1,1053,12.446,68 in,Right,Medium,80,58,58,68
259919,61,1,1021,10.136,74 in,Right,Medium,57,22,16,28
199772,66,1,1049,12.99,183,Right,High,76,65,64,68
242112,72,1,1201,11.903,69 in,Right,High,84,64,64,73
162047,66,1,1019,10.815,71 in,Right,Medium,48,64,58,59
242236,75,1,1576,15.165,191,Right,Medium,52,43,26,61
255721,62,1,1055,10,71 in,Left,Medium,74,53,57,62
259303,50,1,1006,10,189,Left,Medium,61,43,42,48
253380,62,1,1057,10.109,75 in,Right,Medium,34,30,24,38
260542,64,1,1039,10,190,Right,Medium,61,36,36,43
197231,72,2,1172,23.319,185,Right,Medium,66,72,72,72
239406,63,1,1064,10.815,189,Left,Medium,66,46,34,48
242872,55,1,1005,10.272,183,Left,Medium,70,25,23,44
219550,63,1,1033,10.815,196,Right,Medium,62,62,64,55
259043,65,1,1122,11.359,180,Right,High,73,58,67,65
262781,58,1,1030,10.217,191,Right,Medium,61,28,19,41
237238,80,2,2984,58.655,193,Right,Medium,66,75,71,78
244374,76,1,2226,10.217,177,Right,Medium,77,71,70,78
244582,70,1,1122,11.903,71 in,Left,Medium,65,63,62,72
204612,74,1,1353,16.252,187,Left,High,68,68,64,72
201454,77,2,1648,37.454,184,Left,High,71,64,54,78
229556,73,1,1259,13.534,72 in,Left,Medium,81,64,68,81
254222,61,1,1051,10.815,180,Left,Medium,71,51,47,64
263834,53,1,1016,10.027,72 in,Right,Medium,63,53,60,45
184999,75,1,1266,10.19,71 in,Right,Medium,72,70,65,74
194907,67,1,1062,12.99,180,Left,High,74,65,61,69
239704,73,1,1273,12.99,72 in,Left,High,75,43,34,69
260882,55,1,1019,10,175,Right,Medium,73,52,54,54
252866,62,1,1066,11.359,170,Right,Medium,58,26,23,48
261621,62,1,1071,10.109,185,Left,Medium,65,32,27,56
260410,63,1,1049,10.272,173,Right,High,73,50,46,59
248128,63,1,1093,10.272,72 in,Left,Medium,67,34,32,62
213102,69,1,1100,12.446,69 in,Right,High,79,71,70,68
219789,79,2,2118,36.366,69 in,Right,High,85,54,48,76
169214,72,1,1136,22.775,178,Right,High,81,73,74,73
248592,55,1,1021,10.136,171,Right,Medium,73,34,28,48
260290,67,1,1165,10.815,74 in,Right,Medium,65,67,69,62
254303,61,1,1051,11.903,172,Right,Medium,65,46,38,58
259864,61,1,1031,10,179,Left,Low,62,32,23,33
212420,68,1,1093,11.903,196,Left,Medium,45,32,26,50
188091,72,1,1172,24.95,175,Right,High,86,70,70,73
179527,74,2,1150,17.883,185,Right,Medium,66,76,75,71
224185,67,1,1093,11.903,74 in,Left,Medium,54,71,62,62
188930,68,1,1019,11.359,67 in,Right,High,69,46,44,65
254084,60,1,1039,10.815,187,Right,Medium,69,54,49,60
221955,66,1,1122,11.903,187,Right,High,55,67,71,68
241436,65,1,1122,14.077,185,Left,Medium,72,39,36,62
224631,59,1,1017,11.359,173,Right,Low,74,34,30,54
189730,66,1,1049,15.708,73 in,Left,Medium,51,50,34,55
205681,65,1,1055,11.903,73 in,Right,High,73,66,70,58
228382,60,1,1035,10.815,183,Left,High,73,57,58,59
259524,62,1,1058,11.359,186,Right,Low,62,25,18,41
262380,62,1,1035,10.815,180,Left,High,61,52,51,62
152536,69,1,1033,19.514,175,Left,Low,49,68,59,66
212138,71,1,1158,19.514,175,Right,High,92,57,59,66
236923,65,1,1100,10.815,69 in,Right,Medium,72,50,44,59
239380,78,1,3056,24.406,70 in,Right,High,82,74,76,84
234016,66,1,1071,12.99,68 in,Right,Medium,71,63,65,72
262702,59,1,1017,10.272,181,Left,Medium,66,42,39,53
198497,64,1,1035,10.815,185,Right,Medium,51,28,19,32
192439,65,1,1031,10.815,72 in,Right,Medium,53,58,57,64
200395,68,1,1055,11.359,185,Right,Medium,32,35,22,48
223810,64,1,1058,11.903,71 in,Right,Medium,67,56,57,61
199848,70,1,1078,12.446,72 in,Right,Medium,48,64,63,65
251611,66,1,1071,13.534,186,Right,Medium,77,63,63,61
259788,70,1,1237,12.446,72 in,Right,Medium,77,56,55,68
186352,63,1,1022,11.359,74 in,Left,Medium,48,37,32,50
222848,64,1,1055,10.815,72 in,Right,Medium,82,62,63,64
220829,71,1,1136,17.339,184,Left,Medium,71,70,74,64
259901,64,1,1058,10,69 in,Right,Medium,58,34,32,41
244399,68,1,1136,13.534,68 in,Right,High,79,60,55,69
207924,73,1,1194,24.406,70 in,Left,High,73,57,42,72
236637,65,1,1114,10.815,180,Right,High,72,58,57,63
262815,71,1,1122,10.054,183,Right,High,81,51,61,71
216247,73,1,1187,28.212,190,Right,High,68,59,56,66
208574,84,3,4066,37.997,184,Left,High,88,77,75,85
256164,58,1,1033,10.272,186,Left,High,71,56,59,56
213686,63,1,1040,11.903,178,Right,High,73,37,31,61
240448,65,1,1122,10.815,172,Left,High,66,57,55,62
264008,64,1,1057,14.077,184,Right,High,68,34,31,61
205669,68,1,1078,11.903,178,Left,High,70,61,51,66
237838,62,1,1039,10,72 in,Right,Medium,72,36,36,62
199313,73,1,1158,18.97,72 in,Right,High,78,41,28,60
259456,63,1,1078,10.027,176,Right,Medium,68,56,52,71
238965,68,1,1122,11.359,74 in,Right,Medium,59,48,44,54
220876,75,2,1540,18.426,180,Right,High,77,73,73,78
245034,56,1,1022,11.359,69 in,Right,Medium,72,42,42,55
230963,64,1,1049,11.359,73 in,Right,High,68,63,64,61
239738,68,1,1187,12.446,178,Left,Medium,69,41,36,57
264230,64,1,1100,10.272,71 in,Right,Medium,65,59,61,69
238692,67,1,1051,12.446,191,Right,Low,38,50,43,50
197971,70,1,1114,14.621,74 in,Left,Medium,68,72,71,73
236147,70,1,1114,20.601,71 in,Right,Medium,69,58,59,67
227817,63,1,1040,10.815,167,Right,Medium,80,48,41,63
258194,63,1,1093,10,176,Left,High,72,67,72,63
251690,64,1,1093,10.815,185,Right,Medium,68,60,61,63
195088,74,1,1100,13.534,71 in,Right,Medium,66,69,68,76
248009,67,1,1051,12.99,68 in,Right,Medium,70,62,57,68
226633,64,1,1062,10.217,181,Left,Medium,66,51,43,63
257025,72,1,1360,18.426,67 in,Right,Medium,83,64,67,75
218938,66,1,1051,10.272,180,Right,Medium,37,30,27,50
258740,57,1,1013,10.815,183,Right,Medium,63,30,32,56
238357,60,1,1031,11.359,173,Right,Medium,55,34,25,52
214386,69,1,1028,10.163,70 in,Right,Low,53,51,46,64
247883,65,1,1037,10,180,Right,High,71,29,28,56
246393,64,1,1016,10.272,183,Right,Medium,52,63,65,67
223978,73,1,1504,14.077,169,Right,High,78,69,66,74
230335,71,1,1143,15.165,176,Left,High,77,57,52,61
243968,67,1,1086,14.077,70 in,Right,High,73,68,69,76
235946,67,1,1165,11.359,173,Right,Medium,79,68,69,73
239690,65,1,1093,10.272,182,Right,Medium,66,56,55,61
242999,67,1,1179,27.668,177,Left,Medium,63,65,64,71
218659,77,1,2045,37.997,72 in,Left,High,74,46,40,72
263039,50,1,1006,10,177,Right,Medium,60,31,25,43
263630,63,1,1078,10.815,70 in,Right,Medium,68,34,34,49
230236,64,1,1040,11.359,69 in,Right,Medium,44,45,38,24
245898,67,1,1100,12.99,180,Right,Medium,92,56,55,68
256534,56,1,1026,10.272,182,Right,Medium,61,21,15,23
242166,69,1,1100,11.359,191,Left,High,80,63,63,71
240640,67,1,1058,12.99,71 in,Right,High,66,33,32,60
260992,58,1,1033,10.082,175,Left,Medium,71,43,44,57
210926,71,1,1114,21.688,176,Right,Low,34,46,41,63
223694,70,1,1093,14.077,185,Left,Medium,65,52,43,60
189251,76,2,1432,27.124,71 in,Right,Medium,66,65,59,74
258004,55,1,1021,10.027,185,Right,Medium,73,53,58,53
262616,60,1,1033,10.217,175,Right,Medium,65,31,29,61
245573,66,1,1136,16.252,181,Right,Medium,78,55,48,75
248222,51,1,1003,10.815,72 in,Right,High,64,51,52,46
256478,63,1,1051,10.082,76 in,Right,Medium,54,65,65,53
201149,67,1,1060,11.359,75 in,Right,Low,39,32,24,40
228782,70,1,1150,11.903,73 in,Right,Medium,65,58,54,65
233147,71,1,1136,14.621,66 in,Right,Medium,83,69,65,70
227642,71,1,1165,12.99,70 in,Right,High,90,66,67,74
211703,68,1,1035,10.815,180,Right,High,69,72,68,66
240008,64,1,1086,10.19,185,Right,Medium,66,27,22,53
197813,72,2,1136,25.494,184,Right,Medium,56,67,64,71
240794,58,1,1031,10.815,193,Right,Medium,57,57,59,50
208330,81,1,3020,34.192,186,Left,Medium,79,75,77,86
173614,64,1,1019,10.815,185,Left,Medium,40,23,13,40
190720,61,1,1014,10.815,180,Right,Medium,85,60,61,48
222467,71,1,1158,13.534,174,Right,Medium,79,71,69,73
236498,74,1,1432,28.755,191,Left,Medium,75,75,77,80
241471,55,1,1013,10.815,181,Left,Medium,71,55,54,60
242034,61,1,1051,11.903,69 in,Right,Medium,74,53,51,63
234924,69,1,1136,11.359,72 in,Left,Medium,91,64,63,73
253078,55,1,1019,10.815,172,Right,Medium,67,39,38,46
241278,71,1,1302,24.406,172,Left,Medium,75,69,67,76
211408,74,2,1360,28.755,176,Right,High,67,63,64,74
253615,65,1,1122,10,72 in,Right,Medium,67,57,55,56
263392,56,1,1022,10.027,178,Left,Medium,67,47,48,52
212535,63,1,1035,10.272,186,Right,Medium,65,26,23,49
211672,72,1,1201,26.581,72 in,Right,High,85,71,71,75
261174,63,1,1066,11.359,168,Right,Medium,64,33,32,66
230043,77,1,1973,21.144,170,Left,High,84,64,58,76
222094,67,1,1071,11.359,167,Right,Medium,80,68,69,66
243354,65,1,1100,12.99,73 in,Right,Medium,79,55,53,68
245212,62,1,1064,10.815,198,Right,High,39,62,63,57
252246,54,1,1016,10,184,Right,Medium,66,37,36,38
251901,71,1,1172,12.99,193,Right,Medium,56,45,42,64
251456,65,1,1107,10.815,191,Left,Medium,55,39,44,47
231089,72,1,1266,17.883,193,Right,Medium,50,55,45,68
227766,68,1,1107,10,191,Left,Medium,57,32,23,32
238684,66,1,1069,10.815,188,Right,High,65,46,41,58
212478,73,3,1215,14.621,188,Right,High,85,71,73,70
246420,77,3,2659,25.494,171,Right,High,92,66,67,86
200607,72,1,1114,14.621,188,Right,Medium,57,32,25,44
240530,64,1,1057,11.359,188,Right,Medium,77,57,56,65
237539,74,1,1468,19.514,171,Right,High,88,70,72,76
232938,75,1,1865,36.366,188,Right,Medium,68,32,29,68
261688,55,1,1019,10.19,177,Right,Medium,59,33,28,51
212456,73,1,1100,18.426,172,Right,High,84,71,69,74
188154,71,2,1129,18.426,176,Left,Medium,67,65,64,72
246014,68,1,1165,10.815,69 in,Left,High,76,50,43,69
208999,64,1,1046,10.815,175,Right,High,78,56,57,65
228883,68,1,1129,11.903,187,Left,Medium,67,42,37,49
240227,64,1,1093,10.815,184,Left,Medium,67,56,51,65
259039,57,1,1028,10.163,183,Left,High,77,43,47,71
219461,69,1,1208,28.212,187,Right,Low,67,30,21,44
212207,78,2,2009,10.272,67 in,Right,Medium,72,75,74,79
215970,70,1,1129,22.775,181,Left,High,86,57,54,68
134779,72,2,1071,17.883,181,Right,High,59,71,72,71
248862,67,1,1136,10,179,Left,Medium,77,37,39,56
189271,80,2,2442,30.93,69 in,Right,Medium,68,67,64,80
261450,54,1,1016,10.272,180,Right,Medium,65,46,46,57
215202,75,1,1432,18.426,67 in,Right,High,84,73,75,80
180819,75,2,1252,36.366,70 in,Right,High,67,70,69,80
221498,64,1,1037,14.077,70 in,Left,Medium,72,56,47,61
230325,67,1,1069,12.446,185,Right,Medium,59,21,18,41
231263,71,1,1194,20.601,183,Right,Medium,52,36,30,58
199351,67,1,1030,10.815,72 in,Right,High,66,68,66,69
234804,61,1,1049,10.136,187,Right,Medium,67,37,29,43
230434,72,1,1179,15.708,178,Left,Medium,65,55,55,63
169479,66,1,1028,11.903,74 in,Right,Low,47,50,47,57
216790,66,1,1069,11.903,184,Left,Medium,65,60,58,63
263166,60,1,1028,10.027,183,Right,Medium,73,60,69,67
226523,67,1,1086,11.359,74 in,Right,Medium,67,30,20,51
235790,84,3,7819,80.401,188,Left,Medium,82,78,81,86
263109,53,1,1014,10.054,184,Right,Medium,66,40,36,49
209761,66,1,1049,10.815,72 in,Right,Medium,41,27,24,39
260719,63,1,1035,10.272,189,Right,Medium,76,63,64,51
251916,67,1,1165,12.99,185,Left,Medium,79,68,66,71
236027,62,1,1053,10.272,70 in,Right,High,70,30,23,56
208001,76,1,1576,35.279,69 in,Left,High,91,55,51,78
264379,55,1,1021,10,170,Right,High,73,29,29,50
236920,76,1,2081,30.93,172,Right,High,89,72,69,83
236168,64,1,1049,12.446,168,Right,High,68,58,54,67
227561,66,1,1062,10.815,185,Right,High,68,66,66,58
210804,66,1,1016,11.903,178,Right,Low,44,37,25,42
253607,61,1,1049,10,70 in,Right,High,64,37,41,49
258736,52,1,1013,10.217,182,Right,Medium,76,51,53,53
254556,64,1,1100,10.272,189,Right,Medium,87,57,60,74
234913,75,1,1432,18.97,73 in,Right,High,82,70,73,74
246716,70,1,1129,13.534,189,Left,Medium,66,52,42,59
203485,70,2,1129,23.863,188,Left,Medium,66,43,27,63
235658,73,1,1468,27.124,185,Right,Low,68,42,36,60
259754,60,1,1037,10.815,180,Left,Medium,60,37,30,61
184514,65,1,1013,10,76 in,Right,Medium,43,57,49,54
263278,58,1,1014,10.272,186,Right,Medium,66,56,57,53
260572,57,1,1030,10.815,178,Right,Medium,71,61,67,57
225293,75,2,1540,22.775,73 in,Right,Medium,72,74,78,71
257435,55,1,1022,11.359,67 in,Right,High,73,50,51,50
230288,67,1,1071,15.165,72 in,Right,Medium,81,69,77,74
261764,62,1,1028,10,72 in,Right,Medium,60,62,63,44
263688,51,1,1010,10.027,180,Right,Medium,65,43,44,57
233793,62,1,1042,10.815,183,Right,Medium,68,38,36,58
210281,75,1,1078,10.109,72 in,Right,Medium,54,65,60,49
230365,67,1,1078,12.99,69 in,Right,Medium,58,56,61,68
255729,61,1,1024,10,175,Left,Medium,72,27,28,55
261496,59,1,1035,10.815,185,Left,Low,67,29,22,24
263482,53,1,1016,10.815,183,Left,High,61,30,30,59
211221,71,1,1136,13.534,172,Right,High,92,66,67,72
194956,69,1,1046,12.99,70 in,Right,High,68,69,65,73
236589,58,1,1035,10,69 in,Right,Medium,59,49,55,62
262732,60,1,1042,10.082,194,Left,Medium,68,58,61,57
260474,48,1,1006,10.163,183,Right,Medium,53,38,35,47
237630,71,1,1280,14.621,74 in,Right,Medium,71,39,38,54
262941,56,1,1022,10.109,180,Left,High,72,53,59,67
213512,67,1,1064,11.359,72 in,Left,Medium,60,62,56,69
230232,67,1,1037,14.621,167,Right,High,76,48,46,60
240506,61,1,1035,10.19,65 in,Left,Medium,74,47,47,64
243157,60,1,1039,10.815,68 in,Right,Medium,68,48,46,65
256516,67,1,1172,11.903,71 in,Right,Medium,82,64,66,70
255005,67,1,1107,11.903,173,Left,High,75,68,70,66
241588,70,1,1252,15.708,71 in,Right,Medium,60,63,70,72
239593,71,1,1136,15.708,185,Right,High,67,73,71,66
261204,75,1,1432,10.272,70 in,Right,High,85,71,75,78
232597,66,1,1042,11.903,69 in,Left,Medium,73,54,52,59
262383,63,1,1048,10.815,71 in,Left,Medium,60,53,49,60
240175,62,1,1064,15.165,71 in,Right,Medium,64,55,54,69
232117,66,1,1086,12.99,182,Right,High,77,34,31,65
224962,71,1,1158,20.057,169,Left,High,87,66,65,75
229800,63,1,1030,11.359,185,Right,High,49,49,52,62
240921,64,1,1086,10.815,172,Right,Medium,82,33,31,58
264280,67,1,1194,11.359,184,Left,High,86,61,56,68
198113,69,2,1069,10.815,182,Right,Low,36,66,63,67
232785,64,1,1044,10.815,178,Right,Medium,74,62,63,62
234627,69,1,1223,12.99,175,Right,Medium,68,64,69,71
199823,82,1,3200,33.104,179,Right,Medium,68,74,73,83
179537,64,1,1039,10.272,71 in,Right,Medium,47,61,53,63
213571,63,1,1030,10.815,73 in,Right,High,76,56,58,62
228675,75,1,1757,27.668,70 in,Right,Medium,68,59,54,63
229504,64,1,1057,11.359,181,Right,Medium,66,54,52,63
179813,85,4,2875,113.019,185,Right,High,66,86,89,74
215699,76,2,1504,21.688,68 in,Right,Medium,78,46,43,71
254232,49,1,1007,10,171,Right,High,64,42,38,54
251236,68,1,1194,13.534,180,Left,High,84,64,65,67
224305,67,1,1086,11.359,174,Right,Medium,71,48,44,63
255755,58,1,1033,10.163,72 in,Left,High,75,51,51,59
262227,60,1,1044,10.245,190,Right,Medium,72,59,62,54
261244,53,1,1015,10,70 in,Right,High,74,50,53,53
250724,61,1,1051,10.272,182,Right,High,74,61,63,61
230019,71,1,1129,15.708,66 in,Left,High,85,59,55,66
220440,82,2,3705,88.555,186,Left,Medium,72,45,39,57
254776,61,1,1044,10,68 in,Right,Medium,63,29,34,47
262284,61,1,1046,10.082,171,Right,Medium,68,42,43,59
253388,63,1,1064,10.815,196,Right,Medium,41,37,29,44
261865,66,1,1136,17.883,180,Left,High,71,40,43,55
229045,68,1,1100,11.903,72 in,Right,Medium,90,67,70,67
124635,71,2,1037,18.97,187,Right,Medium,48,64,58,65
233250,72,1,1237,16.252,182,Right,High,70,71,74,68
214562,71,1,1107,10.136,72 in,Right,Medium,68,73,78,65
198554,70,2,1114,19.514,180,Right,Medium,64,70,70,69
220968,72,1,1223,15.708,72 in,Right,Medium,65,71,71,77
260927,58,1,1037,11.359,177,Right,Low,71,47,44,60
230613,76,2,1648,28.755,183,Right,Medium,62,54,48,75
183285,75,3,1273,21.688,187,Left,Medium,47,33,23,50
240019,70,1,1259,14.077,70 in,Left,Medium,81,70,75,75
246258,63,1,1086,10.815,176,Right,Medium,67,61,64,61
262440,60,1,1035,10.272,67 in,Right,High,65,45,36,54
227868,66,1,1071,12.99,180,Right,High,90,64,65,69
199491,67,1,1066,11.359,170,Left,Medium,78,34,25,60
199131,73,1,1187,13.534,69 in,Right,High,74,52,51,68
238779,66,1,1078,10.272,192,Right,Medium,49,26,21,40
243312,66,1,1136,13.534,182,Right,High,66,56,54,63
230209,73,1,1179,15.708,190,Right,Medium,41,48,41,50
252180,54,1,1019,10.163,160,Right,High,71,51,52,60
236636,74,1,1432,18.426,186,Right,Medium,72,52,53,66
247793,72,1,1338,14.077,177,Right,Medium,69,66,68,75
227153,74,1,1273,16.795,71 in,Left,Medium,85,50,49,69
241867,74,1,1396,20.057,176,Right,High,78,74,76,77
263841,54,1,1017,10,71 in,Right,Medium,63,37,32,56
227932,68,1,1093,12.99,76 in,Right,Medium,41,48,44,57
225201,80,1,2803,27.124,175,Right,High,82,76,79,80
233140,69,1,1107,12.446,69 in,Right,Medium,83,66,65,68
143809,72,1,1165,16.795,71 in,Right,High,72,74,71,69
263006,63,1,1078,11.359,177,Left,High,67,39,37,63
164858,67,1,1024,10,194,Left,Medium,31,55,48,52
260324,62,1,1037,10.272,70 in,Right,Medium,62,61,68,64
263650,53,1,1016,10.136,178,Right,Medium,58,44,41,54
252248,63,1,1071,10,69 in,Right,Medium,79,57,55,62
240603,65,1,1071,10.815,69 in,Right,Medium,71,54,51,62
258575,68,1,1158,11.903,76 in,Right,Medium,65,30,21,58
152908,78,2,1309,32.561,69 in,Right,High,72,66,63,78
241737,68,1,1187,10.815,74 in,Left,High,77,56,58,65
224444,75,1,1432,18.97,177,Right,Medium,60,49,41,73
262628,60,1,1026,10.815,71 in,Right,Medium,74,60,64,63
230408,73,1,1215,21.688,177,Left,High,72,62,65,77
197166,66,1,1062,11.359,185,Right,High,73,64,63,70
198624,65,1,1044,10.815,72 in,Right,Medium,66,26,23,53
244891,62,1,1040,10.109,74 in,Right,Medium,60,34,36,22
256414,49,1,1006,10,179,Right,High,68,47,50,51
220175,70,1,1172,14.077,70 in,Right,High,76,67,68,72
193077,70,1,1114,19.514,186,Left,High,65,69,71,70
198261,69,1,1048,21.688,73 in,Left,Medium,57,43,40,66
244958,53,1,1016,10.272,71 in,Right,Medium,67,44,42,55
231936,76,1,2118,37.997,185,Right,Medium,69,27,22,65
237924,64,1,1057,10.272,184,Right,Medium,61,41,36,48
245714,70,1,1259,17.883,175,Left,Medium,80,63,68,70
262495,64,1,1040,10.815,72 in,Right,Medium,56,41,35,55
246406,67,1,1093,11.359,72 in,Right,Medium,47,24,18,27
229678,61,1,1044,10.109,182,Right,High,63,39,36,55
264508,57,1,1026,10.054,193,Right,Medium,61,27,22,39
192765,63,1,1030,10,178,Right,Medium,68,32,25,51
228992,54,1,1007,10,174,Right,Medium,56,41,29,48
53914,70,2,1019,12.99,180,Right,Medium,32,44,30,44
238051,62,1,1040,10.815,185,Right,Medium,54,41,35,56
190247,65,1,1026,10.815,68 in,Right,Medium,56,45,39,59
206544,73,1,1208,19.514,185,Right,High,65,71,68,74
214135,68,1,1058,10.245,77 in,Right,Medium,56,35,21,31
221976,64,1,1028,10.815,70 in,Right,Medium,47,50,41,62
184703,77,1,1302,20.057,166,Left,High,62,73,65,77
234941,66,1,1093,14.077,73 in,Left,Medium,80,46,45,64
263644,58,1,1031,10.815,176,Left,Medium,84,53,55,63
244368,71,1,1187,10.109,73 in,Right,High,72,67,69,70
255737,60,1,1021,10.082,183,Right,Medium,55,28,23,52
209331,89,4,8288,156.509,175,Left,High,90,87,91,90
206558,63,1,1039,10.815,71 in,Left,Medium,80,62,64,65
198543,62,1,1022,10.217,177,Left,High,82,58,58,59
261411,59,1,1039,10,72 in,Right,High,64,50,52,50
254029,65,1,1055,10,178,Right,Medium,55,32,27,40
233569,67,1,1058,10,173,Right,Medium,56,53,39,56
215495,65,1,1057,12.99,74 in,Right,Medium,49,61,62,52
146439,78,3,1432,24.406,186,Left,Medium,59,81,80,72
242292,63,1,1051,11.903,185,Right,Medium,66,66,68,57
262575,63,1,1078,10,181,Right,Medium,63,59,58,66
245024,47,1,1007,10.815,177,Right,Medium,61,23,17,23
184707,65,1,1049,11.903,76 in,Right,Medium,49,66,65,59
239191,66,1,1086,12.446,191,Right,Medium,64,69,70,67
204860,65,1,1051,11.359,186,Right,Medium,72,65,66,62
236242,68,1,1100,10,67 in,Right,Medium,63,35,29,52
237183,74,1,1396,18.426,186,Left,High,75,74,68,78
255662,64,1,1093,10,172,Right,High,75,32,25,49
211107,73,1,1223,15.165,186,Right,Medium,59,33,30,46
257093,62,1,1064,10.815,180,Right,Medium,76,60,61,60
208590,62,1,1022,10.272,176,Right,Medium,63,41,39,61
183940,68,2,1057,11.359,168,Right,Medium,61,51,48,67
247027,68,1,1107,11.359,170,Right,Medium,93,31,26,67
242967,63,1,1086,13.534,178,Right,High,74,61,64,61
238765,63,1,1071,10.272,69 in,Right,High,79,44,38,64
223629,66,1,1064,11.903,69 in,Right,Medium,80,61,63,66
235380,63,1,1053,11.359,72 in,Right,Medium,72,63,61,60
166074,73,1,1208,18.426,190,Right,Medium,82,78,77,74
224618,59,1,1015,10.815,178,Right,Medium,68,55,54,54
248602,67,1,1150,11.359,75 in,Left,Medium,64,31,25,52
247871,60,1,1039,10.815,74 in,Right,Medium,64,46,42,58
263252,60,1,1040,11.903,76 in,Right,High,70,50,49,66
192624,66,1,1053,11.903,69 in,Left,Medium,75,55,57,64
225202,68,1,1114,11.903,179,Left,Medium,69,56,50,62
260206,61,1,1005,10.054,180,Right,Low,47,48,45,56
224597,63,1,1044,10.272,192,Right,High,72,61,61,66
179565,72,1,1143,16.252,175,Right,Medium,62,72,75,68
205019,63,1,1030,11.359,70 in,Right,High,80,50,48,60
235773,64,1,1078,10.815,178,Right,High,81,51,49,61
211556,66,1,1049,11.359,73 in,Right,Medium,40,45,40,42
233018,65,1,1078,10.815,67 in,Right,High,82,62,60,67
233289,59,1,1024,10.815,71 in,Right,Medium,72,57,60,59
213969,64,1,1049,12.446,190,Left,Medium,79,57,54,64
239964,71,1,1179,26.581,190,Right,High,81,70,70,69
204682,67,1,1071,12.446,180,Right,High,60,66,66,63
204526,72,1,1172,14.621,69 in,Right,High,80,67,66,76
192596,66,1,1028,10,190,Right,Medium,45,42,39,40
246862,62,1,1040,10.815,172,Right,High,76,62,59,67
229749,75,1,1468,10.272,193,Left,High,51,57,52,64
242947,63,1,1086,11.903,189,Left,Medium,89,57,64,59
210108,66,1,1078,12.446,180,Right,Medium,72,64,65,67
263077,54,1,1017,10,74 in,Right,Medium,69,25,22,30
257031,61,1,1049,10.109,68 in,Right,High,69,56,57,63
242643,65,1,1093,10.815,73 in,Right,Medium,60,35,31,58
238545,58,1,1035,11.903,71 in,Left,Medium,70,57,60,51
256868,63,1,1016,10.815,173,Right,Medium,63,60,58,62
245255,60,1,1039,10.815,176,Right,High,64,53,55,64
216742,74,1,1208,16.795,190,Right,Medium,70,38,34,55
227520,65,1,1058,11.359,190,Right,Medium,63,42,38,42
256472,50,1,1008,10.272,183,Left,Medium,63,38,30,46
244589,64,1,1086,11.359,184,Right,High,73,65,66,65
245524,53,1,1014,11.359,66 in,Right,Medium,69,52,56,54
259192,62,1,1044,11.359,198,Right,Medium,56,61,63,49
148365,64,1,1013,10.272,179,Right,High,55,64,68,61
242006,68,1,1165,11.903,72 in,Right,High,72,59,58,61
234222,64,1,1093,10.272,178,Right,Medium,80,58,57,64
111590,63,1,1016,10.815,72 in,Right,Medium,71,59,57,64
169708,68,1,1058,11.359,182,Right,Low,49,51,49,61
214877,68,1,1136,10.815,188,Right,High,70,61,62,70
172013,67,1,1022,10.815,182,Left,High,64,55,47,64
228827,68,1,1122,11.359,176,Right,Medium,81,56,53,64
242618,64,1,1042,10.272,70 in,Left,High,66,52,49,61
186992,73,1,1150,26.581,174,Right,High,73,66,64,72
210020,66,1,1069,12.446,71 in,Right,Medium,77,59,56,73
246340,66,1,1136,10,175,Right,Medium,81,48,50,75
244963,71,1,1179,11.903,76 in,Left,Medium,62,28,21,46
239335,75,1,1901,21.144,69 in,Right,High,63,74,76,81
254541,67,1,1194,11.359,67 in,Left,Medium,84,65,69,78
227443,65,1,1022,11.359,183,Right,Medium,33,60,56,63
211999,74,2,1309,22.775,188,Right,Medium,48,43,34,57
254934,60,1,1046,10.19,173,Right,Medium,72,47,43,65
245087,57,1,1022,10.272,173,Right,Medium,76,48,43,65
217709,68,1,1071,13.534,75 in,Right,Low,43,34,30,32
261985,48,1,1005,10.272,183,Right,Medium,57,26,23,23
244398,65,1,1069,10.815,170,Left,High,76,38,32,60
248238,57,1,1024,10.19,72 in,Right,Medium,76,46,51,53
233441,59,1,1033,10.815,74 in,Left,Medium,69,37,36,48
260115,59,1,1040,10.815,73 in,Right,High,71,62,64,59
248319,57,1,1017,10,72 in,Right,Medium,75,42,43,58
243211,60,1,1042,10.109,180,Right,Medium,71,58,62,63
248852,61,1,1022,11.359,176,Left,Medium,68,58,57,65
222379,64,1,1086,11.359,184,Right,High,60,52,41,59
233301,75,1,1757,20.601,187,Right,High,77,59,55,67
226772,72,1,1136,15.165,73 in,Right,Medium,64,41,37,51
214177,66,1,1040,10.272,175,Right,Low,62,53,57,55
221978,58,1,1011,10.815,69 in,Right,High,59,37,23,52
260059,60,1,1040,10,67 in,Left,Medium,66,56,56,58
243016,71,1,1302,16.795,173,Left,Medium,79,63,64,70
223857,68,1,1053,10.815,67 in,Right,High,91,64,70,67
204383,60,1,1016,10,175,Left,High,63,54,53,59
247627,56,1,1010,10,172,Right,High,82,55,54,54
257812,52,1,1012,10.163,182,Right,Medium,66,35,30,37
209413,63,1,1028,10.245,76 in,Right,Medium,33,49,44,50
239224,67,1,1114,12.446,71 in,Right,High,76,62,64,73
240544,59,1,1035,10.815,71 in,Right,Medium,74,45,46,62
243102,56,1,1022,10.815,73 in,Right,Low,66,37,34,42
201122,72,1,1158,22.232,184,Right,Medium,71,48,38,61
212107,72,1,1078,16.252,191,Right,High,65,73,75,67
196978,79,2,2262,38.541,71 in,Right,High,80,78,82,78
213321,66,1,1060,10.815,191,Right,High,62,69,67,65
260569,63,1,1071,11.359,181,Right,Medium,68,25,19,39
200256,65,1,1042,10.136,184,Left,Medium,62,54,41,60
211559,71,1,1129,17.883,177,Right,Medium,64,72,68,74
216322,63,1,1040,11.359,178,Right,High,81,61,62,61
261504,62,1,1053,10,178,Right,Medium,75,49,41,56
237985,73,1,1316,19.514,190,Right,Medium,78,32,26,52
238009,62,1,1039,10.815,179,Left,High,75,56,55,64
253908,68,1,1194,12.99,68 in,Right,High,77,64,65,68
262382,59,1,1033,10.272,71 in,Left,Medium,53,46,40,62
259629,53,1,1016,10.082,70 in,Right,Medium,69,55,59,51
244708,63,1,1051,10.136,182,Right,High,85,38,36,56
240699,78,1,2587,18.97,167,Right,High,84,75,73,81
244510,61,1,1051,10,177,Right,Medium,78,50,57,60
261548,48,1,1006,10,175,Right,High,61,26,26,45
233121,65,1,1071,10.815,177,Right,High,85,60,59,68
190223,75,1,1208,21.688,70 in,Left,Medium,75,46,35,68
239820,62,1,1040,10.109,179,Right,Medium,71,45,48,43
228784,56,1,1017,11.903,178,Left,Low,68,26,24,41
203979,69,1,1069,11.903,71 in,Right,Medium,62,65,56,58
263282,67,1,1093,10,185,Right,Medium,70,56,54,66
242660,70,1,1244,15.165,187,Right,Medium,72,34,29,59
253875,61,1,1016,10,176,Right,Medium,75,36,31,52
203376,89,4,7206,134.764,193,Right,Medium,78,60,52,70
263262,59,1,1033,10.272,181,Right,Medium,70,24,17,22
236508,67,1,1100,11.359,187,Left,Medium,60,30,23,44
237135,76,1,1504,18.426,177,Right,High,76,75,73,76
232805,73,1,1252,20.601,186,Left,Medium,71,49,30,67
212183,73,1,1150,14.621,175,Left,High,75,55,43,62
211234,64,1,1055,10.272,184,Right,Medium,64,61,56,69
232900,69,1,1100,17.339,70 in,Right,Medium,85,68,71,68
258689,58,1,1037,10.272,68 in,Left,High,60,55,58,62
245100,64,1,1086,12.446,188,Right,High,64,34,31,34
231354,68,1,1114,14.621,73 in,Right,Medium,80,59,64,68
212616,82,1,3525,46.695,180,Right,High,78,76,76,81
224483,68,1,1093,13.534,186,Right,High,70,61,60,71
258798,68,1,1114,12.99,72 in,Left,High,59,66,63,71
250858,70,1,1129,15.165,185,Right,Low,66,51,45,48
184274,74,1,1194,22.232,190,Right,High,61,43,37,63
186561,80,3,2442,53.763,183,Right,Medium,66,70,61,85
200263,58,1,1013,10.027,178,Right,Medium,51,54,51,58
260859,56,1,1022,10.272,175,Left,Medium,73,31,23,43
216730,70,1,1150,16.795,191,Right,Medium,75,44,38,39
254603,66,1,1078,10,76 in,Left,Medium,62,35,37,39
248688,58,1,1035,11.359,69 in,Right,Medium,67,49,51,61
264085,61,1,1049,10.19,73 in,Right,Medium,66,26,22,44
254087,63,1,1078,10.272,182,Right,Low,63,35,29,36
254636,62,1,1057,10.19,67 in,Left,Medium,84,47,48,60
226021,59,1,1015,10.815,173,Right,Medium,70,38,32,62
261490,56,1,1031,10,190,Right,High,57,55,57,54
222944,67,1,1078,11.903,74 in,Right,High,63,65,67,65
233280,63,1,1030,10.272,69 in,Left,Medium,75,29,26,58
201841,69,1,1093,14.077,192,Right,Medium,32,35,28,44
255578,70,1,1143,13.534,74 in,Right,Medium,70,70,72,71
214772,71,1,1114,15.165,68 in,Left,Medium,77,59,47,59
213516,79,1,2514,20.601,68 in,Right,Medium,78,78,79,81
215262,71,1,1086,15.165,72 in,Right,Medium,70,70,72,62
248443,62,1,1069,10.272,180,Right,Medium,72,51,49,59
254176,65,1,1107,10,186,Right,Medium,53,29,27,37
242482,68,1,1114,12.446,68 in,Right,Medium,68,32,25,49
247405,61,1,1049,10.027,181,Right,Medium,59,22,15,28
213327,66,1,1040,10.815,77 in,Right,Low,59,28,20,31
258457,59,1,1039,10.245,74 in,Right,Low,50,31,26,38
242640,65,1,1114,10.272,178,Left,High,71,56,59,68
229360,71,1,1150,15.165,192,Left,Low,32,46,38,43
264016,48,1,1006,10,184,Right,Medium,61,23,19,29
234883,64,1,1057,10.272,65 in,Right,High,72,56,60,62
248576,63,1,1078,10.815,188,Right,Medium,62,44,41,55
247601,65,1,1129,16.795,77 in,Right,Low,68,35,36,56
261526,56,1,1026,10,187,Right,Low,61,27,25,33
198706,84,2,4066,61.373,72 in,Right,Medium,60,76,77,85
263604,61,1,1053,11.359,174,Right,Medium,70,63,65,74
198749,69,1,1086,11.903,178,Right,Medium,68,59,56,69
211152,65,1,1055,14.621,67 in,Right,Medium,74,46,41,62
183665,62,1,1016,11.359,181,Right,Medium,53,58,52,63
235047,74,1,1324,14.621,164,Left,High,89,69,67,73
225625,65,1,1069,11.359,71 in,Right,High,82,54,52,63
240939,61,1,1049,10.027,180,Left,Medium,72,41,40,51
258302,56,1,1022,10.272,70 in,Right,Medium,63,38,35,52
178007,78,3,1396,21.688,180,Left,Medium,46,70,61,73
260601,64,1,1100,10.815,170,Right,High,77,53,50,71
212791,67,1,1071,12.446,69 in,Right,High,87,62,64,65
250998,60,1,1042,10.815,187,Left,Medium,76,57,58,64
261478,69,1,1230,13.534,73 in,Right,High,77,68,74,69
238303,66,1,1136,10.272,70 in,Right,Medium,81,62,62,69
240677,67,1,1093,10.815,71 in,Left,Medium,61,60,56,64
205175,81,3,3164,53.763,186,Left,Medium,64,84,85,77
216036,74,1,1208,16.252,70 in,Left,High,80,65,55,71
253120,58,1,1035,12.446,180,Left,High,69,65,67,56
253506,52,1,1012,10,172,Right,Medium,67,48,45,53
230339,74,1,1266,16.252,182,Left,Medium,81,57,56,77
255432,65,1,1122,10,69 in,Right,High,63,52,55,62
229337,68,1,1194,28.755,181,Left,Medium,69,60,62,75
235537,67,1,1179,12.446,70 in,Right,High,67,67,65,62
263486,60,1,1040,11.359,196,Right,Medium,58,60,59,62
193886,73,2,1179,21.688,180,Left,Medium,58,76,71,75
173474,76,2,1331,24.406,172,Right,High,70,73,68,79
206546,68,1,1100,15.708,72 in,Left,Medium,40,42,34,56
257307,69,1,1223,12.446,69 in,Right,Medium,72,57,56,72
242706,54,1,1019,10.054,71 in,Right,Medium,63,26,23,29
260269,54,1,1017,10,182,Right,Medium,59,37,33,61
243401,70,1,1259,12.99,176,Right,Medium,83,63,65,74
208589,64,1,1042,10.815,71 in,Left,Medium,66,64,60,62
169623,66,1,1028,10.082,74 in,Left,Medium,35,32,31,35
239645,72,1,1158,15.708,74 in,Right,Medium,56,53,42,60
261566,64,1,1086,10.272,168,Right,Low,60,34,26,54
247740,61,1,1060,10,171,Right,Medium,73,52,55,70
241335,61,1,1033,11.903,173,Right,Medium,78,54,54,59
252644,52,1,1012,10.272,68 in,Right,High,61,44,42,50
241973,65,1,1078,10.815,193,Right,Medium,84,62,61,70
262360,64,1,1055,10.815,71 in,Left,High,75,38,31,59
258128,70,1,1252,13.534,170,Right,Medium,71,60,62,69
229528,73,1,1396,10.136,71 in,Left,Medium,74,43,28,60
257121,65,1,1107,10.815,170,Left,High,75,48,38,68
258911,60,1,1039,10.245,197,Right,Medium,51,61,64,55
247444,61,1,1048,10.027,179,Left,Medium,68,41,35,54
183820,71,1,1086,12.446,172,Right,High,75,65,62,71
226830,62,1,1042,11.359,69 in,Right,Medium,64,60,57,65
213151,63,1,1040,11.359,74 in,Right,Medium,71,50,46,58
232099,75,1,1576,16.252,191,Right,High,61,71,72,80
258974,59,1,1031,10.109,67 in,Right,Medium,64,54,55,63
262004,49,1,1009,10,188,Right,Low,61,21,17,30
213805,62,1,1030,10.815,178,Left,High,74,43,40,58
248702,64,1,1040,11.903,165,Right,High,74,50,55,65
253902,65,1,1100,10,67 in,Left,High,73,61,59,68
227678,78,2,2442,36.91,183,Right,Medium,77,39,34,70
198073,63,1,1022,11.359,190,Right,Low,50,39,29,34
256515,50,1,1007,10.054,67 in,Right,Medium,58,25,25,51
256749,57,1,1026,10.136,72 in,Right,Medium,67,56,58,54
253860,60,1,1033,10,181,Left,Medium,62,38,39,43
219453,63,1,1037,10.245,68 in,Right,Medium,62,45,38,57
225289,71,1,1201,15.165,165,Right,High,85,70,73,74
189383,67,1,1058,12.446,72 in,Left,Medium,47,63,58,63
238250,56,1,1009,10.217,73 in,Right,Medium,52,23,21,19
210726,62,1,1033,10.815,183,Left,High,75,57,58,65
226705,66,1,1086,11.359,71 in,Left,Medium,90,56,57,65
235548,62,1,1024,11.359,180,Left,Medium,67,38,35,60
251954,68,1,1208,17.883,174,Right,High,88,61,63,70
230283,72,1,1187,23.319,187,Right,Medium,55,75,75,70
254578,68,1,1208,10.272,68 in,Left,Medium,72,45,38,62
190467,70,1,1100,12.446,182,Right,High,56,65,57,58
188414,74,1,1122,11.903,173,Left,Medium,58,70,64,78
256033,59,1,1037,10.815,188,Left,Medium,63,34,35,66
211166,67,1,1100,10.815,75 in,Right,Low,67,26,24,41
246946,69,1,1215,15.165,72 in,Right,High,80,65,63,73
258777,65,1,1071,11.903,73 in,Right,Medium,60,31,24,40
229668,82,1,3561,43.433,185,Left,Medium,75,49,42,66
234261,62,1,1053,10.815,74 in,Right,Low,63,28,25,36
235534,59,1,1033,12.446,71 in,Left,High,66,41,32,61
203487,77,2,1865,29.843,188,Right,Low,58,35,34,47
222625,62,1,1033,10.815,72 in,Right,Medium,56,31,29,31
223922,75,1,1396,10.272,186,Left,Medium,57,72,68,71
241587,65,1,1107,11.903,170,Right,Medium,66,42,38,53
255507,60,1,1039,12.446,176,Right,High,76,59,61,57
208268,78,2,2262,35.279,186,Right,Medium,55,71,68,76
234155,64,1,1093,10.815,70 in,Right,Medium,82,41,41,57
258494,66,1,1143,10.815,68 in,Left,Medium,67,58,58,71
237629,74,1,1685,26.581,186,Right,Medium,69,57,54,75
260141,62,1,1071,11.903,174,Right,Medium,63,54,52,65
188166,73,1,1208,29.843,183,Right,High,78,70,67,74
243953,66,1,1100,11.903,170,Right,High,82,61,62,67
212680,68,1,1100,11.359,174,Right,High,91,59,61,68
229087,63,1,1048,10.272,188,Right,Medium,68,39,35,59
232695,68,1,1055,12.446,75 in,Left,Low,47,31,27,37
264126,62,1,1064,10.272,63 in,Right,Medium,75,49,46,63
232909,63,1,1024,10.815,170,Right,Medium,59,35,26,40
232194,65,1,1069,10.272,70 in,Right,Medium,67,40,30,56
229593,75,2,1468,43.977,73 in,Right,High,76,67,61,86
215049,70,1,1078,12.99,66 in,Left,Medium,76,52,44,66
264565,58,1,1033,10,172,Right,Medium,68,52,50,55
231335,66,1,1064,10,175,Left,High,70,38,43,50
215277,65,1,1051,10.815,183,Right,Medium,67,28,19,46
253656,59,1,1035,10,175,Left,Medium,68,44,40,56
252229,60,1,1039,10.815,69 in,Right,High,67,45,42,62
205990,74,1,1396,32.017,69 in,Right,Medium,70,57,53,67
240661,71,1,1295,17.339,175,Right,Medium,73,61,61,77
214194,69,1,1107,10.272,69 in,Left,High,76,40,26,53
237895,69,1,1129,12.446,70 in,Right,High,77,69,68,68
235173,77,1,2442,17.883,75 in,Right,Medium,66,65,61,70
257717,57,1,1028,10,184,Right,Medium,67,27,23,44
246043,53,1,1010,10.272,69 in,Right,Medium,72,46,45,51
236321,62,1,1064,14.621,188,Right,High,62,60,63,58
241214,62,1,1053,10.815,181,Right,Medium,73,24,19,50
255561,66,1,1136,10.272,74 in,Left,High,72,54,47,63
236733,60,1,1019,11.359,69 in,Right,Medium,54,47,49,59
189300,70,1,1100,12.99,174,Right,High,83,49,51,70
254121,63,1,1078,11.903,191,Right,Medium,52,27,23,44
225779,70,1,1237,15.165,185,Right,Medium,51,43,30,61
258801,60,1,1016,11.359,66 in,Right,Medium,77,53,49,64
178589,66,1,1042,11.903,70 in,Left,High,64,52,51,59
209323,65,1,1055,10.815,189,Left,Medium,50,67,66,63
235064,63,1,1066,10.815,180,Left,Medium,71,32,29,55
260484,56,1,1024,10,175,Left,Medium,68,56,57,49
260838,51,1,1010,11.903,176,Left,Medium,68,49,52,51
233732,70,1,1179,16.795,181,Right,High,85,67,73,74
253306,72,1,1396,13.534,182,Right,High,68,59,61,73
232576,64,1,1031,10.272,180,Right,Medium,42,48,48,57
263266,54,1,1015,10.815,180,Right,High,70,35,34,46
261120,57,1,1022,10.245,185,Right,Medium,72,34,31,38
175598,62,1,1010,10.815,73 in,Right,Medium,37,61,54,57
260250,51,1,1008,10.815,182,Right,Medium,52,30,28,28
263072,68,1,1100,11.903,75 in,Right,Medium,57,46,32,62
251530,70,1,1244,22.775,72 in,Left,High,86,52,34,71
238196,71,1,1302,22.775,177,Right,High,76,68,71,73
228687,79,2,2839,29.843,187,Right,High,73,81,80,78
201455,79,2,2262,41.259,74 in,Left,Medium,68,74,68,76
258050,56,1,1022,10.815,181,Right,Medium,64,31,30,55
232189,69,1,1208,11.359,182,Right,Medium,57,36,33,54
222875,74,1,1324,16.795,180,Left,High,84,62,61,77
216067,73,1,1158,25.494,71 in,Left,Medium,74,51,44,56
197907,65,1,1049,12.99,69 in,Right,Medium,65,66,71,62
252596,57,1,1026,10.217,183,Right,Medium,64,23,20,35
245698,60,1,1040,12.446,177,Right,Medium,67,39,40,51
222430,71,1,1114,10.815,167,Right,High,89,53,47,64
258923,65,1,1129,18.426,68 in,Left,Medium,68,53,60,74
262065,57,1,1024,10,71 in,Right,Medium,71,36,38,55
189485,75,2,1338,27.124,68 in,Right,High,82,70,70,78
233375,63,1,1066,10.136,73 in,Left,Medium,66,50,52,62
253499,52,1,1013,10,68 in,Right,Medium,83,44,40,49
263352,58,1,1033,10.815,178,Left,Low,55,32,30,36
250818,69,1,1223,15.165,186,Left,High,76,69,71,66
200700,68,1,1086,13.534,179,Right,Medium,65,61,57,67
253053,65,1,1093,10.815,175,Right,Medium,65,51,50,63
230485,67,1,1086,11.903,178,Right,High,62,63,62,73
208437,69,1,1086,12.446,180,Left,High,51,69,68,66
205427,74,1,1295,23.319,75 in,Right,Medium,80,71,73,77
222299,65,1,1037,12.446,68 in,Right,Medium,72,38,27,57
263080,54,1,1017,10,190,Right,Medium,69,55,55,52
263897,64,1,1093,10.272,192,Left,Low,63,35,30,50
212664,61,1,1022,10.245,75 in,Left,High,73,61,59,59
259741,54,1,1008,10,69 in,Right,Medium,59,40,40,48
258510,65,1,1114,12.99,180,Right,Medium,77,63,66,65
214067,67,1,1030,10,70 in,Right,High,63,67,73,51
230296,70,1,1114,17.883,68 in,Right,Medium,78,69,70,75
225951,76,2,1648,26.037,180,Right,High,80,75,75,80
242677,68,1,1194,10,185,Right,High,77,64,68,65
230306,65,1,1033,10.815,185,Left,Medium,51,38,32,38
213899,75,1,1396,21.688,181,Left,Medium,66,43,36,68
228859,58,1,1031,10.815,186,Right,High,72,55,58,49
237511,68,1,1187,10.815,71 in,Right,Medium,80,40,38,62
255942,66,1,1060,11.359,192,Left,Low,63,28,21,29
253729,59,1,1040,12.446,186,Right,High,77,57,56,65
258334,70,1,1129,10.082,172,Right,Medium,70,62,59,70
250801,61,1,1057,10.272,172,Right,Medium,80,55,55,64
235710,57,1,1021,11.903,69 in,Left,Medium,71,39,35,46
223791,70,1,1150,14.621,65 in,Left,Medium,75,58,59,71
224013,72,1,1244,26.037,69 in,Right,High,71,69,70,76
261652,65,1,1100,10.272,73 in,Right,High,72,40,35,61
177922,71,1,1086,13.534,180,Right,Medium,78,71,68,71
205582,63,1,1033,10.815,71 in,Right,High,74,60,58,64
183855,80,2,1721,47.783,191,Left,Medium,56,40,25,61
240259,63,1,1053,10.815,185,Left,Medium,71,57,54,67
257184,60,1,1039,11.359,175,Right,Medium,61,63,67,55
251537,59,1,1033,10.272,68 in,Right,Medium,69,28,25,56
264533,59,1,1037,10,71 in,Right,Medium,71,56,58,60
241931,69,1,1150,12.99,67 in,Right,Medium,68,54,51,70
255337,56,1,1024,11.359,180,Right,Medium,63,41,38,49
191055,73,1,1150,17.339,185,Left,High,74,52,40,68
261981,50,1,1007,10.245,74 in,Right,Medium,58,29,28,26
248508,60,1,1039,10.272,186,Left,Medium,53,34,27,31
246838,59,1,1035,10.815,175,Right,Medium,68,55,60,62
260272,56,1,1024,10.217,178,Left,Medium,68,49,53,60
220793,79,2,2406,51.588,74 in,Right,Medium,75,45,40,62
246442,62,1,1026,10.272,72 in,Left,Medium,65,42,40,50
247014,65,1,1122,10.272,189,Left,Medium,80,27,25,45
237658,67,1,1172,11.359,190,Right,Medium,52,28,16,40
246456,61,1,1044,10.815,178,Right,Medium,75,47,32,63
221201,74,1,1316,16.795,174,Left,High,80,57,54,74
235703,63,1,1053,11.359,70 in,Right,Medium,68,57,57,61
225507,73,1,1194,14.077,171,Right,Medium,77,50,43,60
248053,70,1,1244,16.252,172,Left,Medium,75,57,51,64
243807,65,1,1062,10.815,170,Left,Medium,80,59,58,66
245061,65,1,1114,11.903,72 in,Right,Medium,72,49,48,72
156616,79,4,1432,32.017,67 in,Right,High,69,73,71,87
241010,68,1,1093,12.446,186,Right,Medium,66,25,20,54
219652,71,1,1136,18.97,70 in,Right,Medium,75,67,69,72
260090,65,1,1051,10,169,Right,Medium,64,63,64,68
233841,72,1,1353,15.165,72 in,Right,Medium,75,28,21,56
166072,73,2,1039,18.426,185,Right,Low,38,39,24,46
235947,70,1,1172,17.883,68 in,Right,Medium,69,71,69,70
247722,63,1,1086,10.815,170,Right,High,82,55,54,65
165908,65,1,1009,10.815,181,Right,Medium,65,58,54,58
199861,66,1,1030,11.359,69 in,Right,Medium,75,62,61,66
253341,72,1,1158,10.19,185,Right,Medium,59,34,31,41
223489,71,1,1136,15.708,190,Right,High,66,70,72,66
220801,67,1,1066,10,179,Right,Medium,76,49,47,64
232212,62,1,1055,10.272,70 in,Left,High,76,48,43,60
236167,67,1,1086,11.903,68 in,Left,Medium,65,56,52,72
240534,59,1,1021,11.359,72 in,Right,Medium,53,45,30,56
254587,68,1,1194,12.99,167,Left,Medium,84,66,59,74
264147,61,1,1053,10.163,186,Left,High,61,63,64,62
232894,69,1,1107,12.99,186,Right,Medium,66,24,15,34
237692,84,3,7819,77.682,67 in,Left,High,84,78,79,86
243622,65,1,1033,10.815,193,Right,High,54,24,20,50
214817,70,1,1114,14.621,178,Left,Medium,74,65,62,71
198368,76,1,1331,22.775,184,Right,Medium,42,66,62,76
255258,64,1,1093,10.815,175,Left,Medium,73,53,58,59
239841,68,1,1058,14.621,73 in,Right,Low,65,42,36,48
218880,68,1,1107,14.077,72 in,Right,Low,35,32,22,60
205214,70,1,1114,11.903,182,Right,High,81,70,65,73
248293,54,1,1006,10,71 in,Right,Medium,59,26,18,33
259787,64,1,1086,10.815,175,Left,High,78,42,32,58
248183,58,1,1016,10.082,182,Right,Medium,89,55,54,58
254467,56,1,1021,10.272,72 in,Right,Medium,61,23,19,24
189338,71,1,1114,10.027,69 in,Right,Medium,72,67,65,72
236914,66,1,1129,12.446,182,Right,Medium,51,42,35,29
264634,55,1,1019,10,68 in,Right,Medium,64,52,54,53
232636,66,1,1086,10.815,175,Right,Medium,73,32,28,57
227573,66,1,1071,10.815,181,Right,High,75,65,66,67
235981,72,1,1194,12.446,170,Right,High,74,55,51,71
260254,60,1,1035,10,181,Right,Medium,62,23,20,26
260652,67,1,1071,10.815,68 in,Right,Medium,81,67,67,67
230200,67,1,1078,11.359,71 in,Right,Medium,54,53,45,50
172316,72,2,1060,18.97,70 in,Right,High,60,66,66,66
246305,60,1,1037,10.272,67 in,Right,Medium,56,44,40,58
212228,76,1,1757,34.735,187,Right,High,80,75,80,68
261987,71,1,1324,37.454,69 in,Right,High,61,56,55,65
225572,69,1,1129,10.272,185,Left,Medium,76,59,66,68
255562,57,1,1028,11.359,73 in,Right,High,58,57,59,55
261430,58,1,1033,10.272,70 in,Right,Medium,61,45,40,51
262625,49,1,1006,10.272,183,Right,Medium,51,37,35,45
255773,66,1,1086,11.903,70 in,Right,High,54,67,70,65
248252,55,1,1008,10,68 in,Right,Medium,70,50,46,57
251287,70,1,1259,12.99,70 in,Left,High,72,59,59,72
264220,62,1,1062,10.136,182,Left,High,68,34,33,62
183425,62,1,1028,11.903,76 in,Right,High,64,59,60,58
263342,62,1,1058,10.272,188,Right,Medium,58,32,29,31
258415,62,1,1057,10.272,183,Right,Medium,68,58,59,61
184111,75,2,1396,36.91,190,Right,Medium,54,76,76,64
241771,77,1,1612,26.037,185,Right,High,80,76,75,82
237138,66,1,1093,12.446,69 in,Right,High,66,63,61,67
248311,64,1,1035,10.245,186,Left,Medium,65,38,28,53
192557,74,2,1266,28.212,71 in,Left,Medium,70,56,43,71
240277,68,1,1201,14.621,73 in,Right,Low,52,33,22,48
174381,68,1,1026,10,179,Left,Medium,44,61,67,60
252270,69,1,1150,11.903,177,Left,High,78,57,52,63
259779,66,1,1060,10,71 in,Left,Medium,62,69,72,65
213418,71,1,1187,10.245,73 in,Right,Medium,83,70,70,68
208128,82,3,3525,72.246,178,Right,Medium,67,78,75,86
245715,69,1,1223,22.232,168,Right,High,80,46,47,71
259250,56,1,1024,10,71 in,Right,Medium,67,51,53,56
259985,52,1,1012,10.217,69 in,Right,High,67,34,34,51
228668,67,1,1060,12.446,176,Right,High,74,66,68,64
172928,63,1,1013,10.815,188,Right,Medium,51,59,56,61
186745,73,1,1071,15.708,65 in,Left,Medium,72,68,69,75
214031,71,1,1093,10.815,74 in,Left,Low,48,26,23,33
251597,63,1,1078,10.815,185,Right,Medium,71,59,61,64
203780,69,1,1093,19.514,183,Right,Medium,70,41,39,62
237540,72,1,1201,20.057,188,Left,High,69,65,64,72
190671,68,1,1039,15.708,72 in,Left,Medium,58,61,55,70
208835,70,1,1107,12.99,175,Right,High,84,61,59,70
223740,68,1,1086,12.446,181,Right,Medium,57,55,50,61
259995,62,1,1044,10.19,186,Left,Medium,74,58,58,61
260301,58,1,1030,10.272,70 in,Right,Medium,68,35,36,48
241710,64,1,1086,14.621,195,Left,Medium,69,44,37,57
205553,73,1,1150,22.232,186,Right,High,51,33,35,25
246100,59,1,1042,10.815,190,Right,Medium,59,43,40,62
228685,64,1,1057,11.359,69 in,Right,High,93,62,62,63
211381,74,2,1324,21.144,69 in,Right,Medium,79,66,62,79
209711,69,1,1086,13.534,75 in,Right,Low,42,30,24,34
235261,66,1,1078,15.165,195,Right,Low,54,32,28,44
226789,78,2,2442,22.232,72 in,Right,High,74,70,75,85
264249,61,1,1051,10.815,69 in,Right,Medium,74,60,59,60
236667,65,1,1060,11.903,169,Right,High,68,57,57,71
204095,65,1,1044,11.359,175,Right,Medium,81,50,47,59
229991,70,1,1165,15.708,172,Right,Medium,69,63,66,71
217191,63,1,1033,11.903,182,Right,Medium,66,47,46,55
222979,66,1,1066,10.815,68 in,Right,Medium,71,40,40,60
254472,67,1,1172,10.272,69 in,Right,Medium,67,48,46,70
189186,66,1,1049,10.815,180,Right,Medium,66,62,60,66
263500,61,1,1055,10.815,177,Right,Medium,63,50,42,63
256705,68,1,1107,11.903,187,Right,Medium,74,34,37,53
230984,67,1,1071,12.446,176,Right,Medium,57,49,42,63
247182,72,1,1353,16.795,185,Right,Medium,69,41,32,65
258084,60,1,1037,10,69 in,Left,Medium,69,40,44,64
193485,72,1,1136,10.054,67 in,Right,High,70,70,68,73
217007,71,1,1136,15.708,73 in,Right,Medium,75,70,71,72
210723,69,1,1086,16.795,182,Left,Medium,66,52,44,62
260260,53,1,1021,10,180,Right,Medium,66,53,55,48
224009,68,1,1107,10.815,71 in,Right,High,77,37,32,59
183491,72,1,1114,25.494,191,Right,Medium,52,39,34,46
242246,56,1,1022,10.815,174,Right,Medium,66,46,49,63
187607,78,2,,,77 in,Right,Medium,65,78,81,73
248040,65,1,,,183,Right,Medium,71,47,42,54
208316,63,1,1033,10.272,72 in,Right,Low,60,65,62,61
259962,70,1,1172,14.077,175,Left,High,66,71,76,67
223344,68,1,1114,15.165,70 in,Right,High,84,69,70,73
213699,69,1,1143,22.775,188,Right,Medium,73,69,71,68
212282,71,1,1129,12.446,180,Left,Medium,62,61,64,69
263361,60,1,1040,10,71 in,Right,Medium,61,44,43,58
251757,64,1,1093,12.446,70 in,Left,Medium,75,59,60,67
231095,73,1,1150,17.339,178,Right,Medium,71,53,44,72
258086,52,1,1013,10.19,165,Right,Medium,68,40,38,57
221633,65,1,1078,11.359,187,Right,Medium,78,44,41,64
188289,67,1,1060,12.446,72 in,Right,Medium,76,68,67,64
260001,52,1,1013,10,195,Right,Medium,58,26,22,38
230271,80,1,2803,22.232,67 in,Left,Medium,80,72,72,82
227508,77,1,1865,24.95,183,Right,Medium,63,76,77,73
219510,69,1,1107,12.446,172,Left,Medium,69,57,50,70
199776,71,2,1107,11.359,73 in,Left,Medium,49,42,28,59
258867,62,1,1064,10.272,181,Right,Medium,79,57,60,63
211527,72,1,1165,15.165,69 in,Left,High,74,69,70,74
240730,70,1,1179,11.359,177,Right,High,81,66,69,79
214876,68,1,1093,13.534,173,Right,High,81,68,72,62
184913,68,1,1042,12.99,72 in,Right,Low,45,61,52,49
259713,54,1,1021,10.19,69 in,Right,Medium,70,47,48,58
246693,56,1,1022,10.054,69 in,Right,Medium,69,54,56,54
203512,61,1,1021,10.815,71 in,Left,Medium,52,47,43,51
246679,68,1,1187,12.446,187,Right,High,72,47,28,69
196883,63,1,1012,10,71 in,Left,Medium,64,23,25,40
220772,66,1,1069,11.359,73 in,Right,Medium,53,70,69,63
192505,88,4,7747,151.073,191,Left,Medium,84,87,92,83
229636,73,2,1273,23.319,74 in,Left,Medium,70,73,70,78
243627,75,1,1612,23.319,73 in,Right,Medium,62,70,66,76
52340,67,1,1012,11.359,74 in,Right,Low,30,57,52,35
250725,63,1,1078,10.272,183,Left,Medium,69,31,30,59
194079,70,1,1107,14.621,70 in,Right,Medium,75,62,57,71
199060,74,2,1143,10.272,183,Left,Medium,67,63,53,57
229731,61,1,1037,11.359,71 in,Right,Medium,73,60,61,60
246179,68,1,1187,11.359,69 in,Left,Medium,64,56,53,66
243657,69,1,1230,23.863,182,Right,Medium,67,62,59,62
263325,53,1,1015,10.245,175,Right,Medium,63,51,52,56
234630,70,1,1107,10,169,Right,High,69,71,74,75
264457,65,1,1067,11.359,67 in,Right,Medium,78,51,59,71
234284,68,1,1086,11.903,186,Right,Medium,74,66,66,70
230075,68,1,1107,10.815,183,Left,High,83,48,45,70
263628,61,1,1049,10,186,Left,Medium,67,34,25,33
209890,64,1,1039,10.109,186,Left,Low,41,35,28,49
256051,62,1,1069,10.815,173,Right,Medium,63,54,55,64
237477,70,1,1259,17.339,70 in,Left,High,80,64,64,74
259738,50,1,1004,10,170,Right,Medium,57,35,34,47
199774,65,1,1031,10.272,177,Right,Medium,72,61,60,64
262245,53,1,1019,10,183,Right,Medium,64,40,32,48
209769,67,1,1086,11.359,179,Right,Medium,83,65,62,72
216150,79,2,2118,37.454,182,Right,High,76,66,59,76
232775,70,1,1114,14.077,175,Right,High,81,68,69,69
257946,62,1,1060,10.815,68 in,Right,Medium,64,28,26,57
261881,53,1,1016,11.903,70 in,Right,Medium,72,52,56,52
242577,75,2,1901,18.426,180,Left,High,74,72,71,80
196432,80,2,1432,17.883,178,Right,Medium,68,66,61,76
231753,67,1,1114,11.359,69 in,Right,Medium,74,59,60,66
230146,51,1,1003,10,67 in,Right,Medium,67,50,52,56
258363,54,1,1016,10,182,Left,Medium,56,27,24,34
262938,64,1,1093,10.217,188,Right,Low,72,30,23,50
222156,68,1,1165,12.446,178,Right,High,70,41,38,66
263338,54,1,1019,10,175,Right,High,74,44,42,51
220786,66,1,1078,10.815,73 in,Right,High,87,60,60,68
246723,63,1,1078,11.359,75 in,Right,High,78,56,56,63
239446,71,1,1215,13.534,70 in,Right,Medium,75,66,65,72
224336,69,1,1086,12.446,186,Left,High,60,63,62,62
224777,64,1,1053,10.815,180,Right,Medium,66,36,33,59
191043,83,3,3272,61.373,180,Left,High,81,65,55,79
184271,70,2,1093,14.621,72 in,Left,Medium,63,68,66,71
247177,59,1,1015,10.054,192,Right,Medium,87,57,59,52
224254,78,1,2334,20.601,174,Right,High,90,76,72,78
258284,61,1,1051,10.815,66 in,Left,High,69,49,43,68
231685,73,1,1309,18.426,70 in,Right,Medium,76,48,41,69
221982,71,1,1201,37.454,67 in,Left,Medium,76,64,64,78
233178,68,1,1136,11.903,168,Left,Medium,77,62,60,68
251470,75,1,1901,20.057,192,Left,High,72,72,74,79
224057,68,1,1053,10.815,70 in,Right,Medium,56,62,55,66
261359,60,1,1037,10.217,178,Left,High,64,38,41,54
262627,50,1,1007,10.136,71 in,Right,Medium,65,47,53,45
203574,83,2,3958,85.837,188,Right,High,70,51,52,72
156321,65,1,1016,10.815,70 in,Right,Low,40,64,64,50
184255,67,1,1060,10.815,187,Right,Medium,54,66,65,66
224062,68,1,1179,17.883,71 in,Right,Medium,63,47,43,63
182495,76,2,1172,24.95,180,Right,Medium,70,51,37,66
199470,65,1,1049,11.903,181,Left,High,67,62,61,67
251836,56,1,1021,10,72 in,Right,Medium,67,29,26,53
212150,73,2,1288,28.212,68 in,Right,Medium,63,62,63,75
225706,74,1,1273,23.863,175,Left,Medium,69,52,37,76
260699,49,1,1008,10,68 in,Right,Medium,65,33,26,51
263991,65,1,1078,11.359,74 in,Right,Medium,63,69,71,63
251521,62,1,1066,10.815,174,Right,High,79,54,55,59
235579,60,1,1016,10.815,72 in,Left,Medium,54,35,25,58
246401,60,1,1042,14.077,70 in,Right,Medium,76,64,68,63
224375,65,1,1053,10,73 in,Left,Medium,60,64,61,71
219133,63,1,1033,10,174,Left,High,87,63,60,70
226583,71,1,1107,12.99,190,Right,Medium,67,39,33,58
216531,79,1,2298,20.057,74 in,Left,High,67,78,82,74
242602,71,1,1280,13.534,74 in,Right,High,87,44,45,69
253364,66,1,1071,11.903,182,Right,Medium,80,60,62,70
197238,69,1,1078,14.077,188,Right,Medium,57,72,72,57
230452,72,1,1165,14.621,182,Right,High,70,47,51,62
239337,66,1,1064,11.359,71 in,Left,Medium,74,50,49,68
257776,57,1,1024,10.815,183,Left,High,83,23,21,61
239016,61,1,1033,10.815,183,Left,Medium,74,47,40,60
210862,66,1,,,190,Right,Low,49,32,26,41
245018,61,1,1053,10,186,Right,Medium,70,26,23,44
229516,66,1,1093,13.534,172,Right,Medium,82,60,64,72
199562,73,1,1179,13.534,71 in,Right,Medium,50,47,39,64
213133,67,1,1033,11.903,173,Left,Medium,73,61,67,70
262984,63,1,1078,10.815,182,Left,High,85,58,56,70
235834,72,1,1252,16.252,72 in,Right,Medium,74,53,50,72
240669,64,1,1086,10.19,187,Right,Medium,63,44,42,57
251919,59,1,1037,10,178,Right,Medium,63,29,28,37
206081,63,1,1039,10,173,Right,High,78,45,48,58
243221,60,1,1039,10.272,180,Right,Medium,63,51,51,63
227601,66,1,1114,10.815,178,Right,Medium,76,45,36,61
243506,55,1,1016,10.272,183,Right,Medium,67,30,29,47
214615,68,1,1040,10.272,183,Right,Medium,62,68,67,66
225561,64,1,1055,11.359,180,Left,Medium,77,59,58,66
173530,66,1,1048,11.903,173,Left,Medium,75,61,56,72
235642,70,1,1237,20.601,75 in,Right,High,66,58,60,62
240150,63,1,1071,10.245,71 in,Right,Medium,78,32,35,62
255001,70,1,1295,20.057,70 in,Right,Medium,67,49,40,72
193627,64,1,1040,10.815,70 in,Right,High,68,65,66,63
251189,65,1,1107,11.359,178,Right,Medium,81,54,59,71
260450,60,1,1037,10,71 in,Right,High,57,25,23,26
203426,66,1,1058,10.815,174,Right,High,64,61,59,64
227630,68,1,1136,11.903,185,Right,High,80,63,63,68
242661,59,1,1035,12.99,184,Right,High,72,57,59,56
183453,69,2,1066,11.359,75 in,Right,Medium,60,65,64,62
201301,68,1,1071,15.165,190,Right,Medium,36,40,31,42
204211,67,1,1049,12.446,188,Right,Medium,54,50,44,43
210924,63,1,1028,11.359,69 in,Right,Medium,57,46,44,60
263182,53,1,1016,11.359,180,Left,Medium,62,41,39,56
220064,70,1,1150,16.252,65 in,Right,Medium,76,58,51,74
179646,66,1,1039,11.903,180,Left,Medium,62,43,30,57
215309,68,1,1086,12.446,73 in,Right,High,66,68,69,66
234458,74,1,1143,16.252,190,Left,Low,51,32,25,45
259136,63,1,1086,10.815,178,Right,Medium,64,57,52,63
263658,57,1,1021,10.027,189,Right,Medium,69,25,20,27
234730,77,1,2081,15.708,175,Right,High,83,52,45,75
254317,53,1,1015,10.136,74 in,Right,High,59,23,18,34
251913,65,1,1107,10.815,180,Right,High,83,58,60,65
220659,76,1,1721,27.668,180,Right,Medium,69,67,63,73
206472,68,1,1058,10.815,172,Right,Medium,86,58,59,67
259331,66,1,1150,11.903,183,Right,Medium,66,59,61,69
205478,72,1,1172,10.19,75 in,Right,High,68,72,75,68
213613,71,1,1165,15.708,185,Left,Medium,61,71,66,70
227084,54,1,1013,10,178,Right,Medium,63,47,41,49
199183,72,1,1136,14.621,176,Left,High,78,68,68,72
258450,60,1,1039,10.19,175,Left,High,71,32,30,63
263345,54,1,1017,10,72 in,Right,Low,60,22,19,26
241487,70,1,1273,11.903,68 in,Right,High,85,69,72,64
198909,59,1,1013,10,69 in,Left,Medium,63,30,22,55
257247,60,1,1044,11.903,70 in,Right,Medium,62,52,50,65
210423,74,1,1360,14.077,69 in,Right,High,70,74,70,73
243469,62,1,1064,10.815,178,Right,High,66,53,49,69
231624,66,1,1060,12.446,73 in,Right,High,79,62,62,66
255940,59,1,1035,10.054,185,Right,Medium,65,50,49,58
239091,67,1,1093,14.077,183,Left,Medium,69,42,32,63
252555,64,1,1086,11.359,68 in,Right,Medium,74,47,47,65
172317,68,1,1015,11.359,186,Right,Medium,51,44,34,55
244112,71,1,1201,16.252,179,Right,Medium,82,68,73,78
253766,68,1,1187,11.359,173,Left,High,76,50,55,71
260923,61,1,1057,10.217,67 in,Left,Medium,77,45,42,65
242380,76,1,1793,14.621,70 in,Right,Medium,66,61,55,70
238813,57,1,1026,10.815,175,Right,Medium,65,50,49,57
251348,69,1,1100,13.534,71 in,Right,High,78,67,71,68
211557,71,1,1136,15.708,186,Left,Medium,69,30,21,59
176346,67,1,1026,11.903,69 in,Right,Medium,65,46,42,62
197904,67,1,1067,12.99,183,Left,Medium,77,25,20,40
184575,75,2,1331,18.426,173,Left,High,84,78,75,77
235288,62,1,1064,10.815,71 in,Right,Medium,62,48,44,69
221684,66,1,1053,10.815,188,Left,Medium,67,43,39,64
234472,68,1,1179,17.339,193,Left,Low,56,34,43,55
214191,71,1,1093,14.621,186,Right,Medium,58,38,28,60
231947,65,1,1114,11.359,76 in,Left,Medium,53,65,69,61
263750,58,1,1022,10.082,188,Right,Medium,55,57,61,44
189390,71,2,1093,18.97,185,Left,Medium,64,59,50,61
263475,63,1,1078,10.815,69 in,Right,Medium,70,56,57,67
213375,67,1,1058,13.534,172,Right,High,71,49,49,65
201505,77,1,1504,20.057,183,Right,Medium,56,58,50,63
263140,55,1,1011,12.446,177,Left,Medium,73,44,42,63
211748,79,2,2334,39.628,72 in,Left,High,58,76,75,82
189447,70,1,1093,13.534,184,Right,Medium,68,69,72,66
263647,60,1,1033,11.903,75 in,Right,Medium,63,29,23,36
234499,57,1,1026,10.054,71 in,Right,Medium,66,50,53,55
229064,69,1,1129,14.077,74 in,Right,High,78,46,34,68
235095,66,1,1114,10.272,178,Right,Low,60,48,43,60
216483,71,1,1172,25.494,68 in,Right,Medium,85,64,67,72
214957,67,1,1046,10,178,Right,Medium,52,70,75,65
219551,64,1,1055,10.815,192,Right,Medium,63,51,45,61
252472,57,1,1028,10,75 in,Right,Low,62,31,29,35
214906,69,1,1086,17.883,190,Left,Medium,66,36,35,55
234982,63,1,1048,11.359,190,Right,Low,64,45,40,53
259903,65,1,1107,10,71 in,Right,Medium,63,37,33,45
237380,68,1,1100,11.359,72 in,Right,High,86,69,71,66
222123,75,1,1396,14.621,185,Right,High,80,40,39,60
239106,72,1,1194,10.217,170,Left,High,74,60,57,68
256544,64,1,1100,11.903,182,Right,Medium,60,30,25,63
231575,65,1,1067,10,175,Right,Medium,71,64,60,64
239186,70,1,1122,12.99,72 in,Right,High,80,64,64,75
236382,71,1,1114,14.077,71 in,Left,High,69,58,50,74
252849,60,1,1040,10.027,66 in,Left,Medium,60,29,23,59
252244,57,1,1013,10.027,176,Right,High,63,55,55,52
253093,65,1,1037,10.815,72 in,Right,Medium,82,44,44,61
243364,65,1,1051,10.815,69 in,Right,High,70,64,65,68
243586,68,1,1086,13.534,72 in,Left,Medium,71,68,71,64
234727,71,1,1172,16.795,75 in,Right,Medium,83,39,36,53
222331,80,2,2911,46.152,74 in,Right,Medium,85,51,59,71
215561,61,1,1026,10.815,72 in,Right,High,74,34,25,55
227040,68,1,1129,14.621,76 in,Right,High,62,68,68,62
210698,68,1,1100,11.359,188,Right,Medium,51,56,56,64
243275,68,1,1201,17.883,75 in,Right,Medium,55,31,25,43
241266,67,1,1158,15.165,73 in,Right,Medium,86,67,69,67
263548,58,1,1030,10,74 in,Right,Medium,60,23,18,39
244565,66,1,1136,10.815,178,Left,Medium,73,58,56,63
222165,69,1,1201,12.99,68 in,Right,Medium,78,59,63,73
242845,68,1,1122,12.99,189,Right,Low,60,56,46,59
192667,75,2,1252,23.319,189,Right,Medium,79,59,52,74
258837,52,1,1014,10.815,175,Right,Medium,68,44,43,53
255772,60,1,1028,10.272,170,Right,High,71,56,59,65
240738,62,1,1033,10.272,72 in,Right,High,91,57,58,65
227836,58,1,1019,10.109,71 in,Right,High,75,38,35,55
233917,68,1,1194,14.621,176,Right,High,88,58,59,72
188337,71,1,1129,14.077,171,Left,Medium,83,69,63,68
204776,71,1,1107,14.621,75 in,Right,Low,58,37,30,46
227182,59,1,1030,10,173,Left,Medium,73,33,26,55
261890,48,1,1004,10.815,68 in,Right,Medium,66,39,34,53
188044,77,2,1648,24.406,70 in,Right,High,84,75,79,83
236947,73,1,1468,23.319,191,Left,High,74,34,33,67
263112,60,1,1040,10.815,179,Right,Low,67,37,35,56
248300,58,1,1019,10.082,188,Right,High,80,58,60,56
221312,70,1,1129,14.077,71 in,Left,Medium,69,33,29,53
257807,60,1,1021,10.815,69 in,Right,Medium,69,59,56,58
242056,55,1,1019,10.136,72 in,Right,Medium,63,41,36,53
190239,63,1,1033,12.446,73 in,Right,High,80,60,62,63
224238,66,1,1078,11.359,191,Left,Medium,56,29,25,48
231299,67,1,1019,10,180,Right,Low,58,26,20,38
215160,77,1,1793,18.97,184,Left,High,80,68,63,74
212623,77,1,2081,23.319,181,Right,High,75,77,79,77
228386,76,1,1721,10.272,197,Right,Medium,79,32,23,39
205369,71,1,1150,15.165,178,Left,High,61,64,59,71
257936,50,1,1002,10.815,185,Right,Low,65,37,33,46
205686,80,2,2478,28.755,68 in,Right,High,67,74,71,81
202451,70,1,1078,10.054,74 in,Right,High,65,38,25,47
262522,55,1,1021,10,188,Right,Medium,73,54,55,54
237051,70,1,1129,14.621,71 in,Right,High,89,67,70,72
233017,64,1,1093,10.815,183,Right,Low,44,47,34,57
260133,60,1,1039,10,173,Right,Medium,62,52,55,64
257944,56,1,1021,10.272,76 in,Right,Medium,66,53,56,54
251525,59,1,1031,10.082,182,Right,Medium,50,35,32,53
235454,74,1,1396,40.172,72 in,Left,Low,68,52,53,62
243956,71,1,1114,10.109,72 in,Right,Medium,55,49,39,69
261007,58,1,1035,12.446,177,Right,Medium,68,58,61,62
244904,60,1,1033,10.815,70 in,Left,Medium,67,33,24,33
219771,68,1,1093,11.359,168,Left,High,70,63,61,70
221489,68,1,1136,10.815,66 in,Right,High,79,60,66,73
239721,65,1,1051,10.815,187,Right,High,73,67,73,67
228007,67,1,1086,10.815,176,Left,Medium,74,59,54,68
235997,75,1,1829,20.057,165,Right,Medium,63,56,53,79
190637,63,1,1016,10.272,76 in,Left,Low,34,39,35,28
248310,55,1,1010,10,70 in,Right,High,74,49,48,57
221832,78,1,2081,16.795,69 in,Left,High,77,71,65,72
193097,67,1,1049,10.272,72 in,Left,Medium,69,39,32,58
232999,77,2,2118,36.366,175,Right,High,81,48,48,70
261993,63,1,1086,10,70 in,Right,High,72,58,56,67
261570,57,1,1024,10,68 in,Left,High,68,50,45,59
203781,68,1,1078,11.903,173,Left,Medium,70,51,39,63
201046,75,2,1396,34.735,184,Right,High,68,67,64,81
260308,62,1,1042,10,69 in,Right,Medium,68,53,52,60
200731,63,1,1028,11.359,73 in,Left,Medium,40,26,23,41
246560,64,1,1055,10.815,73 in,Right,High,54,62,64,61
251675,72,1,1237,10.217,174,Left,Medium,72,66,58,72
190717,79,2,2081,52.675,178,Right,High,83,76,79,79
199729,72,1,1136,13.534,177,Right,High,80,73,71,75
210880,70,1,1100,11.359,70 in,Right,High,84,49,49,63
264003,55,1,1017,10.272,185,Right,Medium,60,21,15,28
237679,74,1,1685,21.144,187,Right,Medium,82,69,72,81
210881,78,2,2190,41.259,70 in,Left,High,70,73,71,80
232573,68,1,1078,12.446,71 in,Right,High,72,54,48,62
234035,79,1,2551,74.964,176,Right,High,84,55,48,76
234122,73,1,1244,13.534,181,Right,Medium,63,51,48,70
203145,62,1,1028,11.359,75 in,Left,Medium,53,35,32,44
210439,67,1,1035,11.903,189,Right,Medium,54,68,68,65
243980,60,1,1026,10.217,70 in,Right,Medium,68,37,29,59
219413,70,1,1100,10.815,70 in,Left,High,78,36,29,65
177326,77,3,1244,10.272,66 in,Right,High,67,75,73,78
262973,60,1,1039,10.272,75 in,Right,Medium,57,28,24,33
232997,62,1,1031,10.272,185,Right,Medium,62,34,32,56
194082,69,1,1033,11.903,184,Right,Medium,68,68,70,69
191388,71,2,1136,15.165,70 in,Right,Medium,78,68,67,76
239401,62,1,1058,10.815,74 in,Right,Medium,61,36,30,37
229092,70,1,1122,14.621,174,Right,High,81,65,61,71
194944,62,1,1016,10,68 in,Right,Medium,67,51,57,65
253504,57,1,1009,10,163,Left,Medium,70,33,25,49
213874,78,2,1865,40.715,70 in,Right,Medium,72,67,60,76
230224,75,1,1432,14.621,192,Right,Medium,41,46,44,51
230482,73,1,1244,21.688,169,Right,Medium,77,63,64,75
190235,62,1,1022,10.815,72 in,Right,Medium,62,37,38,55
257154,65,1,1114,11.903,69 in,Right,Medium,72,62,67,61
261818,47,1,1007,10,180,Right,Medium,65,36,33,40
206577,73,1,1215,16.252,188,Left,Medium,58,68,58,70
224675,60,1,1021,10.815,71 in,Right,Medium,65,53,55,57
221244,67,1,1071,10.815,182,Right,Medium,74,64,67,65
225200,73,1,1345,20.057,178,Right,Medium,76,66,73,75
219449,64,1,1057,10.815,178,Right,Medium,67,54,52,72
226539,73,1,1230,14.077,71 in,Left,Medium,76,59,58,79
187915,66,1,1039,11.359,76 in,Right,Low,34,70,69,58
229658,72,1,1179,13.534,68 in,Right,High,83,64,69,71
253859,60,1,1033,10,70 in,Left,Low,68,48,45,45
199465,66,1,1040,10,70 in,Right,Medium,62,46,44,36
228589,69,1,1129,11.359,177,Right,Medium,64,64,53,70
258966,64,1,1100,11.359,71 in,Left,High,68,52,49,69
259081,58,1,1033,10,165,Right,Medium,68,38,37,57
260867,62,1,1071,10,173,Right,High,82,50,49,62
209177,65,1,1026,13.534,168,Left,High,70,58,53,66
239814,69,1,1129,11.903,185,Right,Medium,71,28,21,50
228761,70,1,1230,12.99,182,Left,Medium,71,71,70,69
244403,64,1,1100,10.272,179,Right,Medium,66,64,69,72
211619,66,1,1049,11.903,186,Right,Medium,65,30,22,48
253347,67,1,1107,12.446,180,Right,High,86,59,60,73
236010,65,1,1114,11.359,73 in,Right,Medium,67,64,61,69
235242,67,1,1114,12.99,193,Right,Medium,61,68,69,66
192611,63,1,1026,10.815,190,Right,High,51,55,52,62
254915,60,1,1039,10.272,165,Right,High,78,42,44,65
264191,55,1,1019,10.054,185,Right,Medium,62,24,18,48
216460,84,2,4752,49.957,73 in,Right,Medium,69,45,37,54
183774,72,1,1114,20.057,188,Right,Low,38,25,20,24
258893,67,1,1150,12.99,76 in,Right,Medium,52,28,25,47
192320,69,1,1100,15.708,73 in,Right,Medium,54,68,60,63
165441,60,1,1007,10.815,73 in,Right,Medium,40,51,46,54
212428,67,1,1071,11.359,182,Right,Medium,71,68,68,66
264487,60,1,1012,10,176,Right,Medium,64,23,21,46
257341,64,1,1066,10.272,176,Left,Medium,87,60,62,65
219848,70,1,1150,12.99,71 in,Right,Medium,69,43,42,59
252053,68,1,1158,13.534,74 in,Right,Low,58,35,34,54
223627,76,2,1432,31.474,190,Right,High,68,79,80,72
258116,66,1,1114,11.359,189,Left,Medium,60,32,25,48
263643,63,1,1067,10.272,74 in,Right,Medium,69,45,33,65
240385,63,1,1078,10.815,74 in,Right,Medium,62,47,32,69
226087,66,1,1064,11.359,71 in,Left,Medium,72,48,45,59
230366,73,1,1223,20.057,177,Right,Medium,65,54,46,53
251232,67,1,1100,11.359,183,Right,Medium,72,40,35,66
252923,58,1,1035,10.815,179,Right,Medium,63,51,50,62
230394,70,1,1129,17.883,179,Left,Medium,82,61,62,73
233272,67,1,1086,11.359,74 in,Right,Medium,65,58,51,61
214238,70,1,1129,12.99,175,Right,Medium,74,63,62,70
248399,55,1,1021,10.082,70 in,Right,Medium,68,51,52,57
243785,63,1,1071,10.272,178,Right,High,76,39,39,58
178088,78,3,1648,64.092,67 in,Left,Medium,55,71,70,80
224420,65,1,1049,11.903,70 in,Left,Medium,79,57,54,67
240716,76,1,2154,21.144,72 in,Left,High,76,50,49,70
259281,65,1,1040,10,70 in,Right,High,74,66,67,73
260061,61,1,1051,10,71 in,Right,Medium,66,60,62,58
255742,69,1,1143,12.446,67 in,Right,Medium,66,63,65,69
259237,62,1,1067,10.272,70 in,Left,High,73,48,44,66
234236,79,3,2695,40.715,75 in,Left,Medium,70,79,81,80
212938,68,1,1078,10.815,184,Right,Medium,68,43,34,51
254069,63,1,1078,10,172,Right,High,74,63,70,63
251809,79,2,2839,24.406,193,Left,Medium,60,36,24,59
210870,65,1,1062,10.815,68 in,Right,Medium,71,57,60,69
201145,73,1,1187,12.99,184,Right,High,55,75,78,72
235844,77,1,2118,17.339,187,Right,Medium,69,53,50,63
208304,63,1,1035,10.272,67 in,Right,High,70,60,65,68
260425,57,1,1024,10.815,171,Right,High,64,54,56,64
252278,62,1,1039,10.272,180,Right,High,69,60,62,63
191164,75,1,1345,22.232,70 in,Left,High,88,72,76,75
250958,56,1,1022,10.082,183,Right,Medium,70,47,47,61
227813,80,2,3128,61.373,175,Left,High,73,65,58,80
230359,71,1,1086,19.514,168,Right,High,57,69,65,72
220651,83,2,4319,51.588,175,Left,High,78,71,70,84
193337,72,1,1158,24.95,177,Left,High,83,67,68,71
231033,61,1,1026,10.815,70 in,Left,Medium,72,40,35,57
251594,60,1,1039,10.109,75 in,Right,Medium,66,47,43,62
247103,75,1,1829,10.19,188,Left,High,77,55,43,68
261777,60,1,1039,10.245,68 in,Right,Medium,72,51,52,69
263207,58,1,1019,10.272,182,Right,High,63,31,27,42
240513,64,1,1093,10.272,187,Left,Medium,62,63,58,64
162993,64,1,1010,11.359,71 in,Right,Medium,51,48,44,55
244749,76,2,1685,29.299,188,Left,Medium,60,45,38,56
255853,60,1,1016,10.245,167,Right,Medium,64,51,46,60
234860,62,1,1057,10.217,68 in,Right,High,77,52,50,66
251313,64,1,1066,11.903,179,Right,High,65,58,51,66
257483,65,1,1107,10.027,183,Right,High,65,55,51,59
180706,72,1,1107,27.124,75 in,Right,Medium,35,37,29,47
262694,58,1,1031,10,184,Right,Medium,64,32,27,48
239360,74,1,1648,30.386,190,Left,Medium,58,35,23,59
253079,53,1,1016,10.815,189,Right,Medium,52,23,18,39
241923,71,1,1201,16.795,169,Right,High,89,73,76,75
226191,58,1,1004,10.272,68 in,Left,High,32,57,56,61
244948,66,1,1086,11.359,180,Right,Medium,65,44,38,60
254952,68,1,1194,11.903,183,Right,High,66,70,73,63
225018,73,2,1223,35.279,180,Right,High,73,71,68,70
205704,61,1,1021,10.815,71 in,Right,Medium,71,32,30,46
224293,82,2,4319,58.112,180,Right,Low,59,75,66,76
252488,67,1,1165,11.903,177,Right,Medium,74,37,32,72
226040,64,1,1030,10,67 in,Right,Medium,63,33,33,46
222889,68,1,1071,12.99,78 in,Right,Low,38,38,40,25
259542,55,1,1026,10,178,Right,Medium,63,28,20,24
246092,58,1,1035,15.165,180,Right,Medium,68,57,58,59
259282,51,1,1010,10,69 in,Right,Medium,52,53,58,49
262529,62,1,1062,10,185,Right,High,68,62,64,58
245983,67,1,1086,11.359,174,Right,High,84,64,66,66
255021,68,1,1114,18.97,174,Right,High,92,61,58,70
250780,67,1,1136,12.446,190,Left,Medium,51,36,30,38
224423,73,1,1266,16.795,68 in,Left,High,79,62,56,72
259134,51,1,1010,10,179,Right,Medium,51,43,42,52
233484,70,1,1230,13.534,175,Right,High,75,64,63,68
237532,73,1,1201,10.272,176,Right,High,74,60,48,73
264007,59,1,1033,10.027,178,Right,Medium,60,40,36,58
260188,65,1,1093,10.272,169,Left,High,75,62,57,68
195093,77,2,1757,28.755,189,Right,Medium,62,78,78,75
224510,75,1,1432,18.97,174,Right,High,75,75,75,76
201103,68,1,1044,14.077,69 in,Left,Medium,68,69,63,67
231150,75,1,1432,14.621,69 in,Right,High,75,63,62,78
256781,68,1,1208,11.359,180,Left,High,77,43,42,65
235565,75,1,1468,18.97,73 in,Right,High,66,61,56,63
183578,69,1,1031,12.446,73 in,Right,Medium,60,33,28,30
202599,76,2,1540,30.386,170,Right,High,80,75,76,81
205210,69,1,1086,11.903,171,Right,Medium,62,54,50,61
247414,65,1,1044,11.359,175,Right,High,85,52,51,69
186392,74,1,1223,30.93,188,Right,Medium,54,52,46,64
263276,54,1,1016,10.136,183,Right,Medium,71,52,56,53
210697,73,1,1237,27.668,74 in,Right,Medium,62,57,55,67
234490,62,1,1037,10.815,72 in,Right,High,67,56,56,62
203544,69,1,1069,14.077,175,Left,Medium,66,58,50,64
260415,64,1,1107,10.272,69 in,Left,High,66,64,70,74
257874,63,1,1033,11.359,183,Right,High,71,61,61,58
233408,59,1,1035,11.359,192,Right,Medium,58,57,60,54
259675,70,1,1252,22.775,72 in,Left,High,67,60,58,70
236690,73,1,1179,18.97,75 in,Right,Medium,60,44,34,38
258287,69,1,1223,20.601,179,Right,Medium,77,69,69,73
221791,67,1,1071,11.903,72 in,Left,Medium,52,65,63,68
230396,69,1,1062,14.077,181,Left,Medium,75,68,69,71
255286,67,1,1071,12.446,73 in,Left,Medium,56,28,22,27
251872,62,1,1060,10.815,173,Left,High,77,37,32,58
258821,61,1,1055,10.272,179,Left,High,66,58,62,58
254784,63,1,1093,10.272,169,Right,Medium,74,59,64,74
261221,59,1,1037,10,184,Left,High,67,51,49,60
248243,78,3,3128,33.648,182,Left,High,72,65,62,80
192559,68,1,1071,11.903,73 in,Right,Medium,58,35,33,40
205365,72,1,1136,10.217,180,Right,High,76,70,67,72
240951,62,1,1069,10.815,175,Left,Medium,85,50,47,69
181820,77,3,1648,35.279,72 in,Right,Medium,65,79,77,79
262673,61,1,1051,10.163,182,Right,Medium,63,61,64,61
233941,64,1,1093,12.99,178,Left,Medium,76,64,66,68
264224,54,1,1017,10,70 in,Left,Medium,70,28,25,53
257548,60,1,1039,10.027,186,Left,Medium,86,56,60,64
242673,67,1,1086,11.359,183,Right,Medium,64,64,64,66
231184,68,1,1129,11.359,188,Right,Medium,65,68,71,70
227877,62,1,1040,11.903,70 in,Left,Medium,73,55,55,69
227287,67,1,1093,12.446,183,Right,Medium,61,60,59,67
199146,64,1,1040,10.815,173,Left,Medium,68,60,59,61
208787,76,2,1612,22.232,177,Right,Medium,68,70,67,77
230677,63,1,1040,11.359,190,Right,Medium,54,32,27,30
254654,63,1,1064,10,72 in,Left,Medium,57,28,24,32
259531,61,1,1057,10.815,73 in,Right,Medium,59,43,38,57
260303,63,1,1040,10.815,70 in,Right,High,68,50,46,43
253440,59,1,1042,11.903,171,Left,High,83,54,56,61
262345,62,1,1017,10.272,74 in,Left,Medium,41,47,45,54
262364,56,1,1012,10.815,76 in,Right,Medium,52,25,20,35
240211,67,1,1086,10,72 in,Right,High,77,62,59,68
202530,70,1,1093,10.163,72 in,Right,Medium,77,66,69,76
264165,59,1,1037,10.217,69 in,Left,Medium,65,50,50,63
248880,63,1,1071,10.272,180,Left,High,83,31,32,60
251604,69,1,1150,13.534,174,Left,High,82,68,69,72
261667,47,1,1007,10,176,Right,Medium,60,45,44,45
246405,70,1,1158,26.581,183,Right,High,79,69,75,72
252459,60,1,1040,10.217,176,Right,Medium,72,51,54,63
252086,73,1,1230,20.601,70 in,Right,High,84,50,48,71
234040,60,1,1037,10.815,183,Right,Medium,63,38,34,54
260575,60,1,1026,10.109,69 in,Left,Medium,63,41,44,61
246276,68,1,1194,12.446,68 in,Left,Medium,81,61,64,73
196436,67,1,1044,10,67 in,Right,High,63,68,70,70
211954,67,1,1062,13.534,188,Right,Medium,67,63,53,58
250959,67,1,1165,13.534,72 in,Left,Medium,64,53,47,65
262178,51,1,1009,10.082,69 in,Right,High,77,52,54,53
201155,71,1,1136,15.708,175,Right,Medium,71,65,63,75
245994,60,1,1042,11.903,69 in,Left,Medium,62,54,54,60
260212,60,1,1040,10,180,Right,High,73,60,63,63
226210,67,1,1107,11.359,177,Right,Medium,69,61,64,69
236506,79,2,2803,16.252,183,Left,High,61,39,32,70
234172,69,1,1093,13.534,188,Right,Medium,80,52,47,64
263236,55,1,1019,10,73 in,Right,Medium,65,44,42,56
208822,73,1,1223,16.252,167,Right,High,88,73,74,72
194958,77,1,1721,23.319,69 in,Right,Medium,63,72,68,73
255939,68,1,1187,10,187,Left,Low,67,26,21,35
209289,75,1,1432,23.863,170,Left,Medium,75,59,65,70
247081,64,1,1100,10.815,172,Left,High,82,33,31,62
250856,54,1,1017,10,171,Right,High,70,42,40,56
252141,67,1,1165,10,183,Right,High,72,62,54,67
223790,70,1,1136,19.514,180,Right,Medium,90,67,66,72
232440,77,1,2009,29.843,70 in,Left,High,72,54,50,74
260411,52,1,1016,10,170,Left,Medium,73,28,28,44
210513,79,2,2262,18.97,169,Left,High,73,76,71,83
197777,70,1,1100,15.165,71 in,Right,High,67,60,50,68
220493,71,1,1150,11.359,72 in,Left,High,72,34,21,72
245427,54,1,1009,12.446,172,Left,Medium,72,44,48,53
201085,66,1,1060,11.359,69 in,Right,Medium,60,64,63,66
244022,67,1,1100,11.359,75 in,Right,Medium,71,68,70,65
191294,68,1,1057,10.109,183,Right,Medium,49,49,42,53
237034,75,1,1648,33.648,69 in,Right,High,83,75,78,75
263030,54,1,1017,10,176,Left,Medium,64,42,40,57
221737,70,1,1136,14.621,182,Left,High,78,58,61,72
203590,71,1,1107,14.077,193,Right,Medium,51,43,40,32
263169,64,1,1107,10.272,70 in,Right,Medium,75,62,61,68
243441,58,1,1017,10.245,69 in,Right,Medium,63,44,46,60
232607,71,1,1136,14.621,185,Right,Medium,64,27,21,40
251796,58,1,1022,10.815,181,Right,Medium,55,62,67,52
231567,55,1,1008,10,64 in,Left,High,71,47,46,50
224650,54,1,1005,10.272,70 in,Left,Low,64,25,18,42
210384,76,1,1504,20.601,175,Left,High,87,63,63,77
214766,78,1,1648,19.514,185,Right,Medium,51,52,45,49
210007,74,1,1280,17.883,182,Right,Medium,48,60,51,62
255150,62,1,1071,14.077,71 in,Left,High,80,41,38,63
212454,70,1,1136,20.057,180,Left,Medium,82,61,62,72
245364,65,1,1114,10.815,175,Right,Medium,69,64,67,71
221552,69,1,1086,11.359,184,Right,Medium,57,53,51,61
251197,62,1,1037,10,173,Left,Medium,73,59,58,66
236503,64,1,1033,11.359,70 in,Left,Medium,68,63,59,63
203537,71,1,1129,20.057,190,Left,Medium,79,66,64,77
245233,63,1,1071,10.272,75 in,Right,Medium,50,29,25,32
158144,75,2,1078,18.426,70 in,Right,Medium,44,72,67,73
263748,55,1,1028,10,185,Left,Medium,63,53,55,48
240322,60,1,1033,10.815,180,Right,Medium,67,26,17,57
228644,67,1,1064,11.903,69 in,Right,Medium,38,41,32,60
226747,72,1,1143,10.815,74 in,Right,High,58,51,48,62
193713,59,1,1015,11.359,70 in,Right,Medium,71,53,53,54
258562,55,1,1022,10,177,Left,Medium,76,46,47,52
204121,73,1,,,187,Right,Medium,70,51,42,59
225126,77,2,1829,23.863,185,Right,Medium,58,69,69,73
263228,62,1,1062,10.815,174,Right,Medium,72,60,60,68
259145,60,1,1035,10.054,186,Left,Low,50,27,25,38
260511,55,1,1007,10,72 in,Right,Medium,59,33,33,51
203782,71,1,1129,14.621,68 in,Right,Medium,78,62,58,78
263808,65,1,1060,11.903,70 in,Right,High,67,63,68,74
256427,49,1,1008,10,171,Right,Medium,71,44,45,46
243286,64,1,1048,11.359,188,Right,Medium,67,35,35,45
200086,63,1,1028,10.272,181,Right,Medium,71,61,63,61
255313,65,1,1049,10.815,68 in,Left,High,68,63,63,63
239485,66,1,1078,12.99,76 in,Right,Medium,52,46,45,51
251436,66,1,1150,11.359,169,Right,High,70,53,54,71
261202,60,1,1040,10.815,181,Left,Medium,67,59,61,68
230807,66,1,1129,13.534,172,Left,High,75,38,39,66
224591,70,1,1143,12.446,74 in,Left,Medium,54,57,52,63
219835,75,1,1252,10.272,175,Left,Medium,81,73,73,75
236938,69,1,1223,12.99,73 in,Left,High,83,66,68,72
237075,69,1,1100,12.446,188,Right,High,63,70,70,66
235156,68,1,1114,12.99,74 in,Right,Medium,54,37,40,46
234692,60,1,1015,11.359,182,Right,High,69,45,43,54
255532,63,1,1086,10.815,171,Right,Medium,79,48,50,73
237020,58,1,1028,12.446,171,Left,Medium,78,29,28,54
239906,60,1,1039,10.815,185,Right,Medium,51,49,51,58
263492,55,1,1021,10,187,Right,Low,60,24,20,29
257081,59,1,1039,10.815,76 in,Right,Medium,53,33,28,40
234665,67,1,1078,13.534,75 in,Right,Medium,54,38,40,39
254699,53,1,1016,10.272,176,Right,Medium,72,54,56,52
261705,58,1,1030,10.217,73 in,Right,Medium,69,29,25,40
246113,75,1,1757,17.339,176,Left,High,89,60,60,75
209954,66,1,1064,10.272,72 in,Left,High,72,58,55,70
263075,62,1,1037,11.359,185,Right,High,76,57,56,61
233869,64,1,1019,10.815,74 in,Left,Medium,48,47,43,42
261575,57,1,1026,10,173,Right,Medium,65,58,65,57
215449,75,1,1540,25.494,185,Left,Medium,78,77,72,73
205243,69,1,1078,15.708,191,Right,Low,35,33,31,36
235558,66,1,1093,10.815,179,Right,Medium,61,46,46,56
252873,69,1,1187,15.165,187,Left,High,74,51,48,64
220558,64,1,1039,11.359,181,Left,High,53,53,50,64
213305,63,1,1033,10.272,199,Right,Low,50,64,65,59
233292,71,1,1143,16.795,72 in,Right,Low,62,34,27,45
177912,64,1,1024,10.272,70 in,Right,Medium,52,54,46,63
204476,67,1,1058,11.903,192,Right,Medium,35,39,34,43
258432,69,1,1223,15.165,76 in,Right,Medium,55,34,29,54
225855,71,1,1158,17.339,70 in,Right,Medium,65,73,67,74
246558,60,1,1022,10.19,179,Right,Medium,61,32,32,23
205360,74,1,1309,35.823,178,Right,High,79,75,76,72
233125,69,1,1129,14.621,70 in,Right,High,65,63,60,76
244881,66,1,1136,15.708,71 in,Left,High,75,57,55,70
246604,61,1,1060,10.815,69 in,Right,High,82,61,62,62
259274,53,1,1015,10,71 in,Left,Medium,66,24,19,36
232000,66,1,1093,11.903,68 in,Right,Medium,72,63,63,73
220196,76,1,1865,27.668,183,Left,High,73,71,71,80
208462,68,1,1086,11.903,190,Right,Medium,38,52,44,54
211899,75,2,1396,23.319,187,Right,High,72,76,76,73
215334,71,1,1129,17.339,75 in,Right,Medium,46,74,72,71
199566,65,1,1044,10.815,69 in,Left,Low,70,56,48,65
207828,65,1,1058,11.359,73 in,Right,Medium,67,64,65,61
227511,69,1,1187,12.446,186,Right,Medium,57,38,39,54
184433,64,1,1017,10.272,192,Left,Medium,44,65,63,61
244840,69,1,1194,13.534,178,Left,Medium,85,48,32,68
247832,74,1,1468,21.688,176,Right,High,91,46,40,74
258541,52,1,1013,10.272,177,Right,Medium,66,26,22,48
260818,62,1,1040,10.815,191,Right,High,70,33,33,44
262307,60,1,1040,10.272,180,Left,Medium,66,47,44,61
244591,74,1,1648,18.97,178,Right,High,81,54,55,74
243642,67,1,1165,12.99,180,Left,High,83,64,64,68
253474,60,1,1044,10.815,183,Right,Low,53,45,42,56
229536,67,1,1093,12.446,173,Right,Medium,78,66,71,67
246957,64,1,1107,10.815,69 in,Left,Medium,79,54,52,73
262398,59,1,1035,10.272,187,Right,High,57,53,50,66
252391,63,1,1078,10.272,74 in,Right,Medium,58,62,61,55
192449,71,1,1129,15.708,75 in,Left,Medium,62,71,67,74
231838,74,1,1432,20.057,189,Left,Medium,72,45,32,62
219448,68,1,1078,14.077,70 in,Right,Medium,71,41,39,59
256152,58,1,1037,10,69 in,Right,Medium,73,54,58,65
228870,64,1,1060,10.272,76 in,Right,Medium,51,33,23,52
264566,63,1,1049,10,186,Right,Medium,66,58,58,62
236845,59,1,1021,10,173,Left,High,78,44,40,57
222368,76,1,1721,32.561,72 in,Right,Medium,76,73,76,76
264570,57,1,1028,10,177,Right,Medium,69,56,55,61
215168,69,1,1100,13.534,179,Right,High,72,64,68,71
232966,65,1,1021,10.272,183,Right,High,51,66,67,66
183287,73,2,1071,17.883,69 in,Right,Medium,37,58,53,65
251028,61,1,1049,10.272,179,Left,Medium,85,54,54,64
235054,60,1,1021,10,71 in,Left,Medium,66,33,32,63
234163,65,1,1078,10.272,176,Right,Medium,77,58,56,75
200758,71,1,1114,19.514,185,Right,Medium,69,33,24,59
264545,59,1,1033,10,70 in,Right,Medium,63,53,53,58
238662,68,1,1187,14.621,180,Left,High,86,62,61,67
234769,64,1,1060,10.815,72 in,Right,Medium,72,62,65,63
197937,73,1,1143,16.252,193,Left,Medium,57,46,32,56
259796,68,1,1100,10,172,Right,High,72,60,60,70
245907,60,1,1040,12.99,183,Right,Medium,63,48,43,61
246826,68,1,1114,11.903,186,Right,Low,61,29,23,45
222262,71,1,1172,16.252,184,Right,Medium,75,73,75,63
222173,54,1,1005,10.815,175,Right,Low,55,43,43,55
253794,63,1,1021,10,182,Right,Medium,58,35,30,55
214009,77,2,1721,29.843,70 in,Right,Medium,71,51,36,66
219998,68,1,1129,11.903,169,Right,Medium,66,53,40,71
225051,60,1,1021,10.272,73 in,Left,Medium,50,24,22,38
149185,75,2,1078,20.057,181,Right,Medium,55,55,45,56
243981,62,1,1058,10.815,190,Left,Low,50,26,22,32
255573,68,1,1179,16.795,188,Right,Medium,65,28,21,53
264409,58,1,1033,10.815,186,Left,Medium,69,54,57,66
212487,68,1,1114,14.077,188,Right,Medium,59,39,33,58
204445,67,1,1049,11.359,180,Right,Medium,68,43,38,63
259177,59,1,1015,10.272,182,Right,Medium,56,42,43,60
186135,66,1,1051,11.903,71 in,Right,Low,52,56,51,53
213444,66,1,1066,11.903,69 in,Right,Medium,54,47,42,64
219860,68,1,1071,10.272,71 in,Right,Low,61,28,20,51
230371,77,1,1757,27.668,178,Right,Medium,79,54,52,71
233745,59,1,1035,10.272,179,Right,Medium,78,53,54,65
263292,58,1,1037,10.815,194,Right,High,62,51,49,63
262474,65,1,1107,10.815,190,Right,Medium,58,29,26,48
229878,65,1,1078,11.359,69 in,Left,High,73,65,67,68
194947,72,1,1078,15.165,195,Left,Low,33,46,27,48
264602,51,1,1010,10,72 in,Right,Medium,59,42,37,48
223159,72,1,1223,16.252,77 in,Right,Medium,54,44,32,56
232296,71,1,1187,12.446,70 in,Right,High,74,39,28,66
181010,63,1,1016,10.815,170,Right,Medium,39,51,47,55
223994,72,1,1165,12.446,74 in,Right,High,64,74,78,65
237184,76,1,1793,17.883,69 in,Right,Medium,75,61,60,74
234781,69,1,1093,11.903,188,Left,Medium,44,36,36,46
225087,65,1,1069,13.534,174,Right,High,84,45,48,59
263311,61,1,1049,10.217,69 in,Left,Medium,71,34,34,62
208277,72,1,1136,11.359,72 in,Left,High,85,66,64,72
253377,69,1,1208,18.426,72 in,Right,Low,67,36,24,39
247631,53,1,1013,10,68 in,Right,Medium,73,25,18,35
246313,52,1,1013,10.272,67 in,Right,Medium,73,52,55,51
195838,69,1,1078,10.272,184,Left,Medium,59,67,65,68
259403,62,1,1064,10.815,180,Right,Medium,82,49,44,67
264551,58,1,1035,10,163,Right,Medium,70,43,40,60
237329,75,1,1901,23.863,186,Right,Medium,76,72,76,78
205551,72,1,1150,13.534,175,Right,High,81,64,60,68
221992,81,3,3236,51.588,175,Right,High,93,76,77,83
214211,67,1,1071,10.245,176,Right,High,84,64,65,70
239093,77,1,1685,25.494,178,Right,High,85,66,66,76
241422,62,1,1067,10.163,69 in,Right,High,70,58,58,65
262510,65,1,1129,10.272,172,Right,Medium,68,48,41,62
223848,85,3,5762,64.092,191,Right,High,68,79,80,84
255038,63,1,1048,10.815,177,Right,Medium,64,33,32,54
210617,77,2,1829,32.017,182,Left,High,80,69,67,82
239505,68,1,1100,11.903,165,Right,High,87,48,49,65
210925,57,1,1010,11.903,67 in,Right,Medium,55,57,58,61
230666,83,2,4788,91.273,175,Right,High,84,81,84,86
240209,63,1,1055,10.815,184,Right,Medium,75,64,61,66
235883,75,1,1865,33.648,178,Left,High,82,65,68,74
219591,70,1,1129,10.054,74 in,Right,Medium,45,27,20,54
264364,59,1,1040,11.359,70 in,Right,Medium,66,44,31,57
233500,75,1,1829,15.708,68 in,Right,High,89,64,66,84
263747,55,1,1021,10,180,Right,Medium,66,25,21,32
243834,67,1,1165,11.359,72 in,Left,Medium,77,53,50,71
190581,75,1,1396,12.99,68 in,Left,High,76,75,75,79
240882,61,1,1049,10.272,69 in,Right,Medium,71,33,30,56
230526,69,1,1086,13.534,70 in,Left,High,69,51,45,67
233056,64,1,1051,10.217,72 in,Right,Low,58,36,33,48
255305,61,1,1060,10.272,72 in,Right,Medium,78,56,57,62
190813,79,3,2262,44.521,70 in,Right,Medium,87,75,74,79
243591,69,1,1100,13.534,181,Right,High,70,71,73,69
192387,87,4,5870,77.682,185,Right,High,86,87,91,80
259164,65,1,1100,11.359,72 in,Right,High,73,49,50,63
207929,71,1,1114,16.252,181,Left,High,80,68,70,73
235971,68,1,1093,11.903,173,Right,Medium,61,62,61,66
239099,69,1,1194,13.534,73 in,Right,Medium,62,50,48,64
182428,58,1,1002,10.815,186,Right,High,49,58,57,54
255333,64,1,1086,11.359,183,Right,Medium,58,35,28,35
253593,65,1,1013,10,73 in,Right,Low,72,48,38,30
234207,64,1,1093,10.245,69 in,Left,High,84,37,38,63
186805,70,1,1093,13.534,170,Right,High,85,65,60,78
256060,55,1,1008,10.027,72 in,Right,High,63,56,60,53
208597,69,1,,,190,Right,Medium,45,24,19,51
260496,56,1,1011,10.272,181,Right,Medium,68,54,58,58
230032,62,1,1040,10.272,72 in,Left,High,89,49,54,63
263192,57,1,1017,10.815,183,Left,High,74,54,57,53
258596,63,1,1051,10.815,176,Right,Medium,64,55,52,67
234660,69,1,1114,13.534,187,Right,Medium,70,54,50,63
230698,60,1,1028,10.245,72 in,Right,Medium,85,56,58,60
264271,52,1,1012,10.272,173,Left,Medium,62,31,27,47
260888,59,1,1035,10.815,72 in,Left,Medium,66,52,52,65
140201,65,2,1016,10.815,170,Right,Medium,37,69,69,65
211706,75,1,1396,22.232,177,Right,Medium,62,62,64,74
240769,56,1,1022,10.815,173,Right,Medium,72,57,61,58
164529,67,1,1012,10.815,183,Right,Medium,31,42,39,57
231840,64,1,1086,11.359,175,Right,Medium,70,51,51,63
253528,64,1,1008,10,68 in,Right,Medium,70,39,33,61
231912,63,1,1071,10.272,185,Right,Medium,62,48,38,58
229212,68,1,1086,12.446,183,Right,High,64,63,53,67
256418,63,1,1078,10.136,70 in,Right,Medium,66,47,43,64
240064,73,1,1273,10.272,192,Right,Low,69,31,26,44
231866,86,3,6845,104.864,75 in,Right,Medium,61,70,64,78
248473,56,1,1024,11.903,74 in,Left,Medium,60,33,26,49
226166,81,2,3489,45.064,74 in,Right,Medium,80,49,40,73
242160,70,1,1114,11.359,185,Right,Medium,78,38,29,60
238205,56,1,1002,10,71 in,Right,Medium,48,26,22,40
199412,72,1,1165,23.319,72 in,Left,Medium,86,71,66,71
261209,56,1,1031,10,73 in,Left,Medium,73,26,22,46
259739,62,1,1071,10.082,173,Left,Medium,69,56,57,68
254229,70,1,1086,10.054,184,Right,High,77,48,57,62
259818,65,1,1107,10,67 in,Left,Medium,72,30,27,53
261301,50,1,1006,10,71 in,Right,Medium,61,26,24,51
258598,67,1,1136,10.815,179,Left,Medium,67,44,34,70
233288,60,1,1024,10,180,Right,Medium,76,34,22,54
217217,69,1,1069,11.903,177,Right,Medium,47,57,51,62
263259,64,1,1062,10.815,73 in,Right,High,73,51,51,61
229703,65,1,1057,11.903,74 in,Right,Medium,60,42,36,39
190883,65,1,1026,10.815,175,Right,Medium,64,48,49,57
223731,64,1,1040,10.272,184,Right,Medium,84,62,64,62
258081,64,1,1100,11.359,70 in,Right,Medium,70,65,68,64
228702,87,3,9623,123.891,71 in,Right,High,81,69,72,88
262411,71,1,1201,22.775,72 in,Right,High,67,64,60,73
260383,56,1,1022,10,191,Right,Medium,63,31,29,48
223074,69,1,,,180,Left,Medium,75,66,67,74
244082,60,1,1026,10.272,173,Right,Medium,73,59,62,62
262970,58,1,1031,10,172,Right,Medium,64,46,44,63
234571,56,1,1022,14.077,178,Right,High,72,51,50,57
202851,77,2,1721,27.668,70 in,Left,Medium,82,77,77,83
236634,60,1,1042,10.136,185,Right,Medium,72,52,55,62
260772,59,1,1040,10,66 in,Left,High,75,53,52,68
204102,69,1,1114,10,174,Left,Medium,69,64,59,70
242758,63,1,1044,10.815,175,Right,Medium,66,46,45,54
244050,66,1,1136,11.359,190,Left,Medium,75,55,50,67
233570,63,1,1046,10,175,Left,High,64,66,70,65
245146,53,1,1015,10,72 in,Right,Medium,73,25,24,48
197837,78,2,1829,32.561,188,Right,Medium,70,29,20,53
215993,66,1,1058,11.359,177,Right,Medium,60,46,40,61
156432,70,2,1039,16.252,193,Right,Medium,37,72,73,67
263304,53,1,1016,10.272,76 in,Right,Low,59,23,17,28
261956,49,1,1004,10.272,175,Right,Medium,58,36,29,45
259789,69,1,1223,12.99,70 in,Left,Medium,81,66,63,74
228980,71,1,1143,14.077,70 in,Right,Medium,72,54,50,63
246771,70,1,1150,14.077,172,Right,High,71,67,70,72
253064,55,1,1019,10,166,Right,Medium,77,34,27,48
251574,61,1,1049,12.99,175,Right,Medium,62,40,31,68
262505,68,1,1187,11.359,71 in,Left,Medium,68,36,31,42
233046,63,1,1048,10.815,183,Right,Medium,71,49,47,60
241307,55,1,1005,10.815,176,Left,High,68,27,22,56
243445,64,1,1093,11.903,72 in,Right,Medium,76,62,68,65
225739,61,1,1019,11.359,74 in,Right,Medium,57,29,30,34
263452,63,1,1040,10.815,71 in,Left,High,62,56,53,57
143025,70,1,1024,11.903,169,Left,Medium,70,47,39,65
246333,56,1,1024,10.272,72 in,Left,Medium,69,58,60,56
221990,71,1,1122,14.077,74 in,Right,Medium,41,29,23,44
232596,62,1,1022,10.082,70 in,Right,Medium,63,24,20,48
261875,52,1,1013,10.19,70 in,Right,Medium,59,40,39,54
205966,78,2,2081,41.803,66 in,Right,High,74,68,69,87
223637,68,1,1100,11.903,68 in,Right,Medium,90,57,58,64
190962,67,1,1058,10.815,74 in,Right,Medium,63,30,28,29
263603,60,1,1044,11.359,183,Right,Medium,56,48,47,66
192811,62,1,1028,11.359,68 in,Right,Medium,61,57,50,57
263426,56,1,1024,10.109,178,Right,Medium,68,46,44,61
240744,73,1,1353,17.339,179,Left,Medium,81,71,68,73
199238,67,1,1046,10.815,185,Right,Medium,61,35,22,33
211856,74,2,1331,23.863,76 in,Right,Medium,81,48,45,59
247001,61,1,1049,10.054,185,Left,High,76,54,53,63
255265,66,1,1093,10,66 in,Left,Medium,76,58,57,70
223572,67,1,1093,10.815,186,Right,Medium,50,44,40,59
232643,68,1,1114,12.446,73 in,Left,Medium,79,34,28,64
246681,56,1,1024,10.815,185,Right,Medium,66,49,47,59
149697,52,1,1000,10,73 in,Left,Low,31,31,35,32
188058,69,1,1078,15.165,189,Right,High,55,70,72,64
247388,61,1,1058,10.272,188,Left,Medium,72,60,61,59
231640,74,1,1468,22.232,68 in,Right,High,77,74,70,77
200536,77,2,1685,35.823,71 in,Left,High,86,51,48,73
201377,77,2,1685,20.601,184,Right,Medium,73,40,37,58
240599,60,1,1039,10.272,182,Right,High,69,60,63,64
161703,68,1,1026,12.446,176,Left,Medium,40,66,63,65
240916,72,1,1244,17.883,187,Right,Medium,68,61,62,66
230451,71,1,1150,20.057,66 in,Right,Medium,73,66,66,74
257407,63,1,1066,10.815,179,Right,Medium,73,39,34,62
200353,75,1,1360,24.95,187,Right,Medium,56,37,31,47
230454,70,1,1136,18.426,179,Right,Medium,83,64,64,76
259361,64,1,1093,10.815,180,Left,High,75,45,39,64
257478,60,1,1021,10.272,68 in,Right,High,72,46,45,57
262041,49,1,1007,10,73 in,Right,Medium,56,25,22,23
255842,55,1,1019,10,73 in,Right,Medium,55,27,23,35
260189,66,1,1064,10.815,165,Right,High,74,63,62,65
218633,64,1,1055,10.815,73 in,Right,Medium,76,63,65,60
253662,62,1,1060,10.815,69 in,Right,Medium,67,52,53,62
215170,66,1,1030,11.903,188,Left,Medium,45,67,69,62
236190,73,1,1208,16.252,187,Right,Medium,55,45,22,64
234099,60,1,1042,12.446,180,Right,Medium,78,58,57,61
240054,62,1,1028,10.815,67 in,Right,Medium,72,56,55,68
253828,61,1,1051,10,70 in,Right,Medium,71,56,50,62
262592,60,1,1028,10.054,175,Right,Medium,80,59,63,61
232406,66,1,1066,10.815,70 in,Right,Medium,68,36,29,51
237994,68,1,1136,12.446,61 in,Right,High,82,61,60,74
254741,65,1,1017,10,175,Right,Medium,69,30,32,54
259859,64,1,1048,10,179,Right,Medium,63,49,42,40
260208,64,1,1040,10,67 in,Right,Medium,65,60,58,65
205895,75,1,1338,14.077,69 in,Right,High,72,65,62,73
253793,59,1,1031,10,190,Right,Medium,59,30,19,33
214747,60,1,1017,10.19,173,Right,Medium,68,49,44,60
264467,60,1,1037,10.815,74 in,Right,High,54,62,64,54
257261,56,1,1022,10.272,70 in,Right,Medium,63,36,35,52
264404,59,1,1035,10.272,182,Right,Medium,66,50,42,57
204105,76,1,1468,10.272,70 in,Right,High,78,62,59,73
219546,71,1,1150,12.446,72 in,Right,Medium,79,38,35,59
243154,63,1,1086,12.446,191,Right,Medium,84,57,60,56
251514,53,1,1016,10,71 in,Left,High,63,33,33,38
264419,63,1,1044,11.359,76 in,Left,Medium,55,63,64,61
212792,63,1,1028,10.815,185,Right,Low,71,24,17,57
261880,63,1,1069,10,170,Left,Medium,67,62,57,75
187517,72,1,1107,23.863,192,Right,Medium,67,41,30,33
225114,70,1,1136,15.165,181,Right,Medium,75,70,68,77
246847,64,1,1086,11.359,72 in,Right,Medium,73,59,59,66
241592,54,1,1016,10.815,178,Right,High,75,54,55,47
209973,78,2,2045,22.232,74 in,Right,High,79,77,80,73
245287,67,1,1158,11.903,70 in,Right,High,76,55,52,68
208965,65,1,1042,12.99,73 in,Right,Medium,63,30,24,26
230481,83,1,3561,36.366,177,Right,Medium,88,77,74,85
261180,57,1,1028,10.815,173,Left,Medium,68,49,50,56
257367,56,1,1024,10.815,173,Left,High,77,49,50,59
234507,57,1,1009,10,172,Right,High,67,47,45,47
221696,65,1,1048,10.815,175,Right,High,49,66,63,67
224368,72,1,1187,19.514,68 in,Right,High,81,67,67,75
262340,63,1,1064,10.815,188,Right,Medium,66,26,23,38
264231,59,1,1035,10.272,178,Right,Medium,64,55,52,59
253583,64,1,1033,10,72 in,Right,Low,28,36,34,42
221857,66,1,1060,12.99,170,Right,Medium,72,58,53,63
264538,57,1,1028,10,73 in,Right,Medium,61,33,31,41
182464,67,1,1037,12.446,181,Right,High,72,52,48,64
213928,75,1,1468,21.144,186,Left,High,79,64,58,70
207669,68,1,1086,11.903,69 in,Right,High,80,63,64,65
244415,64,1,1039,10.815,188,Right,Medium,46,37,31,32
263929,68,1,1201,12.446,182,Left,High,82,61,60,73
251167,61,1,1049,10.815,196,Left,High,50,32,28,26
230084,74,1,1612,33.104,73 in,Right,Medium,82,73,73,76
241071,70,1,1237,15.708,165,Right,Medium,72,57,51,72
234711,76,2,1793,33.648,69 in,Right,Medium,76,73,74,84
253237,66,1,1078,10,180,Left,High,79,52,58,57
251660,56,1,1009,11.903,69 in,Right,Medium,60,34,28,58
239752,63,1,1035,10.054,74 in,Right,Medium,58,28,26,41
205139,61,1,1024,10.082,182,Right,Medium,57,42,40,46
254282,60,1,1022,10.245,74 in,Right,Medium,55,26,22,33
235405,71,1,1252,21.144,188,Right,Medium,62,33,30,49
218585,60,1,1016,10.054,71 in,Left,High,63,40,32,52
214718,69,1,1107,13.534,170,Right,Medium,86,63,63,70
264547,58,1,1046,10,74 in,Right,Medium,60,59,61,58
222574,64,1,1033,10.815,173,Right,Medium,59,54,55,64
221322,65,1,1067,11.359,191,Right,High,55,41,33,53
200677,76,1,1432,22.232,186,Right,Medium,65,38,30,62
246186,77,1,2695,18.426,73 in,Right,High,72,77,79,73
199550,71,2,1114,13.534,185,Left,Medium,44,42,38,54
242708,66,1,1086,10.815,168,Right,Medium,64,48,48,61
254172,61,1,1053,10.272,190,Right,Medium,64,32,32,62
233413,66,1,1086,10.815,185,Right,Medium,67,36,24,49
243210,66,1,1078,10.815,174,Left,High,72,42,40,58
233260,73,1,1504,28.212,68 in,Right,Medium,78,74,76,80
199576,78,2,1865,38.541,72 in,Right,Low,41,44,25,63
256449,58,1,1044,11.359,74 in,Right,Low,51,37,34,45
220140,68,1,1107,12.446,188,Right,Medium,64,30,32,52
228464,64,1,1042,10.815,187,Right,Medium,60,63,65,59
232120,72,1,1223,12.99,180,Right,Medium,87,60,59,66
193422,71,1,1136,15.708,73 in,Right,High,71,71,74,65
198914,69,1,1062,12.446,71 in,Right,Medium,72,68,67,70
238598,64,1,1040,10.19,71 in,Left,Medium,82,59,61,65
251532,71,1,1215,15.708,173,Right,High,90,69,72,74
204492,64,1,1040,11.359,185,Right,High,69,63,63,63
220969,73,1,1273,13.534,69 in,Left,Medium,87,61,62,76
251590,54,1,1019,12.446,72 in,Left,Medium,61,41,38,47
213157,60,1,1021,10.19,67 in,Left,Medium,77,55,58,60
215147,75,1,1432,17.339,184,Right,Medium,71,34,31,47
231628,77,1,2551,23.863,75 in,Right,High,72,79,81,71
172425,70,1,1019,15.165,190,Right,Medium,35,28,27,57
189544,66,1,1049,10.272,188,Right,Medium,46,39,31,33
223724,80,2,2370,28.212,175,Right,High,78,63,59,76
195480,65,1,,,183,Right,High,68,47,43,63
237842,60,1,1035,10,67 in,Right,High,73,55,52,62
260574,62,1,1067,12.446,179,Right,Medium,77,38,23,56
261508,59,1,1037,10,68 in,Left,High,75,52,50,52
188616,70,2,1071,15.708,169,Right,Medium,83,67,67,74
251124,56,1,1022,10.272,178,Right,Low,53,39,39,69
211365,71,1,1158,12.446,72 in,Left,Medium,75,64,64,73
202539,70,1,1114,25.494,174,Left,High,68,74,73,68
236193,63,1,1039,11.903,71 in,Right,Medium,67,59,62,66
186267,69,1,1086,13.534,70 in,Right,High,75,54,46,65
221106,63,1,1033,11.903,190,Right,Medium,67,57,52,65
253433,64,1,1100,12.446,181,Left,High,82,61,58,64
186881,71,1,1107,18.97,182,Right,Medium,65,62,58,69
234018,68,1,1100,13.534,74 in,Right,Medium,67,70,67,68
182160,64,1,1033,10.815,178,Right,High,85,60,59,62
205989,75,2,1468,41.259,72 in,Right,Low,66,56,54,66
246403,70,1,1100,10.082,71 in,Left,High,87,48,52,58
195586,73,2,1179,21.688,184,Right,Medium,55,76,76,72
227503,73,1,1432,22.232,183,Right,Medium,85,69,72,72
246659,67,1,1067,10.815,183,Right,Medium,69,38,36,37
262613,60,1,1021,10.163,185,Right,Medium,66,60,64,58
234785,63,1,1044,10.815,70 in,Right,High,73,42,38,73
205026,62,1,1028,10.815,72 in,Right,Medium,68,51,46,61
262699,65,1,1071,10.815,67 in,Right,High,77,60,60,62
206606,72,1,1172,16.795,195,Left,Medium,55,73,75,59
236043,66,1,1122,11.359,178,Right,Medium,66,57,55,64
251219,59,1,1037,10,177,Left,Medium,72,51,54,59
252541,70,1,1244,14.077,179,Right,Medium,69,54,51,74
206154,71,1,1107,15.165,176,Right,Medium,67,67,61,70
212803,64,1,1049,11.359,170,Right,Medium,68,63,62,64
229019,64,1,1057,11.359,180,Right,Medium,79,53,54,65
254203,64,1,1062,10,182,Left,Low,73,41,37,48
260508,61,1,1024,10,178,Right,Medium,66,64,60,61
158023,93,5,6628,183.691,67 in,Left,Medium,85,92,95,96
263612,57,1,1028,10.217,71 in,Right,Medium,64,55,59,58
234521,65,1,1100,10.272,190,Left,Medium,52,61,58,65
251151,62,1,1067,11.359,178,Right,High,66,63,63,62
250823,60,1,1039,12.446,179,Right,Medium,72,48,44,55
250829,55,1,1021,10.815,183,Left,Medium,62,26,21,27
263582,65,1,1122,11.903,187,Right,Medium,72,64,68,64
243092,59,1,1033,10.272,185,Right,High,71,41,37,61
215015,71,1,1086,14.621,183,Right,Low,59,35,29,53
186146,73,2,1215,34.192,185,Right,High,71,72,75,72
263360,58,1,1033,10.19,72 in,Left,High,72,32,30,65
225811,68,1,1122,28.755,171,Right,High,84,63,65,71
184501,71,1,1114,14.621,185,Right,High,61,65,65,63
239930,66,1,1071,10.815,184,Right,Medium,70,52,51,59
239181,66,1,1069,10.272,186,Right,Medium,66,34,30,52
184432,83,3,2803,77.682,178,Right,Medium,66,55,46,68
176237,71,3,1114,12.99,183,Right,Medium,66,73,73,66
230936,70,1,,,70 in,Right,Medium,68,54,48,71
253385,74,1,1612,29.299,71 in,Left,High,74,75,76,64
233047,65,1,1107,12.446,180,Right,Medium,70,37,35,54
234826,76,1,2081,16.795,74 in,Right,High,72,77,78,73
208335,72,1,1150,19.514,182,Right,Low,75,45,38,59
261697,58,1,1022,10,178,Right,High,55,57,62,54
230429,72,1,1165,19.514,176,Right,Medium,48,46,45,68
195519,62,1,1028,10.815,178,Right,High,70,59,59,62
211119,75,1,1252,14.621,70 in,Left,Medium,76,71,69,75
175316,65,1,1026,10.815,67 in,Left,High,68,42,43,56
253971,57,1,1026,10.815,180,Right,High,69,60,63,57
224794,69,1,1107,11.359,177,Right,High,84,60,59,70
260924,58,1,1035,10.272,188,Right,Medium,53,44,40,58
160292,65,1,1013,10.815,181,Right,Low,33,60,58,60
236524,73,1,1468,12.99,192,Right,Medium,77,32,19,59
184643,70,1,1086,12.446,69 in,Left,High,76,57,54,67
264181,68,1,1208,10,181,Right,High,76,65,63,70
255718,64,1,1093,10,70 in,Right,High,77,52,63,69
245170,62,1,1058,10,67 in,Right,High,69,52,52,61
240926,73,1,1316,37.997,190,Right,Low,53,30,23,48
225273,69,1,1136,12.446,70 in,Right,Medium,79,52,50,65
245501,60,1,1039,10.815,70 in,Right,Medium,90,57,61,63
260134,60,1,1039,10,187,Right,Medium,55,24,23,25
224881,66,1,1060,12.446,69 in,Left,Medium,73,63,67,65
232879,69,1,1049,12.446,173,Right,Medium,54,56,52,63
258411,54,1,1014,10,174,Left,High,72,32,27,45
216194,78,1,1829,25.494,180,Right,Low,41,69,69,72
258545,62,1,1040,10.815,73 in,Right,Medium,74,60,60,64
192020,68,1,1071,14.077,69 in,Right,High,79,50,46,65
238509,63,1,1078,10.815,72 in,Right,Medium,73,63,64,62
259582,64,1,1093,11.359,72 in,Right,Medium,66,46,41,60
253677,50,1,1007,10.815,182,Right,Medium,71,51,54,52
246874,63,1,1078,10.815,70 in,Right,High,77,55,57,63
221499,63,1,1028,11.359,185,Right,Medium,65,61,60,62
263377,70,1,1244,17.883,168,Right,High,77,66,67,74
259856,64,1,1057,10,176,Right,Medium,62,51,50,55
260842,62,1,1046,10.815,185,Left,High,71,50,50,64
257790,60,1,1039,10.815,178,Left,Medium,72,34,30,54
237667,66,1,1066,15.165,67 in,Right,High,81,62,62,66
257814,63,1,1030,10.815,177,Right,Medium,66,30,26,38
257641,55,1,1019,10.027,69 in,Left,Medium,71,35,33,48
252544,59,1,1039,10.815,176,Left,High,64,61,51,63
242630,54,1,1011,10,74 in,Right,High,56,53,56,49
231697,61,1,1055,14.621,176,Right,High,71,26,20,53
184336,66,1,1037,11.903,185,Left,High,75,63,59,68
146758,77,3,1259,22.232,180,Right,High,53,79,82,73
215148,74,1,1223,16.795,170,Left,High,76,46,44,70
251399,65,1,1058,10,73 in,Right,High,73,66,66,64
259184,66,1,1136,14.621,175,Right,Medium,74,62,61,71
216475,81,2,2190,32.017,180,Right,High,86,82,84,87
263832,54,1,1016,10.272,73 in,Left,Medium,64,28,23,25
204738,74,1,1295,29.843,175,Right,High,87,64,60,76
245253,72,1,1360,16.795,69 in,Right,Medium,67,56,58,76
237316,62,1,1058,11.359,185,Right,Medium,50,33,29,34
225931,69,1,1158,10,70 in,Right,High,73,66,68,72
199779,72,1,1158,18.97,75 in,Right,Medium,52,38,29,51
162512,63,1,1010,10.815,74 in,Right,Low,33,32,24,42
253735,68,1,1194,14.077,72 in,Right,Medium,80,67,70,72
173891,65,1,1040,10.815,73 in,Right,High,73,64,64,64
211848,67,1,1071,11.903,71 in,Right,High,75,66,66,67
234650,65,1,1044,10.815,174,Left,High,73,50,52,58
211272,70,1,1078,13.534,179,Left,Medium,65,49,35,62
227236,76,1,1757,36.366,184,Right,Medium,77,64,58,84
239629,67,1,1143,16.795,71 in,Right,High,76,58,58,70
206098,74,1,1288,32.017,72 in,Right,Medium,70,53,49,68
241328,63,1,1071,11.903,74 in,Right,Medium,66,34,32,42
263620,62,1,1086,10.109,71 in,Right,Medium,58,41,36,55
252943,69,1,1237,11.903,68 in,Right,Medium,70,62,61,67
256681,54,1,1017,10.815,72 in,Right,Medium,61,35,30,50
231436,74,1,1685,28.755,71 in,Left,High,83,62,66,80
234078,76,2,1829,22.232,70 in,Right,Medium,70,53,43,84
242085,62,1,1044,10.815,69 in,Right,High,68,54,52,62
228072,61,1,1021,11.359,182,Right,Medium,64,52,55,57
261505,58,1,1035,10,170,Left,Medium,65,31,23,52
245510,62,1,1039,12.446,178,Right,High,75,40,39,55
176368,65,1,1015,10.272,179,Right,Medium,64,59,59,63
211203,66,1,1066,11.359,179,Right,Medium,67,46,45,60
234022,67,1,1078,14.077,67 in,Left,Medium,76,69,67,68
216435,77,2,1973,40.172,170,Right,Medium,63,63,64,77
251342,69,1,1201,15.708,72 in,Right,Medium,71,67,70,69
220466,71,1,1158,23.319,184,Left,Medium,72,64,53,73
257924,66,1,1055,11.359,184,Left,High,66,57,58,63
264389,66,1,1086,11.359,80 in,Left,Medium,54,26,21,37
260841,66,1,1064,11.359,199,Right,Low,53,27,20,32
251303,63,1,1026,10.815,71 in,Left,Medium,67,52,43,54
192373,72,1,1136,17.339,74 in,Left,Medium,41,74,76,70
233314,72,1,1201,12.99,178,Right,Medium,66,51,46,62
260256,64,1,1055,10,172,Right,Medium,62,43,33,44
258504,62,1,1042,10.272,188,Left,High,71,64,66,66
252594,68,1,1208,13.534,70 in,Left,Medium,79,59,59,74
262755,55,1,1019,10,186,Right,Medium,66,51,57,52
231012,74,1,1295,10.272,177,Left,Medium,75,69,66,73
253568,65,1,1114,17.339,74 in,Left,High,67,67,73,60
226382,74,1,1252,10.272,173,Right,High,72,63,65,66
253537,73,1,1432,10.19,171,Right,High,82,48,50,53
200936,61,1,1021,10,178,Left,High,74,41,46,56
222978,62,1,1039,10.082,74 in,Right,Medium,53,55,54,59
263350,51,1,1010,10,182,Right,Medium,64,42,38,55
262418,64,1,1040,10.815,73 in,Right,Medium,63,52,46,64
264250,57,1,1028,10.027,190,Right,Medium,61,28,23,36
177390,67,2,1013,10.815,188,Left,Medium,44,68,61,73
193062,72,1,1165,16.795,186,Left,High,72,62,56,75
215686,65,1,1042,11.359,72 in,Right,Medium,43,51,50,52
153244,81,1,1793,36.91,74 in,Right,Medium,68,83,85,76
256542,60,1,1037,10.272,74 in,Left,Medium,71,32,26,48
251926,61,1,1057,10.082,179,Right,Medium,69,42,33,60
237095,61,1,1022,10.272,176,Right,Medium,73,26,23,52
232519,65,1,1114,15.165,176,Left,High,86,58,60,65
248112,65,1,1062,11.903,180,Left,High,73,61,61,65
261190,52,1,1012,10.815,175,Right,Medium,60,35,32,49
244110,69,1,1107,12.446,72 in,Right,High,80,66,70,72
250988,55,1,1008,10.815,177,Right,Medium,65,42,41,55
224615,62,1,1030,10.815,67 in,Right,Medium,77,56,54,65
213181,64,1,1040,10.815,176,Left,High,84,56,59,67
238332,73,1,1295,18.426,180,Right,High,81,72,74,67
196318,71,1,1129,16.252,175,Right,High,81,66,67,74
241638,51,1,1009,10.245,173,Right,Medium,73,50,52,49
214099,62,1,1035,10.815,176,Right,High,75,54,55,64
224470,62,1,1035,11.903,178,Right,Medium,64,49,44,59
205083,76,2,1432,20.057,179,Right,High,59,73,71,77
233299,71,1,1194,15.708,72 in,Left,High,72,71,70,66
258609,62,1,1060,10.217,71 in,Right,Medium,64,33,29,56
264175,60,1,1042,11.359,72 in,Left,High,65,55,61,62
239872,74,1,1280,16.795,188,Left,Medium,65,39,39,48
255226,62,1,1062,10.272,177,Right,Medium,75,61,66,63
214765,67,1,1067,11.903,185,Right,Medium,64,45,37,55
182037,56,1,1002,10.272,175,Right,Medium,40,57,52,53
204644,64,1,1042,10.272,183,Right,High,82,57,57,62
256856,67,1,1158,10.815,184,Left,Medium,73,50,38,63
193173,65,1,1048,12.446,183,Right,High,67,64,64,62
244201,65,1,1114,11.359,177,Right,Medium,77,65,65,63
258683,72,1,1360,17.339,74 in,Left,Medium,69,64,58,76
246739,68,1,1093,11.359,180,Right,Medium,55,53,48,63
192086,75,2,1396,35.823,72 in,Right,High,78,74,73,79
228044,63,1,1044,10.272,71 in,Right,Medium,65,54,47,61
254732,65,1,1053,10,178,Left,Medium,70,32,34,49
254692,67,1,1165,16.252,182,Right,High,80,65,68,72
255212,58,1,1035,10,171,Right,Medium,76,44,40,64
214412,68,1,1062,10.815,177,Right,Medium,74,43,42,59
260390,54,1,1017,10,178,Right,Medium,66,42,32,60
256539,66,1,1114,11.359,197,Right,Medium,41,29,22,32
224211,68,1,1122,10,181,Right,Low,68,32,28,51
253928,65,1,1078,10,75 in,Right,High,57,68,71,61
234381,67,1,1071,12.446,187,Right,Medium,67,36,38,44
245393,64,1,1078,10,181,Right,Medium,72,40,28,57
246802,64,1,1051,11.359,71 in,Right,Medium,73,58,51,64
260045,64,1,1086,10,72 in,Right,Medium,61,22,18,22
251762,65,1,1114,12.446,72 in,Right,High,73,66,65,70
185349,70,1,1058,23.863,178,Right,High,73,51,45,72
246157,66,1,1129,11.359,190,Right,Medium,48,29,25,37
230501,72,1,1165,24.95,178,Left,Medium,76,76,75,76
252167,56,1,1022,10,184,Right,Medium,60,56,59,55
236692,68,1,1122,12.446,186,Right,Medium,77,66,68,70
256801,61,1,1051,11.359,72 in,Right,Low,55,29,21,33
221538,65,1,1064,10.815,185,Right,Medium,67,33,30,49
263982,53,1,1015,10.027,180,Left,High,69,39,37,64
237937,61,1,1051,10.217,180,Right,Medium,69,51,53,63
223929,70,1,1172,21.688,183,Right,Medium,82,71,72,71
247913,58,1,1030,10,74 in,Right,High,61,40,41,55
254723,64,1,1093,10,180,Right,High,70,62,68,69
204691,76,1,1432,14.621,170,Right,Medium,71,70,68,74
191058,72,1,1060,16.252,70 in,Left,Medium,72,57,50,61
193495,66,1,1048,11.903,178,Right,Medium,47,63,58,68
241084,80,1,3417,18.426,180,Right,High,92,77,76,85
231416,76,2,1829,28.755,74 in,Left,Medium,84,75,74,82
234079,66,1,1069,11.903,186,Right,Medium,68,55,51,56
204399,80,2,1973,23.863,72 in,Right,High,77,82,84,79
255009,68,1,1208,11.903,182,Left,Medium,68,67,66,70
221618,70,1,1158,18.97,184,Right,Medium,79,71,71,73
263580,56,1,1024,10.136,69 in,Right,Medium,79,55,56,60
260266,66,1,1028,10,180,Left,Medium,60,29,23,25
209504,73,1,1223,21.688,185,Left,Medium,73,73,74,76
184037,74,2,1208,30.93,191,Right,Low,50,44,38,58
221425,66,1,1060,10.815,68 in,Right,Medium,74,64,65,65
247519,65,1,1122,11.903,67 in,Right,High,88,64,69,72
255860,65,1,1122,10.815,178,Right,Medium,76,65,68,66
245518,57,1,1017,11.359,69 in,Left,Medium,73,52,55,58
260398,47,1,1010,10,173,Right,Medium,61,36,28,45
211231,70,1,1100,16.252,67 in,Right,Medium,65,59,51,66
215886,74,1,1244,14.621,73 in,Right,High,44,75,75,73
242143,70,1,1129,16.252,184,Right,Medium,64,64,55,66
159034,70,1,1030,10.815,74 in,Right,Medium,52,39,36,47
260577,61,1,1058,10.027,72 in,Left,Medium,66,60,60,64
187338,61,1,1019,10.272,72 in,Right,Medium,57,62,63,53
255992,63,1,1046,10,177,Right,High,69,36,32,49
255224,58,1,1031,10.272,71 in,Right,High,50,61,65,55
215443,75,1,1468,36.91,69 in,Right,High,87,71,71,75
241298,59,1,1010,11.359,182,Left,Medium,62,35,27,50
231207,74,1,1612,16.252,74 in,Left,Medium,68,28,23,58
254129,63,1,1078,10.272,71 in,Left,Medium,62,42,38,48
206408,68,1,1086,10.815,188,Right,Medium,46,71,71,58
239025,73,1,1504,17.883,187,Right,High,82,74,75,74
156683,65,1,1016,10.272,71 in,Right,Medium,61,64,61,64
235770,68,1,1165,16.795,73 in,Left,Medium,73,51,45,64
263977,52,1,1013,11.359,169,Right,Medium,59,50,53,58
216815,66,1,1069,11.359,191,Right,Medium,50,29,24,42
201262,76,2,1504,31.474,68 in,Right,High,66,70,67,78
244494,59,1,1039,10.163,180,Right,Medium,67,53,54,62
248856,56,1,1024,10,70 in,Right,Medium,57,58,55,47
264375,56,1,1022,10,70 in,Right,Medium,68,53,58,53
221643,68,1,1086,11.359,173,Left,High,59,61,57,64
220714,74,1,1432,25.494,78 in,Left,Medium,59,70,65,74
263158,61,1,1035,10.272,65 in,Right,Medium,62,56,52,66
190885,73,1,1187,23.319,180,Right,High,68,60,52,70
243606,67,1,1158,11.903,67 in,Right,High,80,63,65,67
239353,65,1,1100,10.815,70 in,Right,High,75,40,38,59
264122,57,1,1026,10,179,Right,Medium,68,57,61,52
205188,69,1,1100,16.252,73 in,Right,Medium,67,69,72,69
255210,65,1,1114,11.359,74 in,Right,High,63,57,56,68
240453,66,1,1129,10.815,186,Left,Medium,68,28,24,61
262761,54,1,1017,10,73 in,Left,Medium,63,26,21,31
255377,63,1,1086,14.077,172,Right,High,85,60,61,65
243292,58,1,1030,10.815,72 in,Right,Medium,72,36,33,48
259083,58,1,1037,10.272,166,Right,High,75,44,45,63
212807,64,1,1046,10.815,69 in,Right,High,90,60,57,66
262674,62,1,1062,10.082,171,Right,Medium,58,64,66,65
224864,65,1,1051,11.903,171,Left,Medium,74,55,53,66
212736,64,1,1048,10.815,189,Right,Medium,61,53,52,51
262160,63,1,1035,11.359,71 in,Right,Medium,66,23,20,55
186672,70,2,1030,11.359,75 in,Right,Medium,46,55,49,63
205995,73,2,1208,19.514,177,Left,Medium,72,65,59,74
233045,71,1,1273,15.165,185,Right,High,78,70,77,69
258147,66,1,1143,10,73 in,Left,Medium,76,34,31,64
247216,65,1,1071,10.272,168,Right,Medium,57,54,44,68
223510,68,1,1093,11.359,73 in,Right,High,70,68,67,62
229066,62,1,1037,10.245,172,Right,Medium,73,50,47,68
236038,72,1,1252,12.446,70 in,Right,High,91,46,46,70
246691,65,1,1040,10.272,70 in,Right,Medium,48,29,22,36
240271,70,1,1179,17.339,70 in,Right,High,74,67,65,74
219985,78,2,1973,57.568,74 in,Right,High,65,71,68,77
247068,64,1,1049,10,167,Left,Medium,78,57,56,67
240463,60,1,1022,12.446,69 in,Right,High,67,52,55,61
261488,62,1,1062,10,175,Right,Medium,58,57,58,61
189701,69,1,1031,12.446,185,Right,Medium,50,56,53,51
251105,71,1,1302,12.446,71 in,Right,Medium,72,70,73,71
264257,60,1,1028,10.815,180,Right,Medium,74,60,62,62
229742,65,1,1107,11.903,73 in,Right,Medium,71,50,31,66
238775,67,1,1114,11.359,170,Right,High,80,59,61,64
241652,66,1,1064,10.815,185,Right,High,77,64,66,66
221284,75,1,1396,23.863,71 in,Right,Medium,71,29,19,63
230488,73,1,1244,15.708,183,Right,High,69,69,62,74
264258,62,1,1030,10,70 in,Left,Medium,73,49,50,60
224981,66,1,1060,10.815,184,Left,Medium,55,50,53,51
245685,63,1,,,187,Left,Medium,62,62,63,56
247264,67,1,1150,10.815,72 in,Right,Low,60,35,28,49
255839,68,1,1187,11.359,182,Right,Medium,82,69,71,68
256697,64,1,1100,11.359,187,Left,Medium,66,50,52,64
262666,57,1,1024,10.027,68 in,Right,Medium,67,33,34,54
247050,69,1,1223,10,173,Right,Medium,70,57,56,73
233572,62,1,1042,10.815,183,Right,High,80,59,60,62
243894,69,1,1114,12.99,70 in,Right,High,65,61,64,73
199288,72,1,1046,16.252,73 in,Right,High,53,57,55,69
208052,73,1,1194,21.688,71 in,Right,High,80,53,52,71
248770,56,1,1022,10.272,194,Right,Medium,60,33,28,50
259704,65,1,1016,10,66 in,Right,Medium,55,67,68,71
239383,62,1,1019,10.109,69 in,Left,Medium,60,32,24,31
242696,52,1,1012,10.815,189,Right,Medium,69,46,45,48
208559,60,1,1026,10,75 in,Left,Medium,72,58,61,56
242047,58,1,1028,11.903,67 in,Right,Medium,73,48,51,64
190547,73,3,1107,17.339,75 in,Right,Low,36,32,27,49
236696,71,1,1215,10.054,69 in,Right,High,80,62,63,76
262328,54,1,1013,10,175,Right,Medium,55,32,26,42
261066,64,1,1078,11.359,180,Right,Medium,56,40,31,57
264099,58,1,1033,10.272,179,Right,Medium,73,31,30,58
246949,69,1,1158,12.446,69 in,Left,High,79,69,70,71
193942,66,1,1042,16.252,70 in,Left,High,56,56,51,60
203725,71,1,1143,14.077,173,Right,Medium,86,62,67,76
223334,74,1,1432,27.124,186,Right,Medium,76,70,70,75
228892,73,1,1215,34.735,65 in,Right,Medium,62,60,50,69
216380,75,2,1468,29.299,70 in,Left,High,77,60,58,79
241085,62,1,1064,11.903,174,Right,Medium,69,40,39,64
238277,67,1,1107,11.359,178,Right,High,76,62,62,69
222172,62,1,1022,11.359,71 in,Left,Medium,72,54,54,61
245129,64,1,1078,10.815,185,Left,Medium,71,26,23,57
229217,68,1,1136,11.359,175,Left,High,90,62,62,72
228243,67,1,1107,11.903,186,Right,Medium,74,44,45,52
246672,74,1,1648,18.97,175,Right,Medium,80,69,73,81
189682,79,1,1865,30.93,180,Left,Low,62,42,36,59
184843,66,1,1040,10,185,Right,Medium,48,51,43,44
41236,84,5,2045,37.454,195,Right,Medium,65,87,86,78
229849,65,1,1071,10.815,173,Right,High,70,57,51,68
223537,65,1,1051,13.534,194,Right,Medium,34,67,69,61
216275,72,1,1165,16.252,172,Right,High,78,43,42,69
198129,77,1,1504,33.104,174,Left,Medium,64,55,48,70
244068,72,1,1215,17.883,189,Left,Medium,66,26,23,49
232498,76,1,1576,20.601,169,Left,High,86,74,76,75
237286,70,1,1237,22.232,175,Right,Medium,75,70,70,69
260294,63,1,1033,10.272,184,Right,Low,64,35,32,46
227995,69,1,1201,16.252,66 in,Right,High,68,64,61,71
200770,66,1,1058,10.815,182,Right,Medium,74,66,64,66
255658,56,1,1013,10.272,68 in,Left,Medium,66,49,53,59
245055,71,1,1302,14.621,177,Right,Medium,73,66,57,73
204412,71,1,1136,15.708,182,Left,Medium,63,65,66,67
230361,74,1,1302,15.708,172,Right,Medium,74,46,44,74
180174,69,1,1069,13.534,184,Right,High,79,56,52,66
255660,52,1,1012,10,189,Right,Medium,53,38,43,28
232515,66,1,1055,12.446,178,Left,High,64,39,32,65
261166,57,1,1024,10.272,178,Right,High,73,25,24,52
257231,60,1,1042,10,167,Left,Medium,67,33,27,50
212000,67,1,1086,12.99,71 in,Right,Medium,84,64,66,69
243881,62,1,1033,10.272,178,Right,High,63,54,54,60
247086,68,1,1122,12.99,182,Left,High,78,67,65,69
204979,66,1,1069,12.99,177,Left,High,83,50,48,63
251756,73,1,1504,18.426,189,Left,Medium,75,72,71,72
253072,76,1,2226,16.795,74 in,Right,High,84,75,75,72
173752,64,1,1030,10.815,71 in,Right,Medium,66,46,44,55
190782,73,2,1143,12.99,74 in,Right,Medium,52,67,61,66
235036,73,1,1396,18.426,187,Right,Low,55,37,31,53
258452,65,1,,,69 in,Right,High,71,60,61,67
230291,71,1,1136,16.795,72 in,Right,High,82,67,72,75
258626,66,1,1086,14.621,185,Left,Medium,65,68,67,64
164468,74,3,1078,20.601,76 in,Right,Medium,32,58,56,56
225263,78,2,2370,26.581,76 in,Right,Medium,59,39,32,59
231344,72,1,1244,12.99,175,Right,High,91,68,73,72
211227,63,1,1028,10.245,180,Right,Medium,57,48,48,58
229881,62,1,1030,10.815,178,Left,High,79,65,65,64
258276,67,1,1093,11.359,178,Right,High,70,41,34,66
248318,53,1,1014,10,172,Right,Medium,67,48,45,52
208614,65,1,1051,10.815,75 in,Right,Low,51,43,38,36
253652,67,1,1060,10,69 in,Right,High,73,66,73,63
241858,68,1,1179,10.815,185,Right,Medium,76,33,27,51
245283,68,1,1136,14.077,168,Right,Medium,72,61,71,83
238073,59,1,1022,10.815,72 in,Left,Medium,54,28,22,43
259996,59,1,1013,10.163,68 in,Right,Medium,76,45,45,59
232461,70,1,1114,11.903,74 in,Right,Medium,63,36,32,45
238197,60,1,1024,10.027,72 in,Right,Medium,53,41,29,52
226861,73,1,1259,20.057,70 in,Left,High,78,71,70,75
244048,61,1,1057,11.359,180,Right,Medium,81,49,52,68
182521,88,4,6412,178.255,183,Right,Medium,53,81,77,80
262525,63,1,1069,10.815,70 in,Left,High,77,60,61,64
189899,71,1,1086,12.446,188,Right,Medium,32,38,28,47
184484,79,3,2045,54.85,186,Right,Medium,54,78,74,78
253452,62,1,1093,11.903,180,Right,High,71,54,50,67
255526,67,1,1107,10.815,70 in,Left,High,65,67,67,71
256634,62,1,1053,11.359,183,Right,Medium,67,32,28,55
251072,64,1,1064,11.359,172,Left,High,72,61,60,63
223934,67,1,1066,12.99,179,Right,Medium,73,30,25,63
243993,73,1,1107,15.165,190,Left,High,57,76,79,68
251548,62,1,1066,10.272,168,Left,High,83,49,45,58
239951,68,1,1107,12.446,174,Right,High,75,44,36,67
190530,67,1,1058,12.99,72 in,Left,Low,66,24,18,18
239624,66,1,1122,11.903,186,Right,Medium,71,64,65,66
218743,69,1,1122,10.027,69 in,Left,Medium,77,64,66,68
193569,69,1,1078,12.446,185,Right,Low,54,36,36,59
255930,58,1,1028,10.815,182,Right,Medium,68,49,48,57
220621,77,1,2009,41.803,172,Right,High,77,72,72,83
232538,63,1,1051,10.272,69 in,Right,Medium,82,50,52,64
256713,56,1,1024,10,70 in,Left,Medium,68,47,46,57
230444,70,1,1129,15.165,68 in,Right,Medium,79,73,73,78
225502,70,1,1230,12.99,181,Right,Medium,83,57,55,63
210244,61,1,1026,11.903,187,Right,Medium,81,60,61,61
264204,53,1,1016,10.815,173,Right,Medium,67,46,48,56
257396,64,1,1093,11.359,68 in,Right,High,62,60,64,69
223241,73,1,1187,16.252,70 in,Left,High,73,67,61,69
255934,67,1,1158,12.99,74 in,Right,Medium,53,57,49,60
202663,67,1,1071,11.903,67 in,Right,Medium,82,62,62,69
235059,65,1,1114,14.621,168,Left,Medium,83,52,53,67
263903,62,1,1040,10.815,189,Right,Medium,65,60,62,61
262113,63,1,1078,12.446,175,Right,Medium,66,57,55,73
263468,57,1,1026,10.136,175,Left,Medium,61,47,44,56
247582,65,1,1114,10.815,165,Right,High,72,54,49,66
198220,68,1,1071,16.252,183,Right,High,56,61,53,72
253150,72,1,1396,15.708,172,Right,High,81,63,62,76
236903,65,1,1053,10.815,69 in,Left,High,68,61,65,67
236591,63,1,1078,10.245,70 in,Right,Medium,70,66,65,61
247888,68,1,1223,16.795,73 in,Right,High,71,67,67,74
213064,70,1,1100,12.446,71 in,Left,Medium,65,44,41,62
258949,69,1,1244,13.534,69 in,Right,High,82,65,65,76
234612,79,3,2803,29.299,175,Left,High,89,70,70,83
243019,71,1,1288,23.319,188,Right,Medium,60,49,35,35
242854,60,1,1046,11.359,181,Right,High,75,57,58,62
258203,59,1,1040,10,67 in,Right,High,64,55,57,62
215330,81,1,3236,51.044,189,Right,Medium,84,75,77,88
210739,69,1,1114,14.077,182,Right,Medium,73,65,63,69
212253,75,1,1396,16.795,189,Right,High,72,55,48,66
247667,66,1,1143,10.272,70 in,Right,Medium,76,39,30,54
263348,55,1,1019,10.272,71 in,Left,Medium,73,54,56,58
198128,72,1,1165,10.245,177,Right,High,80,72,72,76
262614,55,1,1019,10.027,182,Right,Medium,72,49,53,50
209063,72,1,1143,15.708,188,Right,Medium,55,36,30,40
202035,71,1,1129,12.99,170,Right,High,76,68,66,70
224866,57,1,1016,10.054,175,Right,High,74,55,57,58
253399,66,1,1122,10.272,175,Left,High,90,60,64,67
208030,65,1,1035,11.359,193,Right,High,54,60,54,52
195038,75,2,1396,24.406,176,Right,Medium,72,73,75,77
223058,75,1,,,182,Right,Medium,80,68,63,76
239875,72,1,1122,12.99,174,Right,Medium,72,45,41,69
260866,62,1,1022,10,179,Right,Medium,58,25,21,22
212121,70,1,1158,14.077,189,Right,Medium,65,61,56,65
231634,60,1,1013,10.163,196,Right,Medium,54,24,22,28
172823,62,1,1013,10.815,180,Right,High,65,63,64,60
213663,63,1,1044,10.272,67 in,Left,High,79,33,32,65
262700,54,1,1015,10.217,184,Left,Medium,65,33,29,50
191669,63,1,1013,10.245,175,Right,Medium,56,57,49,57
205343,75,1,1396,36.366,180,Right,High,80,67,65,78
244800,66,1,1071,10.815,172,Right,High,85,54,52,65
231433,70,1,1143,10.027,70 in,Left,Medium,80,67,72,69
248041,67,1,1100,12.446,182,Left,High,70,59,56,63
239015,74,1,1468,32.017,175,Right,Medium,88,72,73,76
243867,69,1,1067,11.903,182,Right,High,40,35,33,51
193421,66,1,1024,10.815,179,Right,Medium,54,68,65,66
227558,72,1,1237,16.795,190,Right,Medium,66,71,76,71
251763,70,1,1172,10.109,70 in,Right,High,80,67,67,68
221793,69,1,1107,16.795,176,Right,Medium,77,66,65,70
232614,65,1,1051,10.815,186,Right,Medium,48,65,66,54
262839,64,1,1093,10.272,185,Right,Medium,68,62,60,67
193235,62,1,1019,11.359,184,Right,Medium,66,45,37,47
210484,69,1,1114,15.165,175,Left,Medium,70,64,64,68
232144,77,2,2045,21.144,193,Left,Medium,67,39,33,49
262355,64,1,1040,10.815,187,Right,High,68,58,59,73
263200,67,1,1071,12.446,73 in,Right,Medium,65,66,66,67
261816,48,1,1007,10,72 in,Left,Low,42,31,22,22
251892,74,1,1612,14.077,76 in,Right,High,71,74,75,74
246685,64,1,1100,15.165,71 in,Left,Medium,78,31,31,58
263222,57,1,1024,10.027,171,Left,Medium,72,31,28,39
233525,56,1,1021,10,72 in,Right,Medium,59,41,41,45
255876,66,1,1136,10,166,Right,High,86,55,52,56
227600,70,1,1150,16.252,70 in,Right,Medium,82,47,44,66
229773,77,1,1793,35.823,188,Left,High,80,53,43,69
260968,62,1,1057,10.815,180,Right,Medium,73,54,53,62
228336,78,2,2334,28.755,187,Right,Medium,69,60,58,78
200759,75,1,1396,35.823,70 in,Left,High,84,69,68,78
257060,61,1,1057,10.272,190,Right,Medium,59,63,65,55
199498,63,1,1033,10.272,173,Right,Medium,78,58,58,63
263353,59,1,1039,10.815,69 in,Right,Medium,70,47,42,58
222881,69,1,1114,11.903,168,Right,High,71,50,34,71
264196,59,1,1035,10.815,72 in,Right,High,81,28,25,56
248674,61,1,1060,12.446,184,Right,Medium,73,61,63,62
236817,75,1,1468,18.426,181,Right,Medium,59,55,45,69
256104,63,1,1078,10.815,74 in,Right,Medium,67,47,46,64
247715,55,1,1019,10.272,69 in,Right,Medium,64,42,42,62
264421,58,1,1033,10,175,Left,High,77,31,28,56
252448,68,1,1208,14.077,72 in,Right,Medium,84,59,62,74
177604,80,2,1468,23.863,180,Left,Medium,65,61,55,73
236364,62,1,1044,10.109,178,Right,Medium,63,57,55,63
162900,69,1,1039,10.272,173,Right,Medium,50,50,41,66
205364,74,1,1223,28.755,184,Left,High,73,65,64,70
213209,71,1,1179,12.446,178,Right,Medium,76,67,60,71
222369,67,1,1100,12.446,76 in,Right,Medium,63,56,50,61
243854,75,1,1865,29.299,74 in,Right,Medium,68,36,27,62
260897,59,1,1037,10.272,170,Left,Medium,71,48,48,67
224494,74,1,1432,26.581,67 in,Left,High,91,40,40,69
229728,67,1,1093,12.446,189,Right,High,74,65,65,67
230092,69,1,1122,12.446,184,Right,Low,74,59,45,52
250996,59,1,1035,10.082,76 in,Right,Medium,64,57,60,51
262704,60,1,1019,10.272,192,Right,Medium,53,45,41,28
187498,70,1,1093,16.795,181,Right,Medium,66,71,71,67
220061,71,1,1114,22.775,189,Right,Medium,57,31,24,46
258445,58,1,1033,10.136,182,Right,High,73,32,35,54
223747,67,1,1078,11.359,178,Left,High,61,42,38,66
241900,62,1,1053,11.903,74 in,Right,Medium,56,42,40,58
263151,60,1,1037,10.815,69 in,Left,High,79,39,41,58
142707,75,2,1136,17.883,174,Right,High,63,77,77,72
253602,69,1,1136,11.359,195,Right,High,63,37,36,41
243430,64,1,1100,10.815,70 in,Right,Medium,40,22,16,26
262501,64,1,1086,10.272,69 in,Right,Medium,69,65,65,64
261146,66,1,1129,10,73 in,Left,Medium,72,50,41,65
194334,70,1,1093,21.144,190,Right,Medium,57,41,43,61
220831,76,1,1793,23.319,178,Right,Medium,73,63,64,75
259758,62,1,1067,10.272,185,Right,Medium,64,51,45,58
257063,68,1,1208,15.708,164,Right,High,82,56,57,74
213937,71,1,1143,14.077,174,Left,Medium,62,76,72,70
244161,68,1,1114,11.903,178,Right,Medium,85,65,66,70
259139,65,1,1122,12.99,168,Left,Medium,69,56,61,75
212321,72,1,1179,15.165,186,Right,Medium,54,48,42,64
247304,54,1,1019,10.272,70 in,Right,High,65,51,51,54
232919,69,1,1046,12.446,175,Right,Medium,52,59,61,68
254001,63,1,1078,10.815,176,Right,Medium,64,47,42,58
224358,68,1,1086,12.446,69 in,Left,High,68,65,64,70
262760,47,1,1006,10,70 in,Right,Medium,60,37,32,47
232872,65,1,1067,10.815,182,Right,Medium,72,30,20,39
259626,59,1,1039,10.272,75 in,Right,Medium,70,54,60,64
241861,68,1,1187,11.903,181,Right,High,78,46,46,67
211057,70,1,1114,12.446,173,Right,High,77,67,66,69
199051,69,1,1048,11.903,188,Right,Medium,58,39,33,49
212626,71,1,1172,24.95,76 in,Right,High,76,70,70,69
232642,57,1,1026,11.903,176,Right,High,84,53,60,58
258866,64,1,1107,10,184,Right,Medium,71,56,55,66
225125,65,1,1071,11.903,179,Right,High,90,58,59,63
237089,61,1,1024,10.272,69 in,Right,High,70,35,25,54
233172,64,1,1028,10.272,68 in,Left,Medium,66,47,38,60
261661,67,1,1107,12.446,181,Right,Medium,68,64,62,63
261293,55,1,1028,10,71 in,Right,High,72,53,55,56
256506,57,1,1030,10.815,67 in,Right,High,71,48,48,55
213835,63,1,1037,11.359,76 in,Right,High,76,57,56,63
263835,53,1,1016,10.272,173,Right,Medium,69,50,51,60
243773,65,1,1107,12.446,174,Right,High,74,46,44,58
261422,60,1,1037,10.027,185,Right,Medium,61,29,25,38
225872,67,1,1107,11.359,175,Right,High,76,63,63,69
254011,59,1,1039,10.027,73 in,Right,Medium,63,33,28,28
247933,69,1,1244,11.359,180,Right,Medium,81,57,67,72
236750,65,1,1067,10.815,178,Left,High,90,55,60,62
242746,61,1,1033,10.272,190,Left,Medium,52,28,18,44
261248,57,1,1009,10,169,Left,Medium,64,39,39,50
239423,62,1,1030,11.359,67 in,Left,Medium,66,52,54,62
253276,65,1,1053,11.903,74 in,Left,Medium,64,44,39,48
239305,63,1,1064,10.815,180,Left,High,77,58,58,64
226928,70,1,1058,14.077,178,Left,Medium,68,51,35,67
203568,71,1,1129,20.057,72 in,Right,Medium,78,63,65,66
231527,66,1,1114,10.815,178,Left,Low,68,37,33,59
220038,62,1,1035,10.815,187,Right,Medium,73,32,28,46
246450,67,1,1165,10.815,183,Right,High,80,59,60,74
243456,65,1,1071,10.815,178,Right,High,75,63,67,64
211463,62,1,1028,11.903,71 in,Right,Medium,75,60,61,61
245613,64,1,1086,10.815,170,Right,Medium,65,66,63,65
257534,64,1,1114,17.339,74 in,Left,Medium,77,58,58,68
232162,69,1,1107,12.446,179,Right,Medium,70,46,38,67
262310,55,1,1021,10,69 in,Right,Medium,62,43,35,58
248805,66,1,1150,15.708,177,Right,Medium,68,66,68,68
258519,62,1,1044,11.359,172,Right,Medium,71,57,57,62
220814,83,3,4211,55.937,184,Left,Low,77,54,53,65
241817,61,1,1053,10.815,69 in,Right,Medium,84,57,59,64
261184,60,1,1014,10,72 in,Right,High,66,58,61,65
263287,74,1,1331,10.272,73 in,Right,High,83,76,76,70
260247,66,1,1158,11.903,74 in,Right,Medium,80,65,65,70
230401,75,1,1396,16.795,74 in,Right,Medium,53,47,44,41
177766,68,1,1044,18.97,74 in,Left,Medium,58,41,29,65
235184,59,1,1021,10.815,184,Right,Medium,44,64,68,57
248815,53,1,1014,10.272,178,Left,Medium,76,24,21,46
240468,66,1,1136,11.359,171,Left,High,72,58,57,70
263622,54,1,1016,10.082,73 in,Right,Medium,63,26,20,40
236830,71,1,1215,17.339,182,Left,Medium,64,57,53,78
233731,82,2,4247,29.843,76 in,Right,High,84,82,83,79
235458,68,1,1114,16.795,76 in,Right,Medium,68,32,26,37
258185,63,1,1086,10.272,169,Right,Medium,74,64,66,73
253135,65,1,1114,11.359,173,Right,High,68,59,56,71
240826,63,1,1078,10.815,73 in,Right,Medium,64,56,54,61
204247,70,1,1122,14.621,171,Right,High,88,63,58,77
211864,62,1,1024,10.245,178,Left,Medium,71,44,36,64
215703,72,1,1223,10.082,182,Right,Medium,64,44,40,64
226459,64,1,1055,10,70 in,Left,High,64,35,29,64
203338,63,1,1030,10.815,71 in,Left,High,72,39,34,60
264550,59,1,1033,10,182,Right,Medium,66,48,40,56
238091,66,1,1129,10.272,72 in,Right,High,71,50,43,59
244114,65,1,1122,11.903,191,Right,Medium,60,40,36,45
262917,57,1,1026,10,74 in,Right,Medium,58,26,19,29
262565,64,1,1062,10,171,Left,Medium,67,26,25,49
242823,60,1,1039,12.99,70 in,Right,Medium,67,43,43,64
246044,69,1,1230,14.077,67 in,Left,Medium,78,69,71,68
243254,65,1,1107,10.272,180,Right,Medium,85,48,42,65
237993,63,1,1053,11.359,172,Left,High,69,64,69,64
223073,64,1,1033,11.903,178,Right,High,78,64,65,63
237840,72,1,1338,14.621,69 in,Right,Medium,68,61,58,71
236196,64,1,1040,12.99,181,Right,Medium,71,62,58,66
240398,63,1,1067,10,65 in,Right,Medium,68,56,60,65
236234,61,1,1057,10.272,184,Right,Medium,63,60,67,56
240060,75,1,1865,21.144,178,Right,High,81,42,41,76
248695,78,1,3092,40.715,75 in,Right,Medium,74,37,29,61
246790,72,1,1179,19.514,177,Right,High,82,64,63,78
209196,68,1,1086,13.534,74 in,Right,Medium,71,24,18,54
259070,64,1,1100,10.815,180,Right,Medium,74,56,52,67
254549,52,1,1011,10.027,72 in,Right,Low,65,25,23,31
222461,76,1,1648,16.795,67 in,Right,High,83,66,69,85
253163,77,1,2587,56.481,192,Right,Medium,77,36,35,38
209288,78,2,2009,26.037,170,Right,High,74,75,71,80
251049,60,1,1039,10.272,174,Right,High,85,51,46,55
258671,55,1,1019,10,174,Right,Medium,64,38,33,52
244758,63,1,1071,11.359,184,Right,Medium,49,31,26,39
240086,62,1,1064,10.272,69 in,Right,Medium,71,58,61,67
251195,66,1,1086,10,171,Left,Medium,75,30,30,61
216836,64,1,1040,10.815,178,Right,Medium,66,57,51,59
225685,65,1,1060,10.272,174,Right,High,81,52,48,60
197900,74,2,1295,17.339,188,Left,High,70,76,74,73
174443,57,1,1009,10,178,Left,High,68,46,47,47
230495,72,1,1165,21.144,180,Left,Medium,53,76,73,63
255963,70,1,1143,10.082,174,Right,Medium,66,55,44,68
220922,67,1,1071,14.621,77 in,Left,Medium,65,67,69,62
177537,71,2,1055,13.534,71 in,Right,High,59,70,69,72
248149,68,1,1179,10,175,Right,High,77,41,39,69
238981,63,1,1035,10.815,72 in,Left,High,79,53,55,62
240241,69,1,1223,13.534,173,Right,Medium,67,63,62,72
209491,66,1,1049,11.359,191,Right,Low,53,38,31,44
203966,66,1,1019,10.815,187,Left,Medium,65,42,25,60
261028,54,1,1011,10.082,190,Right,Medium,55,53,55,44
252454,66,1,1129,11.903,75 in,Right,Medium,53,32,29,46
251261,57,1,1017,10.815,180,Right,Medium,76,56,57,59
257693,49,1,1004,10.272,177,Right,Low,57,23,21,26
155533,63,1,1010,10.815,74 in,Right,Medium,49,64,65,58
211004,68,1,1071,11.903,183,Right,Medium,70,45,40,63
241098,57,1,1022,11.359,188,Right,Medium,64,54,59,53
260157,59,1,1040,12.446,176,Left,Medium,72,53,56,62
214446,67,1,1078,11.903,179,Right,Medium,73,44,40,59
237809,65,1,1078,11.359,175,Left,Medium,68,59,59,73
211435,65,1,1058,12.446,74 in,Right,High,54,66,72,61
233139,71,1,1215,25.494,74 in,Right,High,68,72,74,66
203357,67,1,1078,12.446,178,Left,Medium,67,39,47,64
247360,67,1,1179,10.815,71 in,Right,Low,65,32,27,38
231044,73,1,1331,28.212,183,Left,High,84,67,67,77
208294,64,1,1035,10.815,68 in,Right,Medium,74,54,49,61
193264,71,1,1122,15.165,70 in,Right,High,83,61,57,66
221652,65,1,1046,11.359,186,Right,Medium,50,35,32,37
225336,63,1,1040,10.272,185,Left,Medium,81,41,39,65
190666,73,1,1179,20.601,72 in,Right,Medium,66,40,36,52
262394,69,1,1208,11.903,188,Right,Medium,59,55,50,57
232567,63,1,1022,10.272,71 in,Left,Medium,44,24,18,36
257612,67,1,1172,11.903,72 in,Right,Medium,72,64,67,65
225053,63,1,1071,10.217,69 in,Right,Medium,75,47,41,56
259766,59,1,1039,10.815,173,Right,High,63,44,43,56
222154,69,1,1136,12.99,164,Right,High,79,61,63,74
211935,65,1,1049,11.359,180,Right,Medium,85,62,66,64
241694,59,1,1035,10,70 in,Right,Medium,74,61,65,67
254851,61,1,1057,10.272,72 in,Right,High,65,52,49,59
244186,71,1,1208,13.534,65 in,Right,High,82,64,66,75
193440,74,1,1208,20.601,183,Left,Medium,64,54,56,65
244628,72,1,1208,17.883,180,Right,High,76,69,72,75
263746,53,1,1014,10.815,172,Left,Medium,63,57,59,61
246695,60,1,1039,11.903,190,Right,Low,59,22,18,33
203547,70,1,1093,14.077,72 in,Right,Medium,58,62,56,68
157304,75,3,1107,13.534,183,Left,Medium,51,58,51,52
224734,65,1,1067,14.621,188,Right,Medium,58,65,68,64
261780,57,1,1022,10.272,74 in,Right,Medium,68,52,53,64
194149,70,1,1114,15.708,183,Right,High,64,64,62,70
259047,70,1,1172,10,179,Left,Medium,78,62,63,70
261574,56,1,1024,10,174,Right,Medium,65,42,38,60
263739,51,1,1008,10.815,73 in,Right,Medium,58,25,20,26
247938,64,1,1049,10.815,181,Left,High,74,56,54,62
227509,67,1,1093,11.359,71 in,Right,High,82,64,70,69
257646,64,1,1040,10.272,69 in,Left,High,69,44,33,59
245166,53,1,1008,10,73 in,Right,Low,70,26,22,30
202512,67,1,1066,14.077,187,Left,High,71,52,37,61
208449,73,1,1208,17.883,188,Right,Low,57,48,47,58
254819,54,1,1024,10.027,178,Right,Medium,65,50,51,57
243523,65,1,1035,11.359,182,Right,Medium,49,30,22,30
212939,69,1,1086,14.621,72 in,Right,Medium,46,58,58,60
213855,63,1,1033,10.245,185,Left,Medium,66,31,33,47
236276,76,1,1793,24.95,178,Right,High,83,73,74,80
230411,73,1,1215,17.883,181,Right,Medium,73,71,69,74
198825,59,1,1015,11.359,175,Right,High,69,58,60,54
209334,66,1,1053,12.446,70 in,Right,Medium,64,51,44,59
257512,62,1,1071,10.815,69 in,Right,High,60,63,69,55
264470,57,1,1028,10.217,187,Right,Medium,65,56,58,58
223080,64,1,1035,10.815,184,Left,High,80,46,47,59
255590,67,1,1100,10.272,69 in,Right,Medium,66,49,37,62
243530,71,1,1280,13.534,183,Right,Medium,73,26,21,48
202534,64,1,1040,10.815,72 in,Right,Medium,72,61,61,67
246121,61,1,1051,12.99,174,Right,High,72,55,55,61
263014,63,1,1078,10.815,181,Right,Medium,84,61,62,65
248010,64,1,1037,11.359,70 in,Right,High,66,58,56,61
238941,72,1,1179,15.165,185,Left,High,72,51,37,64
219852,70,1,1129,15.165,191,Right,Low,66,32,12,60
244835,60,1,1024,12.446,172,Left,High,64,56,55,70
230786,71,1,1288,16.795,186,Right,Medium,55,61,55,68
246295,64,1,1100,11.359,179,Right,Medium,82,61,63,62
182945,76,2,1338,20.057,175,Right,High,78,77,79,78
253670,53,1,1013,10,184,Right,Medium,57,26,24,31
255855,64,1,1055,10.272,170,Right,High,68,58,61,63
257042,60,1,1039,10.109,168,Right,Medium,59,50,45,59
261924,50,1,1004,10.272,70 in,Right,Medium,61,27,26,50
222227,73,1,1468,12.446,180,Right,Medium,77,61,59,70
243824,59,1,1021,10.245,174,Right,High,66,43,31,63
244194,65,1,1051,10.815,187,Right,Medium,65,53,54,65
215292,70,1,1055,14.077,180,Right,Medium,64,71,70,68
260741,63,1,1049,10.815,71 in,Right,Medium,65,34,27,48
252960,60,1,1042,10,69 in,Right,High,79,52,52,63
222692,69,1,1122,16.252,72 in,Right,Medium,60,50,35,61
239028,69,1,1201,13.534,69 in,Right,Medium,86,72,69,73
233486,78,1,2370,23.863,74 in,Right,Medium,66,25,19,52
246256,67,1,1100,11.359,180,Left,Medium,67,42,38,63
255886,68,1,1165,11.903,175,Right,Medium,76,50,47,67
204097,62,1,1028,11.359,175,Right,Medium,90,53,54,61
176062,69,2,1039,11.359,185,Right,Medium,47,65,63,66
183254,72,1,1030,14.077,186,Right,Low,39,52,49,49
248371,61,1,1057,10.815,183,Right,Medium,66,47,45,62
188062,66,1,1042,10.272,188,Left,High,73,60,58,55
220201,67,1,1093,10.815,68 in,Right,High,65,64,64,69
241349,61,1,1022,10.815,72 in,Right,Medium,76,31,21,56
203483,79,2,2262,21.144,179,Right,High,71,80,81,75
234742,81,1,3525,61.373,180,Right,High,86,77,78,82
251283,55,1,1021,10.815,70 in,Left,Medium,59,40,33,49
250878,58,1,1030,10,186,Right,High,76,34,32,51
190765,76,2,1504,37.454,181,Right,Medium,50,74,72,76
262584,65,1,1114,10,181,Left,High,75,54,51,69
245261,70,1,1129,12.446,176,Left,Medium,67,63,57,73
264306,55,1,1028,10,182,Right,High,62,56,58,47
203795,68,1,1055,10.815,185,Left,Low,43,28,24,43
251337,67,1,1071,11.359,177,Right,Medium,69,36,36,37
230435,73,1,1230,14.621,177,Right,Low,71,65,57,58
222180,61,1,1021,11.359,72 in,Right,Medium,70,32,34,48
203026,69,1,1078,16.252,188,Left,Medium,67,52,56,57
201013,69,2,1100,14.621,188,Right,High,58,70,71,62
264544,59,1,1031,10,189,Right,Medium,62,35,33,35
258240,63,1,1066,10.272,185,Left,High,77,41,36,59
220477,76,2,1504,27.124,74 in,Right,Medium,58,34,36,62
259824,63,1,1033,10,170,Right,Medium,75,48,55,62
252524,62,1,1060,10.272,73 in,Right,Medium,59,33,25,52
204397,66,1,1051,11.359,189,Left,Medium,64,34,32,52
189003,69,1,1035,11.903,70 in,Right,Medium,62,50,42,67
263766,51,1,1010,10.815,66 in,Left,Medium,79,44,44,51
227394,74,1,1309,32.561,183,Right,High,61,74,78,65
255028,64,1,1086,11.359,178,Right,Medium,66,49,43,64
200895,65,1,1049,12.99,182,Left,Medium,68,63,62,64
257236,63,1,1051,10.815,196,Right,Medium,57,61,65,59
236803,66,1,1086,10.815,174,Right,Medium,80,64,68,71
225071,70,1,1150,18.426,185,Right,Medium,68,63,58,65
239762,66,1,1069,11.359,72 in,Left,Medium,72,33,34,62
242911,59,1,1017,10.815,190,Right,Medium,65,27,23,53
210035,82,3,3669,19.514,171,Left,High,87,65,52,83
198970,72,2,1136,12.99,74 in,Right,Low,63,46,28,48
209281,66,1,1049,13.534,65 in,Left,Medium,60,61,61,66
241461,82,1,5943,74.964,184,Right,High,82,79,81,84
254874,68,1,1078,12.446,177,Right,High,75,50,40,64
210653,70,1,1093,14.077,180,Right,Medium,50,42,41,62
233487,70,1,1230,15.708,70 in,Left,High,79,69,70,73
194669,71,1,1136,12.99,71 in,Left,Medium,69,68,66,71
236283,66,1,1100,11.903,69 in,Left,Medium,83,63,64,70
148696,68,1,1019,10.815,72 in,Right,High,56,64,58,62
241117,73,1,1288,14.621,185,Right,Medium,76,69,69,73
260510,54,1,1017,10,69 in,Left,Medium,63,27,26,56
179765,76,1,1432,19.514,178,Right,Medium,79,72,70,77
254148,63,1,1071,10.217,184,Left,Medium,70,59,62,65
231171,60,1,1015,11.359,175,Right,Low,42,46,42,49
256264,60,1,1039,10.272,183,Right,High,71,61,61,59
204297,64,1,1035,10.815,74 in,Right,Medium,65,44,40,52
221639,75,1,1432,72.246,71 in,Right,Medium,76,78,75,71
255169,69,1,1100,10.136,70 in,Right,High,67,71,75,71
200105,68,1,1071,11.359,180,Right,Medium,61,38,32,57
255401,60,1,1039,10.027,75 in,Right,Medium,58,21,16,26
232076,65,1,1042,10,181,Right,High,73,58,62,59
189167,69,1,,,178,Right,Medium,50,61,55,64
200478,74,2,1295,28.212,185,Right,Medium,64,68,66,76
241646,64,1,1093,14.077,178,Right,High,80,62,66,62
231488,64,1,1040,10.815,183,Right,Medium,81,60,58,69
237175,59,1,1037,10.272,187,Left,Medium,69,33,29,54
237055,71,1,1187,10.109,182,Left,High,85,71,74,75
194665,73,2,1143,20.601,75 in,Right,Medium,62,53,45,49
205589,68,1,1078,11.903,178,Right,Medium,74,55,53,65
173703,70,1,1071,12.99,73 in,Right,Medium,60,52,49,66
245084,69,1,1150,14.621,72 in,Right,High,73,49,47,73
212039,64,1,1035,12.99,184,Right,Medium,75,54,51,60
167812,68,1,1071,12.99,183,Right,Low,59,38,38,51
212023,72,2,1165,13.534,74 in,Right,Medium,57,72,74,65
258924,57,1,1026,10.815,75 in,Right,Medium,62,55,57,55
234286,64,1,1062,10,69 in,Right,High,77,58,60,70
232586,68,1,1107,10.815,68 in,Right,Medium,81,48,35,49
262869,69,1,1187,14.621,191,Right,Medium,54,33,30,35
230326,74,1,1252,26.037,183,Left,Medium,67,45,45,64
223506,64,1,1042,11.903,186,Right,Medium,67,53,48,59
229648,71,1,1187,14.077,183,Right,High,72,31,17,67
232521,66,1,1078,11.903,193,Left,Medium,47,26,23,41
193278,70,1,1093,12.446,73 in,Left,Medium,81,39,36,61
198347,71,1,1107,12.99,180,Right,Medium,74,72,72,72
205351,69,1,1100,13.534,171,Right,High,66,68,65,69
240956,71,1,1288,14.621,67 in,Left,Medium,74,44,41,68
244859,64,1,1086,10.815,75 in,Right,Medium,63,32,29,57
208364,78,1,1901,24.406,71 in,Right,High,82,61,53,74
213746,72,1,1136,12.99,180,Right,High,74,66,67,76
253455,67,1,1093,11.359,74 in,Right,High,60,68,68,63
261528,59,1,1040,10.815,72 in,Right,Medium,67,50,50,64
184873,75,2,1129,20.601,72 in,Right,Medium,40,39,32,35
223751,68,1,1086,14.621,189,Right,High,69,41,40,59
260723,61,1,1055,12.99,74 in,Right,High,56,62,63,58
254065,64,1,1093,10,185,Right,High,71,53,49,65
252550,56,1,1024,10.815,73 in,Right,Medium,80,54,57,55
220702,71,1,1150,12.446,73 in,Left,Low,64,55,48,65
246074,68,1,1194,12.446,180,Right,High,81,65,64,73
248050,61,1,1053,10.272,168,Left,High,73,47,45,60
248171,64,1,1100,10.19,73 in,Right,Low,53,26,18,43
259204,61,1,1035,11.359,70 in,Left,Medium,70,59,57,63
192064,79,2,2226,27.124,185,Right,High,83,78,77,78
230498,79,1,2514,24.406,69 in,Right,High,83,79,81,82
259027,57,1,1026,10,182,Left,Medium,64,27,22,45
239596,63,1,1064,10.272,75 in,Left,Medium,49,26,19,40
263684,57,1,1028,10.815,176,Right,High,75,32,30,55
224250,66,1,1057,11.903,187,Left,Medium,57,37,31,53
207877,80,2,2551,17.339,170,Right,High,87,80,85,76
239222,59,1,1033,10.272,74 in,Left,Medium,67,39,35,57
213922,66,1,1049,10.815,74 in,Right,Medium,53,40,33,42
210321,73,1,1215,14.621,178,Right,High,82,71,73,73
216289,73,1,1230,15.165,175,Right,High,70,69,66,74
262513,65,1,1129,10.217,71 in,Right,Medium,65,65,70,62
214840,64,1,1044,10.272,182,Right,Medium,53,42,44,53
203304,70,1,1114,16.252,177,Right,Medium,74,69,70,67
224554,57,1,1011,10.815,184,Right,Low,71,38,30,60
235728,63,1,1071,10.815,75 in,Right,Medium,50,36,37,46
252379,62,1,1066,11.359,74 in,Right,Medium,76,48,43,60
258655,67,1,1086,12.446,178,Left,High,72,60,47,67
201303,75,1,1396,21.144,70 in,Right,High,85,65,64,80
238105,59,1,1012,10.815,74 in,Right,Medium,54,28,20,25
260512,58,1,1014,10,169,Right,Medium,63,62,64,62
225252,74,1,1259,17.339,174,Right,Medium,64,44,43,58
198617,71,1,1114,14.621,72 in,Right,Medium,67,63,66,73
221919,75,1,1468,22.775,69 in,Right,Medium,81,70,69,83
238476,78,1,2478,32.561,77 in,Left,Medium,59,34,26,51
242221,60,1,1016,11.903,66 in,Right,Medium,62,50,48,66
199845,83,3,2262,50.501,192,Left,Medium,63,50,37,65
192169,66,1,1024,10.272,180,Right,Medium,39,57,58,58
230458,65,1,1042,11.903,186,Right,Medium,59,49,43,32
262343,65,1,1046,10.815,178,Left,High,76,35,37,64
246190,65,1,1129,14.621,74 in,Right,Medium,67,53,52,72
231322,65,1,1078,11.359,70 in,Left,Medium,76,60,66,70
259322,67,1,1136,10,182,Right,Low,59,36,33,58
142756,67,1,1022,11.359,178,Right,Medium,44,64,61,70
262838,62,1,1044,10.272,76 in,Left,Medium,64,61,65,61
233372,72,1,1201,10.217,179,Right,High,83,65,67,76
201399,83,3,3669,74.964,181,Right,Medium,69,83,87,76
246821,61,1,1057,12.99,167,Right,High,66,48,45,68
244259,71,1,1165,10.027,69 in,Right,High,81,30,26,67
183520,74,1,1215,17.883,173,Left,Medium,58,72,69,72
212519,70,1,1071,15.708,170,Right,Medium,72,67,67,72
248678,53,1,1016,10.054,70 in,Right,High,71,39,36,38
216578,60,1,1015,10.272,182,Right,High,63,37,25,46
204684,71,1,1129,14.621,187,Right,Medium,72,70,68,71
257193,56,1,1024,10.815,68 in,Right,Medium,70,59,63,62
232195,69,1,1086,10.272,173,Right,Low,66,54,62,58
211047,67,1,1071,10,67 in,Left,Medium,78,55,55,71
263770,54,1,1019,10,183,Right,Medium,64,42,41,52
239322,71,1,1114,21.144,194,Right,Medium,47,33,25,36
235055,73,1,1201,22.232,71 in,Right,High,73,37,30,66
264318,54,1,1015,10,178,Left,Medium,56,26,23,39
224638,60,1,1019,10.272,174,Right,Medium,81,50,45,54
202276,73,1,1215,21.688,179,Right,High,72,74,77,72
205705,80,1,2045,18.97,192,Left,Medium,61,50,40,58
237207,74,1,1468,20.057,177,Right,High,85,66,69,79
264192,52,1,1013,11.359,68 in,Right,High,66,47,48,52
260396,54,1,1019,10.19,72 in,Right,Medium,62,52,52,56
210047,76,2,1504,29.299,74 in,Right,High,58,67,60,66
255830,65,1,1078,11.359,68 in,Right,Medium,68,60,58,66
256695,68,1,1078,13.534,182,Right,High,74,49,51,65
212516,68,1,1114,11.359,74 in,Right,Medium,66,44,42,57
214175,67,1,1062,10.245,73 in,Right,Medium,55,48,42,51
207491,60,1,1014,10.163,72 in,Right,Medium,54,60,62,51
237933,62,1,1060,10.815,69 in,Left,Medium,74,35,32,64
213692,66,1,1086,15.165,175,Right,Medium,67,63,64,66
228326,70,1,1122,16.795,177,Left,High,73,56,55,68
183544,66,1,1064,10.272,69 in,Left,High,61,67,65,66
220502,77,1,2009,40.715,70 in,Right,High,78,71,73,82
260720,69,1,1129,13.534,70 in,Right,Medium,67,75,75,68
236403,77,2,2442,20.057,76 in,Left,High,75,47,38,76
186684,75,1,1259,15.708,186,Right,Medium,47,52,56,56
239944,67,1,1086,10.815,182,Right,High,79,65,62,73
263685,56,1,1021,10.815,76 in,Right,Low,61,26,20,24
182133,72,1,1053,22.232,189,Left,Low,35,53,53,56
256039,54,1,1021,10,167,Left,Medium,73,50,51,55
251980,56,1,1024,10.815,70 in,Right,Medium,70,55,58,54
135190,73,1,1086,15.708,69 in,Left,Medium,50,72,68,71
260443,59,1,1040,10.054,66 in,Right,High,83,57,56,61
261525,56,1,1026,10,182,Right,Low,60,31,26,35
205988,84,2,4499,85.837,71 in,Left,High,79,54,44,80
162471,65,1,1021,10.272,72 in,Right,Medium,63,64,65,62
244254,63,1,1044,10.815,189,Right,Medium,67,36,31,55
225531,65,1,1067,10.815,74 in,Left,Medium,61,46,35,53
239636,63,1,1035,11.359,197,Right,Medium,43,55,61,62
246548,65,1,1122,10.272,164,Right,Medium,78,48,48,70
199556,87,3,6736,93.991,165,Right,Medium,64,61,60,91
247463,64,1,1107,15.165,179,Right,High,74,63,67,61
244706,71,1,1129,20.601,72 in,Right,High,69,71,74,64
264567,62,1,1067,10,178,Right,Medium,66,58,55,67
188992,73,1,1136,10.272,181,Left,High,75,65,65,73
231929,60,1,1035,12.99,70 in,Right,High,75,59,60,58
246126,66,1,1129,12.446,183,Left,High,68,40,38,64
212230,72,2,1187,15.708,175,Left,High,74,65,58,78
169345,71,1,1049,16.252,70 in,Left,High,62,59,48,68
263546,58,1,1030,10.272,183,Right,Low,70,34,28,44
261377,62,1,1062,10,74 in,Left,Medium,62,40,44,35
234399,72,1,1266,17.883,72 in,Right,High,70,71,74,74
251240,66,1,1060,10,173,Right,Medium,72,63,59,64
233790,69,1,1114,12.99,73 in,Right,Medium,76,35,22,54
244147,68,1,1114,13.534,177,Right,High,83,65,64,72
220148,74,1,1360,18.426,191,Right,High,84,73,75,65
240689,71,1,1049,14.621,181,Right,High,70,53,53,64
263594,61,1,1055,10.272,179,Right,High,86,59,61,62
246728,72,1,1360,10.082,72 in,Right,Medium,77,70,73,69
223426,71,1,1107,12.99,73 in,Right,Medium,80,29,23,45
262244,54,1,1019,10.217,175,Right,Medium,72,47,49,55
204499,66,1,1066,11.359,196,Right,Medium,37,33,26,31
248380,56,1,1022,10.815,174,Right,High,69,44,42,57
199169,67,1,1069,11.359,175,Right,Medium,64,49,46,63
258786,63,1,1071,10.815,70 in,Right,Medium,72,31,31,63
223044,64,1,1026,11.359,187,Left,Low,48,40,33,47
240511,65,1,1107,11.359,178,Left,High,69,65,68,66
257080,61,1,1051,11.359,183,Right,High,62,63,67,56
202413,66,1,1049,10.054,71 in,Right,Medium,52,59,58,63
193073,63,1,1005,10.815,193,Right,Low,34,26,27,31
219732,75,1,1468,30.386,68 in,Right,High,94,67,65,80
258365,68,1,1179,12.446,72 in,Right,Medium,67,42,40,61
193427,66,1,1048,11.903,71 in,Right,High,73,63,63,67
225667,67,1,1114,11.903,168,Left,High,78,68,70,69
261427,63,1,1016,10,184,Right,Medium,64,27,24,51
239073,70,1,1122,16.795,173,Right,Medium,90,56,57,74
221452,69,1,1122,17.339,178,Right,High,76,67,64,73
241115,71,1,1194,10,178,Left,Medium,49,73,69,77
134744,76,2,1107,23.863,187,Right,High,60,64,61,73
226114,64,1,1051,10.815,203,Right,Medium,75,63,65,62
247156,70,1,1223,12.99,171,Right,High,81,53,48,66
244789,74,1,1360,10.272,71 in,Left,High,69,68,69,75
234622,67,1,1069,12.99,184,Right,Medium,58,59,57,61
207460,63,1,1035,10.272,182,Right,Medium,69,59,51,59
256889,61,1,1049,10.245,72 in,Right,Medium,56,29,25,47
205193,74,1,1353,20.601,186,Left,Low,67,39,33,57
215684,65,1,1044,11.903,67 in,Right,High,78,59,58,66
258095,65,1,1122,10.272,180,Left,Medium,71,46,41,74
198141,80,3,2262,24.95,184,Right,High,71,61,55,70
234372,65,1,1035,10,173,Right,Medium,75,44,39,49
247873,51,1,1009,10.163,169,Right,Medium,78,50,52,53
243898,60,1,1042,11.359,178,Right,Medium,66,51,51,62
228368,63,1,1046,11.359,180,Right,High,74,49,49,60
261483,61,1,1051,10,173,Left,High,64,48,55,60
263393,60,1,1040,10.272,186,Right,Medium,63,42,35,58
243544,69,1,1223,11.903,170,Right,High,73,61,61,70
233655,65,1,1100,11.903,71 in,Left,High,73,59,57,66
264168,54,1,1019,10,70 in,Right,Medium,64,41,43,56
259810,61,1,1060,10.272,177,Right,Medium,72,59,59,63
244655,65,1,1067,14.077,175,Right,Medium,78,58,60,69
238627,63,1,1069,10.272,184,Right,Medium,80,65,66,60
179746,66,1,1051,11.903,186,Right,Medium,45,68,63,56
262958,60,1,1017,10.136,175,Right,Medium,75,51,53,63
235942,67,1,1114,12.446,183,Right,Medium,47,48,36,68
186970,66,1,1016,11.359,183,Right,Medium,71,40,46,60
262136,58,1,1035,12.446,193,Right,Medium,60,56,61,52
196948,65,1,1009,10.272,175,Right,Medium,62,62,59,67
252008,65,1,1122,10.815,179,Right,Medium,66,51,45,60
257725,59,1,1022,10.19,69 in,Right,Medium,73,36,35,33
244435,65,1,1071,10.815,69 in,Right,Medium,69,57,53,66
153066,69,1,,12.446,69 in,Left,Medium,64,61,52,76
230254,73,1,1223,20.601,177,Left,Medium,77,48,40,66
247025,60,1,1042,10,177,Right,Medium,67,53,55,61
254858,58,1,1037,11.903,181,Right,Medium,71,57,60,57
258913,58,1,1031,10.272,77 in,Right,Medium,53,30,26,38
246120,52,1,1012,11.359,167,Right,High,74,44,42,53
211522,71,1,1122,12.99,73 in,Left,Medium,41,33,18,42
262615,57,1,1026,10.272,182,Left,Low,56,26,22,32
264246,59,1,1040,10.272,171,Right,Medium,59,51,50,65
224949,73,1,1345,24.95,174,Left,Medium,83,63,70,83
198655,62,1,1028,11.359,180,Right,Medium,67,54,51,60
238830,67,1,1078,11.903,185,Right,Medium,61,65,66,64
198241,65,1,1042,10.163,72 in,Right,High,77,62,63,65
211581,65,1,1053,10.815,74 in,Right,Medium,60,51,48,60
241543,62,1,1066,10,173,Right,Medium,71,44,40,55
264110,63,1,1086,11.359,172,Right,High,81,57,60,66
210126,71,2,1114,12.99,68 in,Right,Medium,70,68,66,70
208158,69,1,1114,13.534,71 in,Right,High,75,73,71,66
264219,61,1,1071,10,68 in,Right,Medium,90,51,53,65
228153,64,1,1086,10.815,178,Left,High,74,59,57,63
247946,62,1,1031,10.815,185,Right,Medium,54,27,23,23
239182,63,1,1033,10.272,192,Right,Medium,54,41,34,39
258474,59,1,1013,10,186,Right,Medium,70,55,60,56
253296,67,1,1150,10,182,Right,Medium,70,41,42,54
202769,61,1,1022,10.245,191,Left,Medium,47,62,60,58
261242,54,1,1015,10,186,Left,Medium,59,37,33,53
250851,62,1,1066,13.534,189,Right,Medium,52,30,25,44
263767,57,1,1024,10.815,69 in,Left,High,72,28,29,52
225198,60,1,1014,10.815,187,Right,Low,56,31,33,49
255956,62,1,1033,10.272,74 in,Right,Medium,43,25,20,40
240355,58,1,1030,10.272,185,Right,Medium,80,25,15,26
209324,59,1,1017,10.109,180,Left,Medium,68,57,53,59
263357,56,1,1022,10,182,Right,Medium,63,25,22,45
208309,65,1,1051,11.903,184,Right,Medium,69,46,27,60
199829,73,1,1150,20.601,185,Left,Medium,41,66,55,68
182427,64,1,1026,11.903,188,Right,Medium,57,61,58,57
263915,53,1,1014,10.054,176,Right,Medium,65,29,31,59
244394,67,1,1150,11.359,184,Left,Low,70,31,27,44
241482,51,1,1005,11.359,183,Right,Medium,72,42,41,52
233284,61,1,1022,10.272,75 in,Right,Medium,61,42,40,52
233879,66,1,1039,11.359,173,Right,Medium,73,67,68,66
201893,73,1,1208,15.708,183,Right,Medium,38,67,58,70
230079,66,1,1078,10.815,65 in,Right,High,91,61,60,68
135537,67,1,1012,10.815,74 in,Right,Medium,42,59,52,50
251387,69,1,1223,11.903,71 in,Right,High,89,60,54,74
214278,60,1,1016,10.109,175,Right,Medium,68,51,49,60
223663,63,1,1044,10.815,183,Right,Medium,80,57,55,60
257714,59,1,1030,10.19,179,Right,Medium,60,41,36,55
263646,62,1,1067,10,170,Right,Medium,59,40,34,47
244233,63,1,1048,12.446,195,Right,Medium,46,62,68,55
200588,71,1,1093,13.534,186,Right,Medium,75,47,44,49
231614,69,1,1150,15.708,187,Right,High,83,63,59,70
167532,73,1,1114,31.474,70 in,Left,Medium,71,57,41,68
219823,70,1,1114,10.19,180,Left,Medium,69,73,80,60
264438,63,1,1086,10.217,185,Right,Medium,66,59,67,66
251223,65,1,1122,10.272,185,Right,High,62,65,70,59
241627,51,1,1008,10.815,180,Right,Low,60,26,21,23
258691,62,1,1066,10.272,183,Right,Medium,76,37,42,56
246929,72,1,1201,10.136,75 in,Right,Medium,86,69,68,72
252213,57,1,1028,10.245,195,Right,Medium,65,57,60,55
230068,62,1,1060,11.903,71 in,Right,High,72,33,27,59
257886,63,1,1078,10.109,70 in,Right,High,81,61,67,63
258947,59,1,1039,10.815,184,Left,Medium,65,57,58,56
245997,65,1,1114,12.446,182,Right,Medium,69,64,64,62
263135,61,1,1055,11.359,183,Right,Medium,61,52,50,62
243125,67,1,1066,10.815,69 in,Right,Medium,85,31,27,60
259413,57,1,1028,10.272,181,Right,Medium,70,55,60,59
230681,72,1,1237,18.97,185,Left,Medium,76,52,49,72
230850,73,1,1194,16.795,178,Right,High,65,62,57,66
210374,73,1,1215,29.299,69 in,Right,Medium,71,61,56,67
217877,77,1,1937,20.057,70 in,Left,Medium,80,71,71,83
261554,61,1,1048,10,175,Left,High,67,56,55,60
257494,49,1,1003,10.815,174,Right,Medium,63,40,37,41
236311,74,2,1396,23.863,71 in,Right,High,71,66,62,77
193091,74,1,1208,17.339,190,Left,Low,33,40,32,54
219670,69,1,1114,14.077,71 in,Left,Medium,71,53,42,66
189218,75,1,1396,35.823,182,Right,Medium,61,67,66,72
239873,62,1,1039,10.815,187,Right,Medium,66,61,61,58
240351,68,1,1122,14.621,176,Left,Medium,71,58,57,71
234912,61,1,1022,11.359,74 in,Right,Medium,63,57,58,62
219803,66,1,1071,13.534,185,Right,Medium,69,52,49,62
235496,66,1,1093,11.359,176,Right,High,78,60,56,68
211786,68,1,1086,11.359,174,Right,Medium,80,60,60,74
247931,60,1,1037,10.815,187,Left,Medium,64,29,21,46
242558,56,1,1022,11.359,170,Right,Medium,80,52,51,60
260251,63,1,1012,10,171,Right,Medium,61,28,24,51
243386,66,1,1150,11.359,181,Right,Medium,70,61,61,70
263389,68,1,1093,14.077,178,Right,Medium,81,67,64,73
221854,66,1,1060,12.99,72 in,Right,Medium,80,59,60,64
229718,60,1,1028,10.054,73 in,Right,Medium,63,55,52,62
215401,64,1,1040,11.903,185,Right,Medium,65,62,58,60
224798,64,1,1046,10.815,175,Right,High,81,64,60,66
251291,65,1,1078,11.903,188,Left,Medium,70,58,55,65
259579,61,1,1053,10,74 in,Left,Medium,61,57,58,45
244641,68,1,1100,15.708,186,Left,High,57,72,75,62
253786,66,1,1078,10,180,Right,Low,53,28,23,34
230199,74,1,1266,20.601,179,Right,Medium,73,49,52,71
176944,75,3,1252,20.057,194,Right,Medium,36,72,74,66
255431,57,1,1026,10,69 in,Right,Medium,68,55,54,52
191740,79,3,2045,52.132,182,Right,High,65,70,68,78
210935,82,2,3417,37.454,183,Left,Medium,79,80,80,83
235656,60,1,1022,11.359,65 in,Right,High,56,52,52,60
246096,53,1,1016,10,74 in,Right,Medium,71,44,44,52
253554,67,1,1060,10,175,Right,High,78,62,70,58
216183,64,1,1037,10.815,170,Right,High,83,60,62,70
216526,66,1,1057,11.359,180,Right,Low,46,45,35,52
257271,70,1,1244,10.109,185,Right,Medium,64,52,48,67
193226,67,1,1071,11.359,72 in,Right,Medium,59,69,69,62
253694,64,1,1060,11.359,180,Right,High,74,68,70,70
226130,71,1,1172,13.534,179,Left,Medium,68,49,50,69
263732,61,1,1051,10.272,176,Right,Medium,69,52,59,62
247140,64,1,1100,13.534,178,Right,Medium,61,57,54,63
232163,72,1,1172,26.037,178,Left,High,92,74,75,69
215331,72,1,1143,15.165,183,Right,Medium,70,51,41,69
206651,78,1,1793,26.037,178,Right,Medium,67,78,78,76
243848,57,1,1028,13.534,185,Right,Medium,57,28,21,32
252540,59,1,1035,10.136,70 in,Right,Medium,66,48,43,66
253332,62,1,1046,10,175,Right,Medium,84,49,50,63
251688,63,1,1086,10.109,175,Left,Medium,79,47,53,64
255766,67,1,1093,15.708,72 in,Right,High,72,65,67,62
209528,58,1,1014,10,179,Left,Medium,50,43,42,48
246814,67,1,1172,10.815,180,Left,Medium,71,59,56,66
236673,69,1,1223,12.99,181,Right,High,76,70,70,65
227550,72,1,1136,10.19,185,Right,Low,33,27,21,44
239998,61,1,1053,10.815,75 in,Right,Medium,47,31,24,33
202905,70,1,1114,12.446,185,Right,High,82,69,71,66
219865,61,1,1026,10.109,174,Right,Medium,62,43,38,54
263918,57,1,1026,10.272,173,Right,Medium,63,38,33,52
250997,70,1,1244,11.903,74 in,Right,Medium,61,49,45,66
207555,74,1,1302,32.017,192,Left,Medium,44,33,28,52
215700,67,1,1086,12.446,69 in,Right,Medium,75,59,58,62
194945,69,1,,,72 in,Right,High,80,68,67,67
206089,67,1,1093,12.446,180,Right,Medium,66,63,62,65
239492,65,1,1057,10.815,180,Right,High,71,54,51,63
181013,65,1,1016,10.272,175,Right,Medium,38,49,40,67
220742,64,1,1028,11.359,71 in,Right,Medium,54,43,33,65
221277,61,1,1026,10.272,69 in,Left,Medium,67,55,53,58
230387,70,1,1107,13.534,187,Left,Medium,61,34,29,22
222066,68,1,1100,10,170,Right,High,65,65,65,69
221656,64,1,1037,10.815,183,Right,Medium,73,37,31,57
222185,54,1,1009,10.815,71 in,Right,Low,59,42,29,38
248823,62,1,1060,10.815,176,Right,High,70,51,51,64
245900,69,1,1223,13.534,188,Left,Low,50,29,23,48
239893,60,1,1037,10.815,73 in,Right,High,75,41,40,58
209007,66,1,1048,10,176,Left,High,63,65,65,68
173221,79,3,1576,23.319,180,Right,Medium,72,78,73,80
260276,63,1,1078,10,71 in,Right,Medium,64,63,66,57
243932,62,1,1069,10.245,180,Right,Medium,77,60,59,66
234119,72,1,1360,12.99,175,Right,Medium,73,69,62,77
230251,79,1,2334,17.883,188,Right,Medium,71,70,68,72
263130,55,1,1022,10.272,180,Right,Medium,72,55,59,58
229980,75,1,1829,27.668,191,Right,Medium,60,44,43,59
232585,62,1,1028,10.272,70 in,Right,Medium,68,60,61,60
169909,62,1,1019,10.815,175,Left,Medium,68,55,56,62
213871,72,1,1194,15.708,73 in,Left,High,85,71,76,66
188541,71,1,1062,20.057,70 in,Right,Medium,77,64,60,72
225716,61,1,1008,10.815,70 in,Left,High,67,56,57,59
157190,49,1,1000,10,172,Right,High,32,46,40,43
213090,65,1,1044,14.621,70 in,Right,Low,57,25,17,39
170923,70,1,1024,19.514,176,Right,High,67,57,61,58
245235,75,1,1612,10.163,183,Right,High,92,60,55,70
176942,71,1,1049,12.99,189,Right,Medium,55,54,48,59
164959,73,2,1057,12.446,187,Right,Medium,62,62,56,64
235814,67,1,1064,10.815,180,Right,High,73,54,51,59
242119,62,1,1067,10.815,70 in,Left,Medium,78,54,53,67
225734,66,1,1071,12.446,185,Left,High,92,61,58,65
200981,66,1,1060,10.815,184,Right,High,81,63,64,71
183632,72,1,1057,18.426,182,Right,Medium,58,67,64,66
224187,70,1,1122,15.708,178,Right,High,81,70,66,75
225146,67,1,1100,10.815,70 in,Right,Medium,80,55,54,64
255225,61,1,1007,10.815,72 in,Right,Medium,33,29,22,26
230142,85,2,6592,40.715,181,Left,High,82,82,84,85
226005,67,1,1062,10,172,Left,Medium,72,59,55,66
205633,74,2,1237,18.97,182,Right,High,66,68,61,77
199080,64,1,1019,10.272,74 in,Right,Medium,53,61,58,62
213189,69,1,1086,11.903,183,Right,High,64,73,77,60
263836,56,1,1022,11.359,189,Right,Medium,57,30,25,33
252706,67,1,1150,11.359,69 in,Right,Medium,83,45,41,72
263934,54,1,1017,10,71 in,Right,Medium,65,27,22,44
261207,63,1,1067,10,176,Right,Medium,76,59,60,59
210046,66,1,1066,11.903,178,Right,Medium,75,67,63,68
230233,70,1,1122,16.252,67 in,Right,Medium,75,50,41,70
225881,62,1,1024,10,68 in,Right,Medium,70,34,34,41
254211,68,1,1165,11.359,175,Right,High,73,40,33,59
195202,75,1,1396,36.366,186,Left,Medium,63,72,71,76
236671,68,1,1165,12.446,70 in,Left,High,75,56,52,72
255636,61,1,1051,10,182,Right,Medium,69,55,55,63
232915,62,1,1022,10.272,68 in,Right,High,67,63,61,64
171972,75,1,1252,34.735,178,Right,High,53,66,68,71
253238,68,1,1122,12.446,183,Left,Low,66,31,34,37
240037,74,1,1396,10.217,165,Left,High,86,66,62,76
232680,61,1,1022,11.903,173,Right,High,75,58,55,66
217826,72,1,1201,20.057,188,Right,High,77,60,59,70
259264,61,1,1048,10.19,69 in,Right,Medium,81,58,59,63
244772,63,1,1051,10,172,Left,Medium,77,44,42,66
261330,57,1,1026,10,170,Right,Medium,68,33,33,43
236222,63,1,1055,11.359,70 in,Right,High,82,61,63,63
235514,67,1,1078,14.621,186,Right,Medium,67,25,20,26
226221,79,1,2334,28.212,180,Right,Low,66,33,26,48
248180,57,1,1015,10.054,172,Right,Medium,72,44,46,54
188270,72,2,1107,11.903,74 in,Right,Low,42,35,27,44
216105,69,1,1129,13.534,182,Right,Medium,71,61,62,53
185103,78,3,1309,39.628,187,Left,High,63,74,60,76
236702,58,1,1030,10.815,183,Right,Medium,70,29,22,50
171018,72,2,1057,16.795,74 in,Right,Medium,41,65,60,60
258087,60,1,1040,10.136,181,Left,Medium,67,60,58,63
239210,65,1,1066,10.815,186,Right,Low,48,44,39,49
212194,81,3,3597,44.521,185,Right,High,73,75,73,84
257118,67,1,1165,14.077,67 in,Left,Medium,79,61,62,72
197932,62,1,1028,11.359,180,Right,Medium,79,61,64,60
183581,73,1,1107,27.124,186,Right,Medium,63,58,55,62
233276,66,1,1122,12.446,72 in,Left,Medium,73,59,60,65
228509,75,2,1793,33.104,72 in,Right,High,76,70,70,83
224842,68,1,1129,12.446,70 in,Right,Medium,68,62,60,70
258824,65,1,1107,10.815,74 in,Right,Medium,61,53,51,64
232675,61,1,1042,12.446,182,Left,Medium,63,26,25,40
169216,72,2,1078,30.386,178,Right,High,81,69,68,74
230246,73,1,1114,23.863,68 in,Left,High,75,39,43,71
263655,53,1,1016,10,76 in,Right,Medium,62,26,22,25
220039,66,1,1086,10.815,70 in,Right,High,75,65,67,65
229188,73,1,1432,14.621,186,Right,High,75,73,76,72
247335,66,1,1136,15.708,186,Right,Medium,67,65,67,65
212883,76,1,1612,47.783,186,Right,Medium,65,55,46,69
261869,55,1,1019,10,179,Right,Medium,64,24,17,20
190852,65,1,1049,11.359,175,Right,Medium,72,61,62,67
228894,68,1,1100,12.446,167,Right,High,84,50,54,67
237604,74,1,1576,12.99,183,Right,Medium,63,34,28,63
247942,62,1,1022,10.815,185,Right,Medium,54,62,62,62
237624,62,1,1030,10.815,177,Right,Medium,65,25,19,43
204468,65,1,1049,13.534,186,Right,Medium,73,63,64,67
253462,64,1,1086,12.446,183,Right,Medium,68,37,31,54
237626,75,1,1576,22.232,71 in,Right,Medium,65,60,59,78
253290,76,1,1793,28.755,71 in,Left,High,82,62,65,74
235915,59,1,1024,10.815,180,Left,Medium,80,54,55,60
255194,63,1,1039,10,68 in,Right,Medium,60,56,60,62
214491,76,1,1504,33.104,70 in,Left,High,92,68,67,79
262030,57,1,1016,10.272,180,Left,High,62,34,31,60
255549,50,1,1006,10.109,71 in,Right,Low,65,24,19,25
216237,65,1,1035,12.446,70 in,Right,Medium,57,56,51,62
225396,68,1,1093,12.446,182,Right,Medium,52,24,16,36
216387,62,1,1028,10.815,74 in,Right,Medium,76,59,58,60
232252,67,1,1150,10.815,74 in,Right,Medium,62,46,41,58
252240,69,1,1201,12.99,171,Left,High,69,54,47,72
222583,63,1,1046,11.359,71 in,Right,Medium,72,55,52,60
258493,66,1,1136,10.272,186,Right,Medium,63,50,49,61
243887,68,1,1100,14.621,183,Left,High,79,65,65,70
232360,67,1,1093,11.359,67 in,Right,High,84,64,64,69
214047,79,1,2226,18.97,182,Right,High,75,74,77,76
237223,73,1,1230,14.077,185,Right,High,71,64,62,71
222654,63,1,1049,10.815,74 in,Right,Medium,71,61,63,61
192328,65,1,1049,12.99,68 in,Right,High,85,61,62,63
241721,77,1,2154,29.299,188,Right,Medium,88,73,74,84
241632,68,1,1187,12.99,67 in,Left,High,83,58,55,79
259379,55,1,1016,11.903,67 in,Left,Medium,71,25,22,48
264104,61,1,1055,11.359,193,Right,Medium,67,59,59,56
224191,70,1,1150,14.077,68 in,Right,High,73,57,49,67
221740,72,1,1208,24.406,184,Right,High,63,70,69,67
197240,69,1,1100,11.359,72 in,Right,Medium,69,69,67,69
239316,65,1,1042,10.815,71 in,Right,Medium,63,49,41,67
264499,53,1,1013,10,168,Left,High,63,27,27,54
210790,60,1,1015,11.359,70 in,Right,High,71,49,51,53
258306,66,1,1093,10.815,175,Right,High,86,64,69,73
241025,72,1,1223,14.621,73 in,Right,High,66,70,72,77
213823,64,1,1010,10.136,174,Right,Medium,45,34,24,44
204078,65,1,1051,10.815,180,Right,Medium,61,60,58,68
194885,69,1,1069,12.99,68 in,Right,Medium,67,54,44,58
264134,63,1,1078,10.272,177,Right,High,83,60,60,66
243223,62,1,1064,11.903,76 in,Right,Medium,63,49,48,64
253920,67,1,1035,10,71 in,Right,High,66,66,66,61
260559,57,1,1024,10.815,175,Right,Medium,64,52,47,70
216134,66,1,1044,11.903,175,Right,High,73,37,36,65
213134,72,1,1201,20.601,184,Right,Medium,81,68,65,76
258168,66,1,1143,10.815,73 in,Left,High,90,37,31,59
224763,72,1,1353,14.621,194,Right,Medium,59,45,33,72
247354,64,1,1093,10.815,70 in,Right,Medium,90,59,64,61
223248,74,1,1302,18.426,72 in,Right,High,77,71,74,68
203189,61,1,1019,10.19,185,Right,Medium,68,36,28,58
247042,61,1,1048,10.272,76 in,Right,Medium,57,29,28,51
258410,56,1,1011,10,175,Right,Medium,67,31,24,44
261050,70,1,1288,11.359,170,Left,High,78,61,62,77
225999,63,1,1040,10.272,176,Left,Medium,52,52,47,56
240312,65,1,1062,10.815,184,Right,Low,63,30,18,48
184749,72,1,1136,28.755,72 in,Right,Medium,50,68,66,65
215494,63,1,1044,10.815,174,Right,High,82,56,58,62
200145,89,3,7350,178.255,73 in,Right,High,65,73,64,69
234468,77,1,2045,15.165,176,Left,Medium,66,65,63,81
244202,62,1,1024,10.272,188,Left,Low,54,29,22,57
252125,59,1,1040,10.815,69 in,Right,Medium,66,45,43,61
261501,55,1,1011,10,174,Right,Medium,63,46,46,49
243514,66,1,1129,12.446,181,Left,Medium,73,44,49,62
236492,72,1,1353,13.534,180,Right,Medium,67,73,70,69
262622,65,1,1062,11.359,184,Right,Medium,56,32,24,43
242856,65,1,1122,10.272,68 in,Left,Medium,67,61,62,70
252064,74,1,1576,10.163,190,Left,High,67,58,56,66
240684,58,1,1022,12.446,171,Right,Medium,74,45,48,58
225922,62,1,1042,10.815,72 in,Right,Medium,68,55,53,60
259889,60,1,1039,10,179,Right,Medium,62,42,40,49
255070,57,1,1030,10.272,71 in,Right,Medium,64,49,51,57
235913,63,1,1078,11.359,68 in,Right,Medium,72,58,56,62
241963,59,1,1035,11.903,163,Right,Medium,69,57,57,63
262980,59,1,1033,10,71 in,Right,High,63,60,60,52
251198,65,1,1122,17.339,72 in,Right,Medium,74,65,66,61
222501,79,1,2551,55.393,71 in,Right,High,78,57,59,77
223467,61,1,1031,11.359,181,Right,Medium,84,55,55,63
259324,60,1,1042,14.621,66 in,Right,Medium,66,54,59,64
248474,62,1,1071,12.446,186,Right,High,69,57,58,62
211300,81,3,3489,80.401,184,Right,Low,87,80,80,88
261035,58,1,1037,10.136,172,Right,High,74,58,58,58
247671,70,1,1100,10.109,67 in,Right,High,85,53,54,69
220708,67,1,1086,12.99,177,Right,Medium,74,65,63,72
264640,62,1,1024,10.027,74 in,Right,Medium,48,54,48,52
244870,63,1,1071,10.815,178,Right,High,81,49,50,59
258563,69,1,1158,11.903,174,Right,High,68,62,58,70
234569,74,1,1648,14.077,72 in,Right,Medium,62,44,35,64
257278,69,1,1208,11.903,184,Left,High,73,40,23,48
238114,64,1,1086,11.359,70 in,Left,High,67,46,39,51
260893,59,1,1033,10.815,76 in,Left,Low,60,29,21,27
239803,55,1,1019,10.054,187,Right,Medium,71,47,50,55
257212,60,1,1028,10.163,183,Right,High,72,58,61,57
263089,63,1,1071,10.217,71 in,Left,High,75,37,35,68
258015,68,1,1194,10,186,Right,High,69,68,69,63
253429,57,1,1028,14.077,183,Right,Medium,61,32,28,40
224151,76,1,1540,35.823,177,Right,High,79,74,78,73
214463,71,1,1064,15.165,68 in,Right,High,77,71,73,69
210441,73,1,1215,10.245,72 in,Right,Medium,68,75,76,63
244453,62,1,1019,10.272,68 in,Right,High,53,52,46,59
245039,62,1,1064,11.359,69 in,Right,High,75,54,54,63
222587,68,1,1107,11.359,175,Right,Medium,71,47,51,68
229605,66,1,1086,11.359,72 in,Right,Medium,60,54,54,61
246974,68,1,1187,11.359,180,Right,High,77,47,46,71
256035,72,1,1396,20.057,69 in,Right,High,93,66,70,75
241197,72,1,1316,21.144,185,Right,Medium,71,28,20,37
189484,74,2,1259,29.299,187,Right,Medium,66,57,46,73
197136,74,1,1259,10.272,187,Right,High,74,77,77,72
214755,63,1,1033,10.217,71 in,Right,Medium,74,58,56,65
202271,69,1,1100,14.621,178,Right,Medium,69,67,65,75
170027,62,1,1008,10.815,185,Right,Low,34,27,22,27
183885,63,1,1028,10.272,70 in,Right,Medium,54,59,56,61
197716,65,1,1042,10.815,74 in,Right,Medium,73,66,66,67
263343,62,1,1067,10.217,170,Left,Medium,68,48,48,65
263778,56,1,1026,10.109,190,Right,Medium,54,58,62,46
193849,74,1,1288,36.366,71 in,Left,High,57,70,68,65
244950,73,1,1223,16.252,73 in,Right,Medium,69,39,32,59
239545,64,1,1060,15.165,183,Right,High,65,62,65,63
217647,66,1,1039,11.359,180,Left,High,64,66,65,66
223877,72,1,1230,23.863,72 in,Right,Medium,74,36,35,68
255251,48,1,1006,10,173,Left,Medium,65,27,23,40
247259,57,1,1028,10.217,74 in,Right,Medium,77,53,56,60
200855,73,1,1201,21.688,175,Right,High,77,47,50,70
220715,74,1,1468,32.017,180,Right,Medium,77,73,76,74
263850,51,1,1009,10.109,176,Right,Low,69,52,55,45
198352,74,2,1252,21.144,76 in,Right,Low,40,38,31,49
208260,72,1,1179,10.054,71 in,Right,Medium,75,52,45,64
259771,67,1,1136,11.359,75 in,Left,Medium,65,33,28,31
196881,69,1,1078,11.903,184,Right,Medium,63,30,30,57
239212,72,1,1143,10.136,177,Right,High,79,73,74,74
209369,64,1,1044,10.272,183,Right,High,76,64,68,69
252000,75,1,1612,20.601,70 in,Left,High,79,55,53,75
188350,85,4,4102,61.373,180,Right,High,73,84,84,85
213993,71,1,1136,17.883,74 in,Left,Medium,57,72,75,66
245043,56,1,1024,10.815,68 in,Right,Medium,75,49,52,57
215267,68,1,1086,10.815,191,Left,Medium,31,70,73,61
260217,62,1,1062,10.815,168,Right,Medium,83,54,60,66
198195,65,1,1049,10.815,193,Right,Medium,66,65,69,56
243431,65,1,1107,12.446,75 in,Right,Medium,45,29,26,32
255157,58,1,1033,10.272,71 in,Right,Medium,65,56,59,58
241200,58,1,1031,10.245,72 in,Right,High,74,43,41,60
239606,65,1,1067,10.815,69 in,Left,High,80,51,50,65
198252,63,1,1033,11.903,71 in,Right,Medium,63,54,53,60
263585,60,1,1021,10.815,185,Left,Medium,60,36,31,35
256883,65,1,1129,10.815,174,Right,Medium,81,56,54,72
191135,75,1,1396,22.775,71 in,Right,Medium,87,72,73,78
248308,52,1,1011,10,183,Right,Medium,53,40,33,49
264105,64,1,1086,11.903,73 in,Right,Medium,56,32,30,45
253825,66,1,1093,10,69 in,Right,Medium,54,59,50,59
227789,67,1,1078,10.815,180,Right,High,78,58,57,67
225997,77,1,1793,10.272,179,Right,High,82,72,73,80
243390,69,1,1223,22.232,66 in,Left,Medium,82,54,58,76
233006,61,1,1016,10.19,183,Right,High,79,31,28,42
223668,68,1,1093,12.446,186,Left,Medium,70,44,48,59
255240,67,1,1107,11.359,178,Right,Medium,64,31,27,35
240683,71,1,1302,13.534,178,Right,Medium,75,57,54,72
262985,66,1,1136,10.815,69 in,Left,High,71,62,66,72
224526,62,1,1033,11.359,178,Right,Medium,56,52,51,61
244377,72,1,1353,13.534,76 in,Right,Medium,45,30,26,41
246142,57,1,1026,10.027,185,Right,Medium,63,26,24,34
253403,49,1,1008,10,173,Right,Medium,72,44,46,50
231109,65,1,1093,10.815,188,Left,Medium,47,54,48,67
252865,67,1,1172,12.446,175,Right,Medium,69,69,73,72
262148,62,1,1064,10.815,72 in,Right,Medium,65,53,52,62
254179,64,1,1014,10,69 in,Left,Medium,61,36,36,48
226436,73,1,1324,15.708,72 in,Right,High,72,53,59,71
209304,69,1,1100,14.077,173,Right,High,84,60,55,72
226491,80,2,3236,47.239,70 in,Left,High,84,60,52,78
242874,55,1,1016,11.359,73 in,Right,Medium,60,31,25,61
255767,58,1,1035,10,186,Right,High,87,51,53,59
259825,67,1,1114,10,173,Right,Medium,76,55,66,68
264082,54,1,1015,10,72 in,Right,Medium,59,42,38,46
263795,52,1,1004,10.815,76 in,Right,High,34,54,58,45
264187,59,1,1039,10.272,71 in,Right,Medium,54,63,65,58
226151,67,1,1093,11.359,76 in,Right,Medium,60,40,34,40
234930,74,1,1360,14.621,171,Left,High,76,58,45,73
193061,80,2,2442,22.232,72 in,Right,High,76,74,75,83
173695,64,1,1013,10.815,185,Left,Low,34,26,27,54
236553,63,1,1049,10.272,185,Right,High,77,63,64,62
229873,67,1,1100,11.903,71 in,Right,Medium,76,43,42,64
180175,75,3,1345,15.165,69 in,Right,High,77,74,74,74
230285,78,1,1973,28.755,190,Right,Low,58,29,21,51
251082,62,1,1028,10.815,70 in,Left,Medium,56,61,61,61
212990,67,1,1107,11.903,71 in,Right,High,72,66,65,67
232709,74,1,1396,16.795,69 in,Right,High,79,70,73,80
229743,64,1,1051,13.534,189,Right,Medium,59,63,58,62
226540,64,1,1049,10.272,178,Right,High,75,55,55,70
236265,69,1,1114,10,171,Right,High,77,66,66,73
173815,65,1,1024,10.815,76 in,Right,Medium,33,57,49,44
262261,59,1,1033,10.815,181,Right,Medium,72,38,33,51
230020,76,1,1540,29.299,73 in,Right,High,67,72,70,77
254859,67,1,1172,14.621,68 in,Right,High,85,55,56,72
229735,62,1,1044,10,69 in,Left,High,77,49,45,63
212398,64,1,1055,10.272,177,Left,Medium,70,62,65,63
243188,56,1,1024,10,181,Right,Medium,72,54,59,60
247009,66,1,1064,10.815,74 in,Right,Medium,75,50,51,56
219518,63,1,1033,11.359,68 in,Right,Medium,76,57,49,65
230988,72,1,1208,10.163,177,Right,Medium,67,67,62,72
188770,74,2,1295,36.366,183,Right,Medium,68,74,74,80
256200,54,1,1019,10,178,Left,Medium,63,52,53,52
202126,90,4,10345,140.2,188,Right,High,70,91,94,83
247497,71,1,1302,14.077,75 in,Right,Medium,76,25,20,33
192125,64,1,1033,10.272,180,Right,Medium,67,37,35,49
258018,56,1,1024,10.272,73 in,Right,High,65,51,50,58
240632,53,1,1013,10.163,178,Right,High,73,37,37,50
260273,63,1,1078,10,176,Right,High,67,64,70,65
222930,67,1,1078,12.446,184,Right,Medium,60,54,53,64
236260,69,1,1086,13.534,72 in,Right,Low,61,60,55,64
221815,56,1,1010,10.815,69 in,Right,Medium,81,55,62,61
263382,56,1,1028,10.027,174,Right,High,66,46,46,63
239613,78,2,3020,32.561,183,Left,Medium,70,70,76,78
261951,54,1,1007,11.359,75 in,Right,Medium,49,55,56,42
254722,61,1,1051,10,68 in,Right,High,73,53,55,65
251628,61,1,1055,10.815,69 in,Left,Medium,72,49,43,66
259078,56,1,1024,10,175,Right,Medium,64,43,38,56
166539,66,1,1086,10.815,70 in,Right,Medium,79,58,59,69
214783,62,1,1014,10.109,182,Right,Medium,61,36,20,40
165526,71,3,1035,10.815,75 in,Right,Low,34,33,16,48
261047,64,1,1093,11.359,71 in,Right,High,68,65,70,60
195481,61,1,1022,11.359,188,Right,Medium,60,60,62,59
211476,59,1,1005,10.054,182,Right,Medium,68,45,35,50
221660,80,2,2659,66.81,74 in,Right,Medium,63,51,42,70
242426,69,1,1158,10.815,170,Right,Medium,84,71,72,73
225847,67,1,1100,12.446,71 in,Right,High,67,66,65,69
255524,63,1,1071,10.272,186,Left,High,49,26,20,38
242194,67,1,1053,10,170,Left,Medium,56,38,33,62
263295,53,1,1014,10.054,188,Right,Low,57,24,18,32
210814,73,1,1179,18.426,72 in,Right,Low,62,43,40,49
189606,78,2,1504,34.735,181,Right,Medium,55,49,39,65
245138,72,1,1360,15.165,70 in,Right,Medium,68,70,68,66
203890,80,2,2334,40.172,71 in,Right,High,79,55,44,74
258905,60,1,1040,10,184,Right,Medium,60,31,25,60
241577,59,1,1039,10.109,175,Right,Medium,70,49,43,67
245390,64,1,1086,10.272,68 in,Right,Medium,53,39,37,63
226535,68,1,1086,10.815,70 in,Right,High,89,65,69,68
226592,74,2,1396,21.688,180,Left,High,75,71,70,74
241708,72,1,1353,18.97,74 in,Left,High,64,32,28,48
248596,55,1,1024,10.054,176,Right,Medium,78,45,39,51
230389,72,1,1143,16.252,183,Right,Medium,56,46,41,45
211117,80,3,2911,58.655,188,Right,High,68,78,80,83
232294,74,1,1288,17.339,71 in,Right,Medium,53,69,66,70
234942,64,1,1062,10.815,71 in,Right,Medium,79,53,55,63
208165,79,1,2262,37.454,190,Right,Medium,68,39,36,34
220386,69,1,1136,11.903,180,Right,Medium,75,50,46,65
252306,55,1,1021,10,169,Right,Medium,78,42,44,58
264159,63,1,1078,10.815,176,Right,Medium,75,57,55,66
232203,65,1,1100,10.272,73 in,Left,High,82,61,60,66
220854,73,1,1288,17.339,178,Left,Medium,71,70,67,72
253972,56,1,1022,10.815,70 in,Right,Medium,72,55,59,55
262240,63,1,1086,11.359,68 in,Right,Medium,75,59,57,68
236556,73,1,1468,17.883,181,Right,Medium,82,69,67,76
245334,61,1,1051,10.815,70 in,Right,Medium,69,55,52,62
221477,64,1,1040,10.815,186,Right,Medium,75,56,56,64
231342,64,1,1048,10.027,73 in,Right,Medium,70,25,20,49
246762,73,1,1504,19.514,68 in,Left,High,91,74,75,75
205903,63,1,1035,10.272,179,Right,Medium,69,53,48,57
222216,60,1,1014,10.272,189,Left,High,58,61,60,58
223154,76,1,1685,33.648,179,Right,Medium,75,73,71,79
229624,72,1,1165,15.165,184,Left,High,73,72,73,69
235717,71,1,1295,20.057,178,Right,Medium,68,58,56,75
208618,81,2,2803,102.146,68 in,Right,High,82,73,72,81
233961,67,1,1143,15.708,176,Right,High,77,64,70,68
191108,66,1,1042,10.815,180,Right,High,67,61,59,65
216232,68,1,1086,12.99,171,Left,High,76,57,59,66
230871,69,1,1129,14.621,70 in,Right,High,70,71,75,68
211742,67,1,1057,12.99,72 in,Left,Medium,77,56,48,65
252264,59,1,1035,10.815,69 in,Left,High,66,45,45,63
255906,64,1,1086,10.272,189,Right,Medium,82,25,23,35
242081,69,1,1223,12.99,72 in,Right,Medium,65,59,58,65
262859,65,1,1122,10.136,191,Left,High,67,34,26,58
261640,57,1,1035,10,183,Right,Medium,63,31,28,39
231428,69,1,1129,20.601,180,Left,Medium,72,67,66,69
215601,63,1,1033,11.359,183,Left,Medium,65,63,64,60
230184,79,1,2370,16.252,168,Left,High,89,58,45,76
235244,66,1,1086,10.815,190,Left,Medium,61,41,41,50
241043,68,1,1071,12.99,73 in,Right,Medium,55,53,46,59
200054,75,2,1345,24.95,185,Right,Medium,58,59,50,74
261402,63,1,1031,10,175,Right,Medium,62,54,50,58
252219,62,1,1066,10.163,176,Right,High,81,54,54,67
260977,51,1,1009,10.815,180,Right,Medium,53,41,41,52
263480,61,1,1057,10,190,Right,Medium,55,24,20,28
187533,73,1,,,70 in,Right,Medium,79,68,70,72
248276,53,1,1007,10,170,Left,Medium,70,36,34,38
236657,67,1,1165,12.446,72 in,Right,Medium,70,65,60,57
236145,70,1,1100,17.339,181,Right,Medium,67,56,52,55
264209,58,1,1042,10,72 in,Right,Low,60,44,42,58
240801,69,1,1129,10.082,182,Right,Medium,71,69,71,59
242012,64,1,1051,10.272,72 in,Left,High,83,62,62,59
246803,67,1,1100,10.815,175,Right,High,83,56,56,65
223188,70,1,1086,19.514,171,Right,Medium,77,58,45,68
211363,69,1,1122,13.534,185,Right,Medium,66,36,38,55
236365,64,1,1055,11.359,177,Left,High,76,49,44,60
263431,51,1,1008,10,180,Right,Low,60,25,24,26
255566,69,1,1230,11.903,72 in,Left,Medium,65,63,57,66
189280,78,1,1721,29.299,175,Right,Medium,58,62,55,70
247863,60,1,1035,10.027,69 in,Left,Medium,72,37,36,61
240679,79,2,2767,32.017,183,Left,Medium,65,72,67,70
258976,61,1,1058,12.446,178,Left,High,64,60,55,63
243398,65,1,1044,11.359,181,Right,Medium,75,36,34,62
229756,64,1,1058,10.136,188,Right,Medium,66,30,27,42
216481,73,1,1252,16.252,78 in,Left,Medium,53,32,30,47
213063,73,1,1288,20.601,182,Right,Medium,57,43,47,56
246008,59,1,1024,10,70 in,Right,Low,72,50,54,59
262002,56,1,1031,10,173,Right,High,69,55,54,62
240633,64,1,1062,11.359,189,Left,High,83,60,60,63
246437,68,1,1086,10.815,171,Right,High,83,64,63,67
257021,64,1,1078,10.815,75 in,Right,Medium,47,33,22,50
264392,62,1,1064,10.815,72 in,Right,Medium,72,53,50,64
213376,62,1,1037,10.815,178,Right,Medium,55,49,45,54
188490,65,1,1040,11.359,70 in,Right,High,65,61,60,65
214947,77,1,1901,43.433,73 in,Right,Medium,73,57,40,74
210520,73,1,1223,20.057,72 in,Right,High,79,44,31,66
239045,73,1,1237,31.474,174,Left,High,77,69,68,74
225562,74,1,1360,23.863,176,Left,Medium,72,77,77,74
247648,68,1,1114,11.359,183,Left,High,73,23,20,60
213519,62,1,1040,10.815,186,Right,High,67,57,54,61
230121,63,1,1044,10.815,186,Left,Medium,74,60,63,60
195262,63,1,1033,10.815,188,Right,Medium,49,63,64,59
204372,71,1,1129,15.165,177,Left,Medium,76,68,66,72
251043,59,1,1030,10.245,178,Left,Medium,84,31,23,51
240665,63,1,1033,10.217,72 in,Right,Medium,63,29,30,51
230385,78,1,2009,34.192,175,Left,High,81,72,73,80
256994,50,1,1007,10,68 in,Right,Medium,63,42,39,49
204217,68,1,1086,11.359,74 in,Right,High,62,68,70,62
240481,66,1,1129,11.903,180,Right,Medium,55,41,38,57
261762,50,1,1006,10.082,175,Left,Medium,59,43,42,48
260462,52,1,1013,10,69 in,Right,Medium,70,45,47,52
253708,53,1,1015,10,163,Right,Medium,87,42,44,52
228591,70,1,1158,11.903,69 in,Right,Medium,73,42,38,58
207863,84,3,2984,49.957,75 in,Right,Low,61,41,39,57
193206,65,1,1049,11.359,71 in,Right,High,63,64,63,65
213543,64,1,1039,10.272,185,Right,Low,58,36,31,43
173673,64,1,1016,11.903,66 in,Left,Medium,51,60,58,63
204539,75,1,1295,17.883,180,Right,High,93,64,58,75
230839,64,1,1060,10.815,190,Left,High,73,34,29,54
209510,67,1,1078,11.903,70 in,Left,Medium,64,33,33,63
261585,54,1,1019,10,167,Left,High,76,42,45,55
245097,68,1,1194,12.99,70 in,Left,Medium,73,49,48,74
194925,66,1,1060,11.359,72 in,Right,Medium,61,67,67,61
190667,67,1,1069,11.359,177,Right,Medium,65,58,54,70
238081,61,1,1051,10,175,Right,High,67,51,56,64
233772,62,1,1031,10.272,185,Right,Medium,55,45,32,58
185438,66,1,1060,11.359,68 in,Right,Medium,82,57,57,67
208523,67,1,1071,11.903,183,Right,Medium,79,63,58,74
262928,57,1,1017,10.272,193,Right,Medium,54,58,60,55
235166,67,1,1107,10.815,179,Left,High,85,43,38,64
193082,83,3,2370,61.373,179,Right,High,90,75,70,90
205983,71,1,1093,14.621,190,Left,Medium,65,64,60,67
186627,76,4,1540,20.601,190,Right,Medium,73,79,78,80
232223,74,1,1396,43.433,179,Left,High,83,57,49,71
242075,71,1,1302,19.514,185,Right,High,75,70,71,70
258372,50,1,1008,10,170,Left,High,71,43,44,52
177525,70,2,1046,13.534,74 in,Right,Medium,71,65,62,71
202824,60,1,1017,11.359,171,Right,Medium,75,61,62,64
253376,70,1,1237,12.99,73 in,Right,Medium,78,34,27,52
261876,48,1,1008,10,70 in,Right,Medium,60,47,50,44
222645,67,1,1078,12.446,175,Right,Medium,62,50,45,63
237257,71,1,1194,12.446,178,Right,High,60,60,53,67
203872,74,1,1143,17.339,168,Right,High,83,71,72,73
191443,68,1,1015,11.359,181,Right,Medium,36,43,33,55
262848,57,1,1024,10.815,184,Right,High,62,52,50,49
204276,69,1,1048,12.99,186,Right,Medium,45,73,74,63
258146,62,1,1022,10.815,188,Left,Low,50,30,17,33
205670,73,1,1215,27.668,174,Right,Medium,75,74,75,71
251461,67,1,1093,10,175,Right,Medium,79,65,66,68
215785,76,2,1721,27.668,184,Right,High,91,74,76,81
208115,67,1,1066,10.815,180,Left,Medium,78,49,45,63
261939,48,1,1004,10.815,69 in,Right,Medium,55,38,35,45
209430,75,2,1432,21.144,181,Right,High,74,75,75,72
241736,66,1,1136,12.446,196,Right,Medium,64,33,29,39
256778,58,1,1037,10.272,73 in,Right,Medium,65,54,55,58
230107,73,1,1295,24.95,183,Right,Medium,73,58,55,73
246606,72,1,1360,15.165,167,Left,High,90,49,42,68
263398,61,1,1049,10,177,Right,Low,54,40,33,53
252007,60,1,1037,10.815,175,Right,Medium,69,37,37,60
192366,81,3,1901,19.514,72 in,Right,Medium,63,57,54,51
204077,76,2,1721,33.648,74 in,Right,High,77,78,77,77
248110,66,1,1078,10.815,185,Left,High,67,49,45,61
246070,70,1,1273,12.446,180,Right,Medium,72,70,72,73
234774,74,1,1259,17.339,186,Left,Medium,66,58,46,68
251386,57,1,1024,10.815,72 in,Right,Medium,65,40,34,58
192937,64,1,1028,10.272,72 in,Right,Medium,60,37,28,52
251301,57,1,1028,11.359,182,Right,Medium,52,47,43,58
216479,68,1,1086,12.446,183,Right,Medium,70,68,69,63
182883,63,1,1028,11.903,69 in,Right,High,75,63,64,62
179560,73,2,1172,17.339,70 in,Left,Medium,75,71,69,72
231677,85,3,6592,91.273,186,Right,High,90,84,83,86
234889,71,1,1201,17.339,183,Right,High,69,68,68,75
263679,54,1,1024,10,188,Right,High,58,55,54,58
240020,68,1,1187,12.446,179,Left,Medium,68,36,30,65
191625,68,1,1071,10.815,74 in,Right,High,50,68,66,67
209975,63,1,1026,10,173,Left,Medium,74,59,58,66
264587,62,1,1067,12.446,185,Right,High,64,64,68,60
217730,67,1,1062,11.903,183,Right,Medium,68,49,41,58
227794,68,1,1122,11.359,174,Left,Medium,65,58,51,64
235950,70,1,1114,10.136,180,Right,Medium,74,70,77,64
216508,64,1,1049,10.272,73 in,Left,Medium,73,56,58,70
221994,70,1,1129,15.708,177,Left,High,82,61,53,69
203276,70,1,1114,12.99,71 in,Right,Medium,65,70,77,61
261883,60,1,1035,10.272,177,Left,Medium,68,67,70,71
182091,69,1,1086,12.99,171,Right,High,85,69,71,71
221467,69,1,1107,11.903,179,Right,High,67,64,57,61
216072,73,1,1158,17.339,173,Right,High,88,56,45,67
165321,63,1,1010,10.815,186,Left,Medium,56,53,52,60
189141,67,1,1071,10.815,70 in,Right,High,68,67,70,64
240922,66,1,1136,11.903,70 in,Right,Medium,68,65,69,64
251499,63,1,1078,12.446,69 in,Right,Medium,77,57,62,66
184845,68,1,1055,10.815,188,Right,High,50,67,69,64
230638,68,1,1100,10.272,176,Right,Medium,81,67,65,69
242952,54,1,1016,10.815,182,Right,Medium,61,53,60,53
222380,64,1,1040,10.815,176,Right,High,70,44,32,55
263227,58,1,1035,10,185,Right,Medium,68,51,40,64
187818,64,1,1035,10.109,71 in,Right,Low,66,55,48,59
253895,66,1,1064,10,65 in,Right,Medium,71,63,65,69
243168,60,1,1037,10.815,72 in,Left,High,76,36,39,53
256848,57,1,1030,10.815,71 in,Right,Medium,85,48,48,58
235890,69,1,1093,16.795,187,Right,Medium,59,49,43,56
202056,69,1,1064,13.534,186,Right,Medium,60,70,72,70
212300,76,1,1612,23.863,75 in,Left,High,61,37,35,61
193608,63,1,1033,12.446,180,Right,High,62,60,57,63
240342,67,1,1078,12.446,73 in,Right,Medium,80,62,61,73
242651,66,1,1060,11.359,175,Right,High,70,57,58,69
235236,66,1,1060,12.446,73 in,Right,Medium,71,65,65,73
235507,69,1,1129,11.903,170,Left,Medium,82,67,67,70
227446,64,1,1040,10.815,73 in,Right,Medium,51,67,65,62
232991,69,1,1086,11.359,69 in,Right,Medium,71,65,63,66
210113,63,1,1039,11.359,71 in,Right,Medium,63,53,51,61
258342,54,1,1016,10.272,72 in,Right,Medium,69,29,25,46
235058,57,1,1016,11.359,72 in,Left,Medium,73,38,34,55
258652,64,1,1049,10.272,184,Right,Medium,65,37,28,51
261096,60,1,1039,10.815,181,Right,Medium,62,60,58,66
242768,69,1,1143,10,183,Right,Medium,76,68,68,68
200826,74,1,1259,17.339,188,Left,High,67,70,72,64
191390,71,1,1114,22.232,178,Left,High,83,45,37,73
199419,72,1,1136,12.99,172,Left,High,67,65,67,72
206538,67,1,1067,12.446,181,Right,Medium,65,53,51,65
192074,70,1,1022,11.359,71 in,Right,High,66,67,62,68
258770,65,1,1122,10.815,169,Right,Medium,78,43,41,64
257516,59,1,1033,10.815,70 in,Right,Medium,62,29,21,43
204987,68,1,1086,12.446,178,Right,High,72,61,63,68
212980,65,1,1035,11.359,190,Right,Medium,32,34,30,46
230266,70,1,1129,14.621,69 in,Right,High,78,54,58,75
237498,66,1,1150,12.446,172,Left,High,69,59,58,71
232580,79,2,2731,45.064,75 in,Left,Medium,68,36,31,52
241920,53,1,1015,10,72 in,Right,Medium,65,21,15,35
241130,74,1,1468,22.775,179,Right,High,82,74,76,76
158305,60,1,1002,10.815,180,Right,Medium,49,55,51,55
230373,76,1,1612,28.212,68 in,Right,High,72,69,69,75
205255,60,1,1021,10.815,181,Right,High,76,59,58,58
242302,62,1,1053,10.272,70 in,Right,Medium,68,50,46,63
223852,62,1,1039,11.359,193,Right,Medium,53,27,21,40
206653,68,1,1100,17.339,74 in,Right,High,72,64,65,67
213666,75,1,1540,49.957,191,Right,Medium,65,67,66,80
247330,57,1,1026,10.109,73 in,Right,Medium,70,35,32,51
227803,73,1,1230,10.272,67 in,Right,Medium,79,64,68,80
253274,72,1,1165,10.815,187,Left,High,77,65,70,79
248831,71,1,1252,12.99,78 in,Right,Medium,33,45,41,50
215391,70,1,1078,14.077,195,Left,Medium,34,46,38,53
201153,83,3,3669,55.393,75 in,Right,Medium,82,80,84,83
188336,68,1,1058,10.815,184,Right,Low,59,34,22,32
184469,69,1,1069,20.601,176,Left,Medium,59,69,63,65
232291,62,1,1022,10.815,71 in,Right,Medium,67,62,63,66
263553,64,1,1060,10.815,183,Right,Medium,71,68,66,61
263550,61,1,1049,13.534,185,Right,Medium,62,34,28,43
199206,78,3,1648,32.561,184,Right,Medium,73,40,41,53
247179,57,1,1028,10.815,180,Right,Medium,57,56,55,58
189456,75,1,1338,42.346,188,Left,Medium,50,35,26,53
238037,67,1,1136,11.903,181,Right,Low,50,40,36,41
263443,58,1,1031,10,175,Right,Medium,66,27,24,55
204030,72,1,1179,15.165,173,Right,Medium,77,61,54,73
236699,75,1,1612,27.668,72 in,Right,Medium,64,63,59,79
255779,66,1,1129,10.815,69 in,Right,Medium,79,47,52,57
211067,65,1,1058,11.903,75 in,Right,Medium,65,34,23,44
256036,60,1,1040,11.359,180,Right,Medium,57,47,44,64
234017,69,1,1062,14.077,70 in,Right,Medium,64,60,56,66
192070,64,1,1042,10.272,185,Right,Medium,69,37,40,28
241042,75,1,1829,33.648,178,Right,Medium,62,46,41,64
259327,60,1,1042,10.272,76 in,Right,Medium,73,55,62,63
258377,58,1,1046,10.272,187,Right,Medium,76,57,58,62
238490,71,1,1215,15.708,171,Right,High,75,65,64,71
205756,72,1,1172,21.144,74 in,Left,Medium,53,56,46,63
234894,69,1,1223,18.426,74 in,Left,Medium,67,60,58,69
234196,67,1,1107,11.903,67 in,Right,Medium,68,63,64,70
235719,71,1,1201,14.621,69 in,Right,High,82,68,61,73
209232,69,1,1114,12.446,74 in,Right,Medium,62,29,23,40
247634,52,1,1006,10,184,Right,Medium,55,24,19,32
205291,66,1,1078,10.815,180,Right,Medium,60,60,55,65
256728,59,1,1035,11.359,183,Right,Medium,61,50,46,69
173030,75,1,1201,19.514,71 in,Right,High,71,72,70,78
256135,56,1,1019,10.109,72 in,Right,Medium,65,25,21,32
263713,56,1,1026,10.815,182,Left,Medium,79,46,45,58
263156,62,1,1053,10.815,169,Right,High,65,40,33,64
221197,68,1,1122,12.99,185,Right,Medium,87,62,63,70
236832,66,1,1067,12.446,176,Right,Medium,78,38,32,58
208093,86,2,5907,49.413,71 in,Left,High,79,86,89,86
211006,64,1,1037,11.903,70 in,Left,High,72,49,44,68
259648,52,1,1013,10,160,Right,Medium,73,38,38,49
248166,63,1,1078,10.815,70 in,Right,High,62,52,50,62
260190,58,1,1026,10.082,190,Right,Medium,61,32,25,50
261753,63,1,1093,14.077,177,Right,Medium,83,62,62,64
239460,60,1,1024,10.272,69 in,Left,Medium,64,51,46,65
201208,70,1,1107,11.903,188,Right,Medium,66,44,36,46
263356,56,1,1024,10,178,Right,Medium,66,48,51,59
198949,74,2,1266,33.648,178,Right,High,75,62,63,75
252498,60,1,1042,10.272,175,Left,Medium,80,52,55,59
252108,69,1,1237,12.99,168,Right,Medium,73,58,57,76
200440,68,1,1086,12.99,180,Left,Medium,74,66,66,73
240967,63,1,1078,10.815,75 in,Right,High,75,61,62,63
239978,74,1,1685,23.863,72 in,Left,High,86,72,77,72
234281,65,1,1049,10.815,175,Right,Medium,80,64,58,71
205943,73,2,1150,22.232,184,Right,Medium,56,62,56,59
243596,57,1,1024,10,70 in,Right,Medium,62,51,52,58
155976,67,1,1028,10.815,73 in,Left,Medium,34,68,62,62
238117,61,1,1049,10.815,180,Right,Medium,72,42,39,57
201066,70,1,1093,17.883,171,Right,Medium,63,66,65,69
240278,62,1,1058,10.272,73 in,Right,Medium,77,27,22,34
216145,79,2,2154,35.279,72 in,Right,Medium,70,33,19,63
188955,76,1,1468,15.165,178,Right,Medium,76,79,77,76
264075,49,1,1006,10,182,Right,High,64,25,18,38
206058,76,2,1504,41.259,72 in,Right,Medium,68,46,33,74
229361,67,1,1093,11.359,72 in,Right,Medium,52,54,48,68
224361,65,1,1071,11.903,176,Right,High,77,53,52,67
213160,78,1,2081,37.454,72 in,Right,High,76,64,62,77
247150,73,1,1468,15.708,175,Right,High,83,51,48,76
200704,62,1,1022,10.272,72 in,Right,Medium,68,60,64,67
204838,83,3,3561,74.964,74 in,Right,High,72,82,84,84
221743,74,2,1324,41.259,70 in,Left,Medium,85,67,65,77
238865,66,1,1071,10,74 in,Right,Low,61,30,26,27
200689,70,1,1100,14.621,73 in,Right,High,79,65,58,66
262910,61,1,1037,10.272,71 in,Left,High,70,56,59,64
